-- phpMyAdmin SQL Dump
-- version 5.1.1
-- https://www.phpmyadmin.net/
--
-- Host: 127.0.0.1
-- Generation Time: Nov 04, 2021 at 12:44 PM
-- Server version: 10.4.21-MariaDB
-- PHP Version: 8.0.11

SET SQL_MODE = "NO_AUTO_VALUE_ON_ZERO";
START TRANSACTION;
SET time_zone = "+00:00";


/*!40101 SET @OLD_CHARACTER_SET_CLIENT=@@CHARACTER_SET_CLIENT */;
/*!40101 SET @OLD_CHARACTER_SET_RESULTS=@@CHARACTER_SET_RESULTS */;
/*!40101 SET @OLD_COLLATION_CONNECTION=@@COLLATION_CONNECTION */;
/*!40101 SET NAMES utf8mb4 */;

--
-- Database: `property_valuation`
--

-- --------------------------------------------------------

--
-- Table structure for table `authentication_user`
--

CREATE TABLE `authentication_user` (
  `id` bigint(20) NOT NULL,
  `password` varchar(128) NOT NULL,
  `last_login` datetime(6) DEFAULT NULL,
  `is_superuser` tinyint(1) NOT NULL,
  `username` varchar(150) NOT NULL,
  `first_name` varchar(150) NOT NULL,
  `last_name` varchar(150) NOT NULL,
  `email` varchar(254) NOT NULL,
  `is_staff` tinyint(1) NOT NULL,
  `is_active` tinyint(1) NOT NULL,
  `date_joined` datetime(6) NOT NULL,
  `verified` tinyint(1) NOT NULL,
  `certification_text` longtext DEFAULT NULL,
  `certification_number` varchar(50) DEFAULT NULL,
  `profile_picture` varchar(100) NOT NULL,
  `stamp` varchar(100) NOT NULL,
  `is_inspector` tinyint(1) NOT NULL
) ENGINE=InnoDB DEFAULT CHARSET=utf8mb4;

--
-- Dumping data for table `authentication_user`
--

INSERT INTO `authentication_user` (`id`, `password`, `last_login`, `is_superuser`, `username`, `first_name`, `last_name`, `email`, `is_staff`, `is_active`, `date_joined`, `verified`, `certification_text`, `certification_number`, `profile_picture`, `stamp`, `is_inspector`) VALUES
(1, 'pbkdf2_sha256$260000$NmaPQRu4Fknp7Eyu68ZitO$pkdP/LENa7Ink4vqc7NvlNQu8DoETs91K4BCfecUbrQ=', '2021-11-04 11:10:54.866174', 1, 'naeem', 'Siddique', 'Naeem', 'naeem@gmail.com', 1, 1, '2021-09-13 12:00:28.843857', 0, NULL, NULL, '', '', 0),
(2, 'pbkdf2_sha256$260000$rM8DYpz6JLH1soF71duWQ3$jGUrAQZ0CVPbV1xQYNW68Wkw5xRri8mVdCv2BPVhQ7w=', NULL, 0, 'jhondoe', 'Jhon', 'Doe', 'jhon.doe@gmail.com', 0, 1, '2021-09-14 11:35:49.419113', 1, 'if you are appreciating a person for thirty years of service, then be sure to know some of the finer points, such as in what month they started, who hired them, when did you first meet them, etc.', '456789', 'agents/inspector.jpg', 'agents/stamp/images_0QWyACm.jpg', 1);

-- --------------------------------------------------------

--
-- Table structure for table `authentication_user_groups`
--

CREATE TABLE `authentication_user_groups` (
  `id` bigint(20) NOT NULL,
  `user_id` bigint(20) NOT NULL,
  `group_id` int(11) NOT NULL
) ENGINE=InnoDB DEFAULT CHARSET=utf8mb4;

-- --------------------------------------------------------

--
-- Table structure for table `authentication_user_user_permissions`
--

CREATE TABLE `authentication_user_user_permissions` (
  `id` bigint(20) NOT NULL,
  `user_id` bigint(20) NOT NULL,
  `permission_id` int(11) NOT NULL
) ENGINE=InnoDB DEFAULT CHARSET=utf8mb4;

-- --------------------------------------------------------

--
-- Table structure for table `auth_group`
--

CREATE TABLE `auth_group` (
  `id` int(11) NOT NULL,
  `name` varchar(150) NOT NULL
) ENGINE=InnoDB DEFAULT CHARSET=utf8mb4;

-- --------------------------------------------------------

--
-- Table structure for table `auth_group_permissions`
--

CREATE TABLE `auth_group_permissions` (
  `id` bigint(20) NOT NULL,
  `group_id` int(11) NOT NULL,
  `permission_id` int(11) NOT NULL
) ENGINE=InnoDB DEFAULT CHARSET=utf8mb4;

-- --------------------------------------------------------

--
-- Table structure for table `auth_permission`
--

CREATE TABLE `auth_permission` (
  `id` int(11) NOT NULL,
  `name` varchar(255) NOT NULL,
  `content_type_id` int(11) NOT NULL,
  `codename` varchar(100) NOT NULL
) ENGINE=InnoDB DEFAULT CHARSET=utf8mb4;

--
-- Dumping data for table `auth_permission`
--

INSERT INTO `auth_permission` (`id`, `name`, `content_type_id`, `codename`) VALUES
(1, 'Can add log entry', 1, 'add_logentry'),
(2, 'Can change log entry', 1, 'change_logentry'),
(3, 'Can delete log entry', 1, 'delete_logentry'),
(4, 'Can view log entry', 1, 'view_logentry'),
(5, 'Can add permission', 2, 'add_permission'),
(6, 'Can change permission', 2, 'change_permission'),
(7, 'Can delete permission', 2, 'delete_permission'),
(8, 'Can view permission', 2, 'view_permission'),
(9, 'Can add group', 3, 'add_group'),
(10, 'Can change group', 3, 'change_group'),
(11, 'Can delete group', 3, 'delete_group'),
(12, 'Can view group', 3, 'view_group'),
(13, 'Can add content type', 4, 'add_contenttype'),
(14, 'Can change content type', 4, 'change_contenttype'),
(15, 'Can delete content type', 4, 'delete_contenttype'),
(16, 'Can view content type', 4, 'view_contenttype'),
(17, 'Can add session', 5, 'add_session'),
(18, 'Can change session', 5, 'change_session'),
(19, 'Can delete session', 5, 'delete_session'),
(20, 'Can view session', 5, 'view_session'),
(21, 'Can add user', 6, 'add_user'),
(22, 'Can change user', 6, 'change_user'),
(23, 'Can delete user', 6, 'delete_user'),
(24, 'Can view user', 6, 'view_user'),
(25, 'Can add area', 7, 'add_area'),
(26, 'Can change area', 7, 'change_area'),
(27, 'Can delete area', 7, 'delete_area'),
(28, 'Can view area', 7, 'view_area'),
(29, 'Can add city', 8, 'add_city'),
(30, 'Can change city', 8, 'change_city'),
(31, 'Can delete city', 8, 'delete_city'),
(32, 'Can view city', 8, 'view_city'),
(33, 'Can add evaluare form', 9, 'add_evaluareform'),
(34, 'Can change evaluare form', 9, 'change_evaluareform'),
(35, 'Can delete evaluare form', 9, 'delete_evaluareform'),
(36, 'Can view evaluare form', 9, 'view_evaluareform'),
(37, 'Can add residential attr', 10, 'add_residentialattr'),
(38, 'Can change residential attr', 10, 'change_residentialattr'),
(39, 'Can delete residential attr', 10, 'delete_residentialattr'),
(40, 'Can view residential attr', 10, 'view_residentialattr'),
(41, 'Can add valuation summary', 11, 'add_valuationsummary'),
(42, 'Can change valuation summary', 11, 'change_valuationsummary'),
(43, 'Can delete valuation summary', 11, 'delete_valuationsummary'),
(44, 'Can view valuation summary', 11, 'view_valuationsummary'),
(45, 'Can add suprafete', 12, 'add_suprafete'),
(46, 'Can change suprafete', 12, 'change_suprafete'),
(47, 'Can delete suprafete', 12, 'delete_suprafete'),
(48, 'Can view suprafete', 12, 'view_suprafete'),
(49, 'Can add sourceof information', 13, 'add_sourceofinformation'),
(50, 'Can change sourceof information', 13, 'change_sourceofinformation'),
(51, 'Can delete sourceof information', 13, 'delete_sourceofinformation'),
(52, 'Can view sourceof information', 13, 'view_sourceofinformation'),
(53, 'Can add residential attr value', 14, 'add_residentialattrvalue'),
(54, 'Can change residential attr value', 14, 'change_residentialattrvalue'),
(55, 'Can delete residential attr value', 14, 'delete_residentialattrvalue'),
(56, 'Can view residential attr value', 14, 'view_residentialattrvalue'),
(57, 'Can add residential attr file', 15, 'add_residentialattrfile'),
(58, 'Can change residential attr file', 15, 'change_residentialattrfile'),
(59, 'Can delete residential attr file', 15, 'delete_residentialattrfile'),
(60, 'Can view residential attr file', 15, 'view_residentialattrfile'),
(61, 'Can add presentation data', 16, 'add_presentationdata'),
(62, 'Can change presentation data', 16, 'change_presentationdata'),
(63, 'Can delete presentation data', 16, 'delete_presentationdata'),
(64, 'Can view presentation data', 16, 'view_presentationdata'),
(65, 'Can add photo', 17, 'add_photo'),
(66, 'Can change photo', 17, 'change_photo'),
(67, 'Can delete photo', 17, 'delete_photo'),
(68, 'Can view photo', 17, 'view_photo'),
(69, 'Can add custom field value', 18, 'add_customfieldvalue'),
(70, 'Can change custom field value', 18, 'change_customfieldvalue'),
(71, 'Can delete custom field value', 18, 'delete_customfieldvalue'),
(72, 'Can view custom field value', 18, 'view_customfieldvalue'),
(73, 'Can add custom field file', 19, 'add_customfieldfile'),
(74, 'Can change custom field file', 19, 'change_customfieldfile'),
(75, 'Can delete custom field file', 19, 'delete_customfieldfile'),
(76, 'Can view custom field file', 19, 'view_customfieldfile'),
(77, 'Can add construction', 20, 'add_construction'),
(78, 'Can change construction', 20, 'change_construction'),
(79, 'Can delete construction', 20, 'delete_construction'),
(80, 'Can view construction', 20, 'view_construction'),
(81, 'Can add comparable table', 21, 'add_comparabletable'),
(82, 'Can change comparable table', 21, 'change_comparabletable'),
(83, 'Can delete comparable table', 21, 'delete_comparabletable'),
(84, 'Can view comparable table', 21, 'view_comparabletable'),
(85, 'Can add comparable property', 22, 'add_comparableproperty'),
(86, 'Can change comparable property', 22, 'change_comparableproperty'),
(87, 'Can delete comparable property', 22, 'delete_comparableproperty'),
(88, 'Can view comparable property', 22, 'view_comparableproperty'),
(89, 'Can add anexa', 23, 'add_anexa'),
(90, 'Can change anexa', 23, 'change_anexa'),
(91, 'Can delete anexa', 23, 'delete_anexa'),
(92, 'Can view anexa', 23, 'view_anexa'),
(93, 'Can add market analysis', 24, 'add_marketanalysis'),
(94, 'Can change market analysis', 24, 'change_marketanalysis'),
(95, 'Can delete market analysis', 24, 'delete_marketanalysis'),
(96, 'Can view market analysis', 24, 'view_marketanalysis'),
(97, 'Can add invelitoare type', 25, 'add_invelitoaretype'),
(98, 'Can change invelitoare type', 25, 'change_invelitoaretype'),
(99, 'Can delete invelitoare type', 25, 'delete_invelitoaretype'),
(100, 'Can view invelitoare type', 25, 'view_invelitoaretype'),
(101, 'Can add transport', 26, 'add_transport'),
(102, 'Can change transport', 26, 'change_transport'),
(103, 'Can delete transport', 26, 'delete_transport'),
(104, 'Can view transport', 26, 'view_transport'),
(105, 'Can add property type', 27, 'add_propertytype'),
(106, 'Can change property type', 27, 'change_propertytype'),
(107, 'Can delete property type', 27, 'delete_propertytype'),
(108, 'Can view property type', 27, 'view_propertytype'),
(109, 'Can add conform type', 28, 'add_conformtype'),
(110, 'Can change conform type', 28, 'change_conformtype'),
(111, 'Can delete conform type', 28, 'delete_conformtype'),
(112, 'Can view conform type', 28, 'view_conformtype'),
(113, 'Can add floor type', 29, 'add_floortype'),
(114, 'Can change floor type', 29, 'change_floortype'),
(115, 'Can delete floor type', 29, 'delete_floortype'),
(116, 'Can view floor type', 29, 'view_floortype'),
(117, 'Can add valuation summary', 30, 'add_valuationsummary'),
(118, 'Can change valuation summary', 30, 'change_valuationsummary'),
(119, 'Can delete valuation summary', 30, 'delete_valuationsummary'),
(120, 'Can view valuation summary', 30, 'view_valuationsummary'),
(121, 'Can add anexa', 31, 'add_anexa'),
(122, 'Can change anexa', 31, 'change_anexa'),
(123, 'Can delete anexa', 31, 'delete_anexa'),
(124, 'Can view anexa', 31, 'view_anexa'),
(125, 'Can add photo', 32, 'add_photo'),
(126, 'Can change photo', 32, 'change_photo'),
(127, 'Can delete photo', 32, 'delete_photo'),
(128, 'Can view photo', 32, 'view_photo'),
(129, 'Can add valuated property', 33, 'add_valuatedproperty'),
(130, 'Can change valuated property', 33, 'change_valuatedproperty'),
(131, 'Can delete valuated property', 33, 'delete_valuatedproperty'),
(132, 'Can view valuated property', 33, 'view_valuatedproperty'),
(133, 'Can add valuation approach', 34, 'add_valuationapproach'),
(134, 'Can change valuation approach', 34, 'change_valuationapproach'),
(135, 'Can delete valuation approach', 34, 'delete_valuationapproach'),
(136, 'Can view valuation approach', 34, 'view_valuationapproach'),
(137, 'Can add construction', 35, 'add_construction'),
(138, 'Can change construction', 35, 'change_construction'),
(139, 'Can delete construction', 35, 'delete_construction'),
(140, 'Can view construction', 35, 'view_construction'),
(141, 'Can add property right type', 36, 'add_propertyrighttype'),
(142, 'Can change property right type', 36, 'change_propertyrighttype'),
(143, 'Can delete property right type', 36, 'delete_propertyrighttype'),
(144, 'Can view property right type', 36, 'view_propertyrighttype'),
(145, 'Can add market analysis', 37, 'add_marketanalysis'),
(146, 'Can change market analysis', 37, 'change_marketanalysis'),
(147, 'Can delete market analysis', 37, 'delete_marketanalysis'),
(148, 'Can view market analysis', 37, 'view_marketanalysis'),
(149, 'Can add subcompartment type', 38, 'add_subcompartmenttype'),
(150, 'Can change subcompartment type', 38, 'change_subcompartmenttype'),
(151, 'Can delete subcompartment type', 38, 'delete_subcompartmenttype'),
(152, 'Can view subcompartment type', 38, 'view_subcompartmenttype'),
(153, 'Can add clouser type', 39, 'add_clousertype'),
(154, 'Can change clouser type', 39, 'change_clousertype'),
(155, 'Can delete clouser type', 39, 'delete_clousertype'),
(156, 'Can view clouser type', 39, 'view_clousertype'),
(157, 'Can add city', 40, 'add_city'),
(158, 'Can change city', 40, 'change_city'),
(159, 'Can delete city', 40, 'delete_city'),
(160, 'Can view city', 40, 'view_city'),
(161, 'Can add comparable table', 41, 'add_comparabletable'),
(162, 'Can change comparable table', 41, 'change_comparabletable'),
(163, 'Can delete comparable table', 41, 'delete_comparabletable'),
(164, 'Can view comparable table', 41, 'view_comparabletable'),
(165, 'Can add compartimentare value', 42, 'add_compartimentarevalue'),
(166, 'Can change compartimentare value', 42, 'change_compartimentarevalue'),
(167, 'Can delete compartimentare value', 42, 'delete_compartimentarevalue'),
(168, 'Can view compartimentare value', 42, 'view_compartimentarevalue'),
(169, 'Can add compartimentare', 43, 'add_compartimentare'),
(170, 'Can change compartimentare', 43, 'change_compartimentare'),
(171, 'Can delete compartimentare', 43, 'delete_compartimentare'),
(172, 'Can view compartimentare', 43, 'view_compartimentare'),
(173, 'Can add strada type', 44, 'add_stradatype'),
(174, 'Can change strada type', 44, 'change_stradatype'),
(175, 'Can delete strada type', 44, 'delete_stradatype'),
(176, 'Can view strada type', 44, 'view_stradatype'),
(177, 'Can add foundation type', 45, 'add_foundationtype'),
(178, 'Can change foundation type', 45, 'change_foundationtype'),
(179, 'Can delete foundation type', 45, 'delete_foundationtype'),
(180, 'Can view foundation type', 45, 'view_foundationtype'),
(181, 'Can add status', 46, 'add_status'),
(182, 'Can change status', 46, 'change_status'),
(183, 'Can delete status', 46, 'delete_status'),
(184, 'Can view status', 46, 'view_status'),
(185, 'Can add heating system', 47, 'add_heatingsystem'),
(186, 'Can change heating system', 47, 'change_heatingsystem'),
(187, 'Can delete heating system', 47, 'delete_heatingsystem'),
(188, 'Can view heating system', 47, 'view_heatingsystem'),
(189, 'Can add anexa2', 48, 'add_anexa2'),
(190, 'Can change anexa2', 48, 'change_anexa2'),
(191, 'Can delete anexa2', 48, 'delete_anexa2'),
(192, 'Can view anexa2', 48, 'view_anexa2'),
(193, 'Can add presentation data', 49, 'add_presentationdata'),
(194, 'Can change presentation data', 49, 'change_presentationdata'),
(195, 'Can delete presentation data', 49, 'delete_presentationdata'),
(196, 'Can view presentation data', 49, 'view_presentationdata'),
(197, 'Can add custom field value', 50, 'add_customfieldvalue'),
(198, 'Can change custom field value', 50, 'change_customfieldvalue'),
(199, 'Can delete custom field value', 50, 'delete_customfieldvalue'),
(200, 'Can view custom field value', 50, 'view_customfieldvalue'),
(201, 'Can add finish type', 51, 'add_finishtype'),
(202, 'Can change finish type', 51, 'change_finishtype'),
(203, 'Can delete finish type', 51, 'delete_finishtype'),
(204, 'Can view finish type', 51, 'view_finishtype'),
(205, 'Can add compartment type', 52, 'add_compartmenttype'),
(206, 'Can change compartment type', 52, 'change_compartmenttype'),
(207, 'Can delete compartment type', 52, 'delete_compartmenttype'),
(208, 'Can view compartment type', 52, 'view_compartmenttype'),
(209, 'Can add roof type', 53, 'add_rooftype'),
(210, 'Can change roof type', 53, 'change_rooftype'),
(211, 'Can delete roof type', 53, 'delete_rooftype'),
(212, 'Can view roof type', 53, 'view_rooftype'),
(213, 'Can add comparable property', 54, 'add_comparableproperty'),
(214, 'Can change comparable property', 54, 'change_comparableproperty'),
(215, 'Can delete comparable property', 54, 'delete_comparableproperty'),
(216, 'Can view comparable property', 54, 'view_comparableproperty'),
(217, 'Can add sourceof information', 55, 'add_sourceofinformation'),
(218, 'Can change sourceof information', 55, 'change_sourceofinformation'),
(219, 'Can delete sourceof information', 55, 'delete_sourceofinformation'),
(220, 'Can view sourceof information', 55, 'view_sourceofinformation'),
(221, 'Can add suprafete', 56, 'add_suprafete'),
(222, 'Can change suprafete', 56, 'change_suprafete'),
(223, 'Can delete suprafete', 56, 'delete_suprafete'),
(224, 'Can view suprafete', 56, 'view_suprafete'),
(225, 'Can add structure type', 57, 'add_structuretype'),
(226, 'Can change structure type', 57, 'change_structuretype'),
(227, 'Can delete structure type', 57, 'delete_structuretype'),
(228, 'Can view structure type', 57, 'view_structuretype'),
(229, 'Can add mobila type', 58, 'add_mobilatype'),
(230, 'Can change mobila type', 58, 'change_mobilatype'),
(231, 'Can delete mobila type', 58, 'delete_mobilatype'),
(232, 'Can view mobila type', 58, 'view_mobilatype'),
(233, 'Can add valuation purpose', 59, 'add_valuationpurpose'),
(234, 'Can change valuation purpose', 59, 'change_valuationpurpose'),
(235, 'Can delete valuation purpose', 59, 'delete_valuationpurpose'),
(236, 'Can view valuation purpose', 59, 'view_valuationpurpose'),
(237, 'Can add area', 60, 'add_area'),
(238, 'Can change area', 60, 'change_area'),
(239, 'Can delete area', 60, 'delete_area'),
(240, 'Can view area', 60, 'view_area'),
(241, 'Can add additional equipment', 61, 'add_additionalequipment'),
(242, 'Can change additional equipment', 61, 'change_additionalequipment'),
(243, 'Can delete additional equipment', 61, 'delete_additionalequipment'),
(244, 'Can view additional equipment', 61, 'view_additionalequipment'),
(245, 'Can add utility', 62, 'add_utility'),
(246, 'Can change utility', 62, 'change_utility'),
(247, 'Can delete utility', 62, 'delete_utility'),
(248, 'Can view utility', 62, 'view_utility'),
(249, 'Can add summary value', 63, 'add_summaryvalue'),
(250, 'Can change summary value', 63, 'change_summaryvalue'),
(251, 'Can delete summary value', 63, 'delete_summaryvalue'),
(252, 'Can view summary value', 63, 'view_summaryvalue'),
(253, 'Can add mvb table', 64, 'add_mvbtable'),
(254, 'Can change mvb table', 64, 'change_mvbtable'),
(255, 'Can delete mvb table', 64, 'delete_mvbtable'),
(256, 'Can view mvb table', 64, 'view_mvbtable');

-- --------------------------------------------------------

--
-- Table structure for table `dashboard_anexa`
--

CREATE TABLE `dashboard_anexa` (
  `id` bigint(20) NOT NULL,
  `refer_to` varchar(55) DEFAULT NULL,
  `file_name` varchar(100) NOT NULL,
  `ref_no_id` bigint(20) NOT NULL
) ENGINE=InnoDB DEFAULT CHARSET=utf8mb4;

-- --------------------------------------------------------

--
-- Table structure for table `dashboard_area`
--

CREATE TABLE `dashboard_area` (
  `id` bigint(20) NOT NULL,
  `auto` varchar(3) DEFAULT NULL,
  `name` varchar(255) DEFAULT NULL
) ENGINE=InnoDB DEFAULT CHARSET=utf8mb4;

--
-- Dumping data for table `dashboard_area`
--

INSERT INTO `dashboard_area` (`id`, `auto`, `name`) VALUES
(1, 'AB', 'Alba'),
(2, 'AR', 'Arad'),
(3, 'AG', 'Argeş'),
(4, 'BC', 'Bacău'),
(5, 'BH', 'Bihor'),
(6, 'BN', 'Bistriţa-Năsăud'),
(7, 'BT', 'Botoşani'),
(8, 'BR', 'Brăila'),
(9, 'BV', 'Braşov'),
(10, 'B', 'Bucureşti'),
(11, 'BZ', 'Buzău'),
(12, 'CL', 'Călăraşi'),
(13, 'CS', 'Caraş-Severin'),
(14, 'CJ', 'Cluj'),
(15, 'CT', 'Constanţa'),
(16, 'CV', 'Covasna'),
(17, 'DB', 'Dâmboviţa'),
(18, 'DJ', 'Dolj'),
(19, 'GL', 'Galaţi'),
(20, 'GR', 'Giurgiu'),
(21, 'GJ', 'Gorj'),
(22, 'HR', 'Harghita'),
(23, 'HD', 'Hunedoara'),
(24, 'IL', 'Ialomiţa'),
(25, 'IS', 'Iaşi'),
(26, 'IF', 'Ilfov'),
(27, 'MM', 'Maramureş'),
(28, 'MH', 'Mehedinţi'),
(29, 'MS', 'Mureş'),
(30, 'NT', 'Neamţ'),
(31, 'OT', 'Olt'),
(32, 'PH', 'Prahova'),
(33, 'SJ', 'Sălaj'),
(34, 'SM', 'Satu Mare'),
(35, 'SB', 'Sibiu'),
(36, 'SV', 'Suceava'),
(37, 'TR', 'Teleorman'),
(38, 'TM', 'Timiş'),
(39, 'TL', 'Tulcea'),
(40, 'VL', 'Vâlcea'),
(41, 'VS', 'Vaslui'),
(42, 'VN', 'Vrancea');

-- --------------------------------------------------------

--
-- Table structure for table `dashboard_city`
--

CREATE TABLE `dashboard_city` (
  `id` bigint(20) NOT NULL,
  `name` varchar(155) DEFAULT NULL,
  `area_id` bigint(20) NOT NULL
) ENGINE=InnoDB DEFAULT CHARSET=utf8mb4;

--
-- Dumping data for table `dashboard_city`
--

INSERT INTO `dashboard_city` (`id`, `name`, `area_id`) VALUES
(1, 'Abrud', 1),
(2, 'Aiud', 1),
(3, 'Alba Iulia', 1),
(4, 'Albac', 1),
(5, 'Almaşu Mare', 1),
(6, 'Arieşeni', 1),
(7, 'Avram Iancu', 1),
(8, 'Baia de Arieş', 1),
(9, 'Berghin', 1),
(10, 'Bistra', 1),
(11, 'Blaj', 1),
(12, 'Blandiana', 1),
(13, 'Bucium', 1),
(14, 'Cenade', 1),
(15, 'Ceru-Băcăinţi', 1),
(16, 'Cetatea de Baltă', 1),
(17, 'Ciugud', 1),
(18, 'Ciuruleasa', 1),
(19, 'Cricău', 1),
(20, 'Crăciunelu de Jos', 1),
(21, 'Cugir', 1),
(22, 'Câlnic', 1),
(23, 'Câmpeni', 1),
(24, 'Daia Română', 1),
(25, 'Doştat', 1),
(26, 'Fărău', 1),
(27, 'Galda de Jos', 1),
(28, 'Gârbova', 1),
(29, 'Gârda de Sus', 1),
(30, 'Hopârta', 1),
(31, 'Horea', 1),
(32, 'Ighiu', 1),
(33, 'Jidvei', 1),
(34, 'Livezile', 1),
(35, 'Lopadea Nouă', 1),
(36, 'Lunca Mureşului', 1),
(37, 'Lupşa', 1),
(38, 'Meteş', 1),
(39, 'Mihalţ', 1),
(40, 'Mirăslău', 1),
(41, 'Mogoş', 1),
(42, 'Noşlac', 1),
(43, 'Ocna Mureş', 1),
(44, 'Ocoliş', 1),
(45, 'Ohaba', 1),
(46, 'Poiana Vadului', 1),
(47, 'Ponor', 1),
(48, 'Roşia Montană', 1),
(49, 'Roşia de Secaş', 1),
(50, 'Râmetea', 1),
(51, 'Râmeţ', 1),
(52, 'Rădeşti', 1),
(53, 'Scărişoara', 1),
(54, 'Sebeş', 1),
(55, 'Sohodol', 1),
(56, 'Stremţ', 1),
(57, 'Sâncel', 1),
(58, 'Sântimbru', 1),
(59, 'Săliştea', 1),
(60, 'Săsciori', 1),
(61, 'Teiuş', 1),
(62, 'Unirea', 1),
(63, 'Vadu Moţilor', 1),
(64, 'Valea Lungă', 1),
(65, 'Vidra', 1),
(66, 'Vinţu de Jos', 1),
(67, 'Zlatna', 1),
(68, 'Întregalde', 1),
(69, 'Şibot', 1),
(70, 'Şona', 1),
(71, 'Şpring', 1),
(72, 'Şugag', 1),
(73, 'Abrud-Sat', 1),
(74, 'Gura Cornei', 1),
(75, 'Soharu', 1),
(76, 'Aiudul de Sus', 1),
(77, 'Ciumbrud', 1),
(78, 'Gâmbaş', 1),
(79, 'Gârbova de Jos', 1),
(80, 'Gârbova de Sus', 1),
(81, 'Gârboviţa', 1),
(82, 'Măgina', 1),
(83, 'Păgida', 1),
(84, 'Sâncrai', 1),
(85, 'Ţifra', 1),
(86, 'Bărăbanţ', 1),
(87, 'Miceşti', 1),
(88, 'Oarda', 1),
(89, 'Pâclişa', 1),
(90, 'Budăieşti', 1),
(91, 'Bărăşti', 1),
(92, 'Cioneşti', 1),
(93, 'Costeşti', 1),
(94, 'Dealu Lămăşoi', 1),
(95, 'Deve', 1),
(96, 'După Pleşe', 1),
(97, 'Faţa', 1),
(98, 'Pleşeşti', 1),
(99, 'Potionci', 1),
(100, 'Rogoz', 1),
(101, 'Roşeşti', 1),
(102, 'Ruseşti', 1),
(103, 'Sohodol', 1),
(104, 'Tamboreşti', 1),
(105, 'Almaşu de Mijloc', 1),
(106, 'Brădet', 1),
(107, 'Cheile Cibului', 1),
(108, 'Cib', 1),
(109, 'Glod', 1),
(110, 'Nădăştia', 1),
(111, 'Avrămeşti', 1),
(112, 'Bubeşti', 1),
(113, 'Casa de Piatră', 1),
(114, 'Cobleş', 1),
(115, 'Dealu Bajului', 1),
(116, 'Faţa Cristesei', 1),
(117, 'Faţa Lăpuşului', 1),
(118, 'Galbena', 1),
(119, 'Hodobana', 1),
(120, 'Izlaz', 1),
(121, 'Poieniţa', 1),
(122, 'Pănteşti', 1),
(123, 'Pătrăhăiţeşti', 1),
(124, 'Raviceşti', 1),
(125, 'Sturu', 1),
(126, 'Vanvuceşti', 1),
(127, 'Ştei-Arieşeni', 1),
(128, 'Achimeţeşti', 1),
(129, 'Avrămeşti', 1),
(130, 'Boldeşti', 1),
(131, 'Bădăi', 1),
(132, 'Coceşti', 1),
(133, 'Cocoşeşti', 1),
(134, 'Coroieşti', 1),
(135, 'Cândeşti', 1),
(136, 'Cârăşti', 1),
(137, 'Cârţuleşti', 1),
(138, 'Călugăreşti', 1),
(139, 'Căsoaia', 1),
(140, 'Dealu Crişului', 1),
(141, 'Doleşti', 1),
(142, 'Dumăceşti', 1),
(143, 'Gojeieşti', 1),
(144, 'Helereşti', 1),
(145, 'Inceşti', 1),
(146, 'Jojei', 1),
(147, 'Mărteşti', 1),
(148, 'Orgeşti', 1),
(149, 'Plai', 1),
(150, 'Puşeleşti', 1),
(151, 'Pătruţeşti', 1),
(152, 'Târsa', 1),
(153, 'Târsa-Plai', 1),
(154, 'Valea Maciului', 1),
(155, 'Valea Uţului', 1),
(156, 'Verdeşti', 1),
(157, 'Vidrişoara', 1),
(158, 'Şoiceşti', 1),
(159, 'Şterteşti', 1),
(160, 'Brăzeşti', 1),
(161, 'Cioara de Sus', 1),
(162, 'Muncelu', 1),
(163, 'Sartăş', 1),
(164, 'Simuleşti', 1),
(165, 'Ghirbom', 1),
(166, 'Henig', 1),
(167, 'Straja', 1),
(168, 'Aroneşti', 1),
(169, 'Bârleşti', 1),
(170, 'Băleşti', 1),
(171, 'Băleşti-Cătun', 1),
(172, 'Cheleteni', 1),
(173, 'Ciuldeşti', 1),
(174, 'Creţeşti', 1),
(175, 'Dealu Muntelui', 1),
(176, 'Durăşti', 1),
(177, 'Dâmbureni', 1),
(178, 'Gârde', 1),
(179, 'Găneşti', 1),
(180, 'Hodişeşti', 1),
(181, 'Hudriceşti', 1),
(182, 'Lipaia', 1),
(183, 'Lunca Largă', 1),
(184, 'Lunca Merilor', 1),
(185, 'Mihăieşti', 1),
(186, 'Novăceşti', 1),
(187, 'Nămaş', 1),
(188, 'Perjeşti', 1),
(189, 'Poiana', 1),
(190, 'Poiu', 1),
(191, 'Runcuri', 1),
(192, 'Rătitiş', 1),
(193, 'Sălăgeşti', 1),
(194, 'Tolăceşti', 1),
(195, 'Tomnatec', 1),
(196, 'Trişoreşti', 1),
(197, 'Vârşi-Rontu', 1),
(198, 'Vârşii Mari', 1),
(199, 'Vârşii Mici', 1),
(200, 'Ştefanca', 1),
(201, 'Ţărăneşti', 1),
(202, 'Deleni-Obârşie', 1),
(203, 'Fliteşti', 1),
(204, 'Izvoarele', 1),
(205, 'Mănărade', 1),
(206, 'Petrisat', 1),
(207, 'Spătac', 1),
(208, 'Tiur', 1),
(209, 'Veza', 1),
(210, 'Acmariu', 1),
(211, 'Ibru', 1),
(212, 'Poieni', 1),
(213, 'Răcătău', 1),
(214, 'Angheleşti', 1),
(215, 'Bisericani', 1),
(216, 'Bucium-Sat', 1),
(217, 'Cerbu', 1),
(218, 'Ciuculeşti', 1),
(219, 'Coleşeni', 1),
(220, 'Dogăreşti', 1),
(221, 'Fereşti', 1),
(222, 'Floreşti', 1),
(223, 'Gura Izbitei', 1),
(224, 'Heleşti', 1),
(225, 'Izbicioara', 1),
(226, 'Izbita', 1),
(227, 'Jurcuieşti', 1),
(228, 'Lupuleşti', 1),
(229, 'Muntari', 1),
(230, 'Măgura', 1),
(231, 'Petreni', 1),
(232, 'Poiana', 1),
(233, 'Poieni', 1),
(234, 'Stâlnişoara', 1),
(235, 'Valea Abruzel', 1),
(236, 'Valea Albă', 1),
(237, 'Valea Cerbului', 1),
(238, 'Valea Negrilesii', 1),
(239, 'Valea Poienii', 1),
(240, 'Valea Şesii', 1),
(241, 'Vâlcea', 1),
(242, 'Văleni', 1),
(243, 'Cut', 1),
(244, 'Deal', 1),
(245, 'Bonceşti', 1),
(246, 'Borleşti', 1),
(247, 'Boteşti', 1),
(248, 'Certege', 1),
(249, 'Coasta Vâscului', 1),
(250, 'Dealu Bistrii', 1),
(251, 'Dealu Capsei', 1),
(252, 'Dric', 1),
(253, 'Dănduţ', 1),
(254, 'Faţa Abrudului', 1),
(255, 'Floreşti', 1),
(256, 'Furduieşti', 1),
(257, 'Mihoeşti', 1),
(258, 'Motorăşti', 1),
(259, 'Peste Valea Bistrii', 1),
(260, 'Poduri', 1),
(261, 'Sorliţa', 1),
(262, 'Tomuşeşti', 1),
(263, 'Valea Bistrii', 1),
(264, 'Valea Caselor', 1),
(265, 'Vârşi', 1),
(266, 'Capu Dealului', 1),
(267, 'Gorgan', 1),
(268, 'Cergău Mare', 1),
(269, 'Cergău Mic', 1),
(270, 'Lupu', 1),
(271, 'Bolovăneşti', 1),
(272, 'Bulbuc', 1),
(273, 'Cucuta', 1),
(274, 'Curpeni', 1),
(275, 'Dumbrăviţa', 1),
(276, 'Fântânele', 1),
(277, 'Groşi', 1),
(278, 'Valea Mare', 1),
(279, 'Viezuri', 1),
(280, 'Craciunelu de Sus', 1),
(281, 'Sântămărie', 1),
(282, 'Tătârlaua', 1),
(283, 'Drâmbar', 1),
(284, 'Hăpria', 1),
(285, 'Limba', 1),
(286, 'Teleac', 1),
(287, 'Şeuşa', 1),
(288, 'Bidigeşti', 1),
(289, 'Bodreşti', 1),
(290, 'Bogleşti', 1),
(291, 'Buninginea', 1),
(292, 'Gheduleşti', 1),
(293, 'Morăreşti', 1),
(294, 'Mătişeşti', 1),
(295, 'Vulcan', 1),
(296, 'Bucerdea Grânoasă', 1),
(297, 'Cornu', 1),
(298, 'Pânca', 1),
(299, 'Pădure', 1),
(300, 'Craiva', 1),
(301, 'Tibru', 1),
(302, 'Bocşitura', 1),
(303, 'Bucuru', 1),
(304, 'Călene', 1),
(305, 'Feţeni', 1),
(306, 'Goaşele', 1),
(307, 'Mugeşti', 1),
(308, 'Vinerea', 1),
(309, 'Boz', 1),
(310, 'Dealu Doştatului', 1),
(311, 'Heria', 1),
(312, 'Medveş', 1),
(313, 'Sânbenedic', 1),
(314, 'Şilea', 1),
(315, 'Benic', 1),
(316, 'Cetea', 1),
(317, 'Galda de Sus', 1),
(318, 'Lupşeni', 1),
(319, 'Mesentea', 1),
(320, 'Măgura', 1),
(321, 'Oiejdea', 1),
(322, 'Poiana Galdei', 1),
(323, 'Răicani', 1),
(324, 'Zăgriş', 1),
(325, 'Cărpiniş', 1),
(326, 'Reciu', 1),
(327, 'Biharia', 1),
(328, 'Dealu Frumos', 1),
(329, 'Dealu Ordâncuşii', 1),
(330, 'Dobreşti', 1),
(331, 'Gheţari', 1),
(332, 'Gârda Seacă', 1),
(333, 'Hanăşeşti', 1),
(334, 'Huzăreşti', 1),
(335, 'Izvoarele', 1),
(336, 'Munună', 1),
(337, 'Ocoale', 1),
(338, 'Plai', 1),
(339, 'Plişti', 1),
(340, 'Scoarţa', 1),
(341, 'Snide', 1),
(342, 'Suceşti', 1),
(343, 'Silivaş', 1),
(344, 'Turdaş', 1),
(345, 'Vama Seacă', 1),
(346, 'Şpălnaca', 1),
(347, 'Baba', 1),
(348, 'Buteşti', 1),
(349, 'Dârleşti', 1),
(350, 'Fericet', 1),
(351, 'Giurgiuţ', 1),
(352, 'Mănceşti', 1),
(353, 'Mătişeşti', 1),
(354, 'Niculeşti', 1),
(355, 'Petreasa', 1),
(356, 'Preluca', 1),
(357, 'Pătruşeşti', 1),
(358, 'Teiu', 1),
(359, 'Trifeşti', 1),
(360, 'Zânzeşti', 1),
(361, 'Bucerdea Vânoasă', 1),
(362, 'Ighiel', 1),
(363, 'Şard', 1),
(364, 'Ţelna', 1),
(365, 'Dealu Geoagiului', 1),
(366, 'Ghioncani', 1),
(367, 'Ilieşti', 1),
(368, 'Ivăniş', 1),
(369, 'Modoleşti', 1),
(370, 'Mărineşti', 1),
(371, 'Necrileşti', 1),
(372, 'Popeşti', 1),
(373, 'Sfârcea', 1),
(374, 'Tecşeşti', 1),
(375, 'Bălcaciu', 1),
(376, 'Căpâlna de Jos', 1),
(377, 'Feisa', 1),
(378, 'Veseuş', 1),
(379, 'Izvoarele', 1),
(380, 'Poiana Aiudului', 1),
(381, 'Vălişoara', 1),
(382, 'Asinip', 1),
(383, 'Beţa', 1),
(384, 'Băgău', 1),
(385, 'Cicârd', 1),
(386, 'Ciuguzel', 1),
(387, 'Ocnişoara', 1),
(388, 'Odverem', 1),
(389, 'Gura Arieşului', 1),
(390, 'Bârdeşti', 1),
(391, 'Bârzan', 1),
(392, 'Curmătură', 1),
(393, 'După Deal', 1),
(394, 'Geamăna', 1),
(395, 'Holobani', 1),
(396, 'Hădărău', 1),
(397, 'Lazuri', 1),
(398, 'Lunca', 1),
(399, 'Muşca', 1),
(400, 'Mănăstire', 1),
(401, 'Mărgaia', 1),
(402, 'Piţiga', 1),
(403, 'Poşogani', 1),
(404, 'Pârâu-Cărbunări', 1),
(405, 'Trifeşti', 1),
(406, 'Valea Holhorii', 1),
(407, 'Valea Lupşii', 1),
(408, 'Valea Şesii', 1),
(409, 'Vinţa', 1),
(410, 'Văi', 1),
(411, 'Şasa', 1),
(412, 'Ampoiţa', 1),
(413, 'Isca', 1),
(414, 'Lunca Ampoiţei', 1),
(415, 'Lunca Meteşului', 1),
(416, 'Poiana Ampoiului', 1),
(417, 'Poiana Ursului', 1),
(418, 'Presaca Ampoiului', 1),
(419, 'Pădurea', 1),
(420, 'Remetea', 1),
(421, 'Tăuţi', 1),
(422, 'Văleni', 1),
(423, 'Cistei', 1),
(424, 'Obreja', 1),
(425, 'Zărieş', 1),
(426, 'Cicău', 1),
(427, 'Decea', 1),
(428, 'Lopadea Veche', 1),
(429, 'Ormeniş', 1),
(430, 'Rachiş', 1),
(431, 'Boceşti', 1),
(432, 'Bogdăneşti', 1),
(433, 'Buteşti', 1),
(434, 'Bârleşti', 1),
(435, 'Bârleşti-Cătun', 1),
(436, 'Bârzogani', 1),
(437, 'Bărbeşti', 1),
(438, 'Cojocani', 1),
(439, 'Cristeşti', 1),
(440, 'Mămăligani', 1),
(441, 'Negreşti', 1),
(442, 'Onceşti', 1),
(443, 'Poienile-Mogoş', 1),
(444, 'Tomeşti', 1),
(445, 'Valea Barnii', 1),
(446, 'Valea Bârluţeşti', 1),
(447, 'Valea Coceşti', 1),
(448, 'Valea Giogeşti', 1),
(449, 'Valea Mlacii', 1),
(450, 'Valea Ţupilor', 1),
(451, 'Copand', 1),
(452, 'Căptălan', 1),
(453, 'Găbud', 1),
(454, 'Stâna de Mureş', 1),
(455, 'Valea Ciuciului', 1),
(456, 'Cisteiu de Mureş', 1),
(457, 'Micoşlaca', 1),
(458, 'Războieni-Cetate', 1),
(459, 'Uioara de Jos', 1),
(460, 'Uioara de Sus', 1),
(461, 'Lunca Largă', 1),
(462, 'Runc', 1),
(463, 'Vidolm', 1),
(464, 'Colibi', 1),
(465, 'Măghierat', 1),
(466, 'Secăşel', 1),
(467, 'Pianu de Jos', 1),
(468, 'Pianu de Sus', 1),
(469, 'Plaiuri', 1),
(470, 'Purcăreţi', 1),
(471, 'Strungari', 1),
(472, 'Costeşti', 1),
(473, 'Duduieni', 1),
(474, 'Făgetu de Jos', 1),
(475, 'Făgetu de Sus', 1),
(476, 'Hănăşeşti', 1),
(477, 'Lupăieşti', 1),
(478, 'Morcăneşti', 1),
(479, 'Petelei', 1),
(480, 'Păşteşti', 1),
(481, 'Stăneşti', 1),
(482, 'Dupa Deal', 1),
(483, 'Geogel', 1),
(484, 'Măcăreşti', 1),
(485, 'Vale In Jos', 1),
(486, 'Valea Bucurului', 1),
(487, 'Corţeşti', 1),
(488, 'Inceşti', 1),
(489, 'Lunca', 1),
(490, 'Orăşti', 1),
(491, 'Poşaga de Jos', 1),
(492, 'Poşaga de Sus', 1),
(493, 'Sagagea', 1),
(494, 'Leorinţ', 1),
(495, 'Meşcreac', 1),
(496, 'Şoimuş', 1),
(497, 'Boţani', 1),
(498, 'Brădeşti', 1),
(499, 'Cheia', 1),
(500, 'Cotorăşti', 1),
(501, 'Floreşti', 1),
(502, 'Olteni', 1),
(503, 'Valea Făgetului', 1),
(504, 'Valea Inzelului', 1),
(505, 'Valea Mănăstirii', 1),
(506, 'Valea Poienii', 1),
(507, 'Valea Uzei', 1),
(508, 'Vlădeşti', 1),
(509, 'Colţeşti', 1),
(510, 'Tău', 1),
(511, 'Ungurei', 1),
(512, 'Blideşti', 1),
(513, 'Bunta', 1),
(514, 'Bălmoşeşti', 1),
(515, 'Coasta Henţii', 1),
(516, 'Corna', 1),
(517, 'Curături', 1),
(518, 'Cărpiniş', 1),
(519, 'Dăroaia', 1),
(520, 'Gura Roşiei', 1),
(521, 'Gârda-Bărbuleşti', 1),
(522, 'Iacobeşti', 1),
(523, 'Ignăţeşti', 1),
(524, 'Vârtop', 1),
(525, 'Şoal', 1),
(526, 'Ţarina', 1),
(527, 'Dealu Caselor', 1),
(528, 'Dumeşti', 1),
(529, 'Sub Piatră', 1),
(530, 'Sălciua de Jos', 1),
(531, 'Sălciua de Sus', 1),
(532, 'Valea Largă', 1),
(533, 'Mărgineni', 1),
(534, 'Săliştea-Deal', 1),
(535, 'Tărtăria', 1),
(536, 'Iclod', 1),
(537, 'Pănade', 1),
(538, 'Coşlariu', 1),
(539, 'Dumitra', 1),
(540, 'Galtiu', 1),
(541, 'Totoi', 1),
(542, 'Căpâlna', 1),
(543, 'Dumbrava', 1),
(544, 'Laz', 1),
(545, 'Loman', 1),
(546, 'Pleşi', 1),
(547, 'Răchita', 1),
(548, 'Sebeşel', 1),
(549, 'Tonea', 1),
(550, 'Boteşti', 1),
(551, 'Bârleşti', 1),
(552, 'Faţa-Lăzeşti', 1),
(553, 'Floreşti', 1),
(554, 'Lespezea', 1),
(555, 'Lăzeşti', 1),
(556, 'Maţei', 1),
(557, 'Negeşti', 1),
(558, 'Prelucă', 1),
(559, 'Runc', 1),
(560, 'Sfoartea', 1),
(561, 'Trânceşti', 1),
(562, 'Ştiuleţi', 1),
(563, 'Lancrăm', 1),
(564, 'Petreşti', 1),
(565, 'Răhău', 1),
(566, 'Balomiru de Câmp', 1),
(567, 'Băcăinţi', 1),
(568, 'Sărăcsău', 1),
(569, 'Bilăneşti', 1),
(570, 'Bobăreşti', 1),
(571, 'Brădeana', 1),
(572, 'Burzoneşti', 1),
(573, 'Băzeşti', 1),
(574, 'Deonceşti', 1),
(575, 'Dilimani', 1),
(576, 'Furduieşti', 1),
(577, 'Gura Sohodol', 1),
(578, 'Hoancă', 1),
(579, 'Joldişeşti', 1),
(580, 'Lazuri', 1),
(581, 'Leheşti', 1),
(582, 'Lumineşti', 1),
(583, 'Medreşti', 1),
(584, 'Morăreşti', 1),
(585, 'Muneşti', 1),
(586, 'Nelegeşti', 1),
(587, 'Nicoreşti', 1),
(588, 'Năpăieşti', 1),
(589, 'Peleş', 1),
(590, 'Poiana', 1),
(591, 'Robeşti', 1),
(592, 'Sebişeşti', 1),
(593, 'Sicoieşti', 1),
(594, 'Surdeşti', 1),
(595, 'Toci', 1),
(596, 'Valea Verde', 1),
(597, 'Vlădoşeşti', 1),
(598, 'Şimoceşti', 1),
(599, 'Alecuş', 1),
(600, 'Biia', 1),
(601, 'Doptău', 1),
(602, 'Lunca Târnavei', 1),
(603, 'Sânmiclăuş', 1),
(604, 'Valea Sasului', 1),
(605, 'Carpen', 1),
(606, 'Carpenii de Sus', 1),
(607, 'Cunţa', 1),
(608, 'Draşov', 1),
(609, 'Vingard', 1),
(610, 'Faţa Pietrii', 1),
(611, 'Geoagiu de Sus', 1),
(612, 'Geomal', 1),
(613, 'Arţi', 1),
(614, 'Bârsana', 1),
(615, 'Dobra', 1),
(616, 'Jidoştina', 1),
(617, 'Mărtinie', 1),
(618, 'Tău Bistra', 1),
(619, 'Beldiu', 1),
(620, 'Coşlariu Nou', 1),
(621, 'Căpud', 1),
(622, 'Peţelca', 1),
(623, 'Ciugudu de Jos', 1),
(624, 'Ciugudu de Sus', 1),
(625, 'Dumbrava', 1),
(626, 'Inoc', 1),
(627, 'Măhăceni', 1),
(628, 'Bodeşti', 1),
(629, 'Burzeşti', 1),
(630, 'Dealu Frumos', 1),
(631, 'Lăzeşti', 1),
(632, 'Necşeşti', 1),
(633, 'Poduri-Briceşti', 1),
(634, 'Popeştii de Jos', 1),
(635, 'Popeştii de Sus', 1),
(636, 'Tomuţeşti', 1),
(637, 'Toţeşti', 1),
(638, 'Vâltori', 1),
(639, 'Făget', 1),
(640, 'Glogoveţ', 1),
(641, 'Lodroman', 1),
(642, 'Lunca', 1),
(643, 'Tăuni', 1),
(644, 'Bobăreşti', 1),
(645, 'Bogdăneşti', 1),
(646, 'Bordeştii Poieni', 1),
(647, 'Băi', 1),
(648, 'Culdeşti', 1),
(649, 'Dealu Goieşti', 1),
(650, 'Dos', 1),
(651, 'Dosu Luncii', 1),
(652, 'Dosu Văseşti', 1),
(653, 'Drăgoieşti-Luncă', 1),
(654, 'Ficăreşti', 1),
(655, 'Gligoreşti', 1),
(656, 'Goieşti', 1),
(657, 'Haiduceşti', 1),
(658, 'Hoancă', 1),
(659, 'Hărăşti', 1),
(660, 'Jefleşti', 1),
(661, 'Lunca', 1),
(662, 'Lunca Bisericii', 1),
(663, 'Lunca Goieşti', 1),
(664, 'Lunca Veseşti', 1),
(665, 'Lunca de Jos', 1),
(666, 'Modoleşti', 1),
(667, 'Nemeşi', 1),
(668, 'Oideşti', 1),
(669, 'Pitărceşti', 1),
(670, 'Pleşcuţa', 1),
(671, 'Poieni', 1),
(672, 'Ponorel', 1),
(673, 'Puiuleţeşti', 1),
(674, 'Runc', 1),
(675, 'Segaj', 1),
(676, 'Urdeş', 1),
(677, 'Valea Morii', 1),
(678, 'Vâlceşti', 1),
(679, 'Vâlcăneasa', 1),
(680, 'Vârtăneşti', 1),
(681, 'Văseşti', 1),
(682, 'Ciocaşu', 1),
(683, 'Crişeni', 1),
(684, 'Câmpu Goblii', 1),
(685, 'Dealu Ferului', 1),
(686, 'Gura Cuţului', 1),
(687, 'Haţegana', 1),
(688, 'Inuri', 1),
(689, 'Laz', 1),
(690, 'Mereteu', 1),
(691, 'Mătăcina', 1),
(692, 'Poieniţa', 1),
(693, 'Pârău lui Mihai', 1),
(694, 'Stăuini', 1),
(695, 'Valea Goblii', 1),
(696, 'Valea Vinţului', 1),
(697, 'Valea lui Mihai', 1),
(698, 'Vurpăr', 1),
(699, 'Boteşti', 1),
(700, 'Budeni', 1),
(701, 'Dealu Roatei', 1),
(702, 'Dobrot', 1),
(703, 'Dumbrava', 1),
(704, 'Feneş', 1),
(705, 'Galaţi', 1),
(706, 'Izvoru Ampoiului', 1),
(707, 'Pirita', 1),
(708, 'Podu lui Paul', 1),
(709, 'Pârau Gruiului', 1),
(710, 'Pătrângeni', 1),
(711, 'Runc', 1),
(712, 'Ruşi', 1),
(713, 'Suseni', 1),
(714, 'Trâmpoiele', 1),
(715, 'Valea Mică', 1),
(716, 'Vâltori', 1),
(717, 'Almaş', 2),
(718, 'Apateu', 2),
(719, 'Arad', 2),
(720, 'Archiş', 2),
(721, 'Bata', 2),
(722, 'Beliu', 2),
(723, 'Birchiş', 2),
(724, 'Bocsig', 2),
(725, 'Brazii', 2),
(726, 'Buteni', 2),
(727, 'Bârsa', 2),
(728, 'Bârzava', 2),
(729, 'Cermei', 2),
(730, 'Chisindia', 2),
(731, 'Chişineu-Criş', 2),
(732, 'Conop', 2),
(733, 'Covăsinţ', 2),
(734, 'Craiva', 2),
(735, 'Curtici', 2),
(736, 'Cărand', 2),
(737, 'Dezna', 2),
(738, 'Dieci', 2),
(739, 'Dorgoş', 2),
(740, 'Felnac', 2),
(741, 'Ghioroc', 2),
(742, 'Grăniceri', 2),
(743, 'Gurahonţ', 2),
(744, 'Hălmagiu', 2),
(745, 'Hălmăgel', 2),
(746, 'Hăşmaş', 2),
(747, 'Igneşti', 2),
(748, 'Ineu', 2),
(749, 'Iratoşu', 2),
(750, 'Lipova', 2),
(751, 'Livada', 2),
(752, 'Macea', 2),
(753, 'Mişca', 2),
(754, 'Moneasa', 2),
(755, 'Nădlac', 2),
(756, 'Olari', 2),
(757, 'Pecica', 2),
(758, 'Peregu Mare', 2),
(759, 'Petriş', 2),
(760, 'Pilu', 2),
(761, 'Pleşcuţa', 2),
(762, 'Pâncota', 2),
(763, 'Păuliş', 2),
(764, 'Sebiş', 2),
(765, 'Secusigiu', 2),
(766, 'Seleuş', 2),
(767, 'Semlac', 2),
(768, 'Sintea Mare', 2),
(769, 'Socodor', 2),
(770, 'Sântana', 2),
(771, 'Săvârşin', 2),
(772, 'Tauţ', 2),
(773, 'Târnova', 2),
(774, 'Vinga', 2),
(775, 'Vladimirescu', 2),
(776, 'Vârfurile', 2),
(777, 'Vărădia de Mureş', 2),
(778, 'Zerind', 2),
(779, 'Zimandu Nou', 2),
(780, 'Zăbrani', 2),
(781, 'Zărand', 2),
(782, 'Şagu', 2),
(783, 'Şeitin', 2),
(784, 'Şepreuş', 2),
(785, 'Şicula', 2),
(786, 'Şilindia', 2),
(787, 'Şimand', 2),
(788, 'Şiria', 2),
(789, 'Şiştarovăţ', 2),
(790, 'Şofronea', 2),
(791, 'Cil', 2),
(792, 'Joia Mare', 2),
(793, 'Rădeşti', 2),
(794, 'Berechiu', 2),
(795, 'Moţiori', 2),
(796, 'Bârzeşti', 2),
(797, 'Groşeni', 2),
(798, 'Nermiş', 2),
(799, 'Aldeşti', 2),
(800, 'Hodiş', 2),
(801, 'Voivodeni', 2),
(802, 'Bătuţa', 2),
(803, 'Căpruţa', 2),
(804, 'Dumbrăviţa', 2),
(805, 'Groşii Noi', 2),
(806, 'Lalaşinţ', 2),
(807, 'Monoroştia', 2),
(808, 'Slatina de Mureş', 2),
(809, 'Bacău de Mijloc', 2),
(810, 'Bulci', 2),
(811, 'Ţela', 2),
(812, 'Beneşti', 2),
(813, 'Bochia', 2),
(814, 'Secaci', 2),
(815, 'Tăgădău', 2),
(816, 'Vasile Goldiş', 2),
(817, 'Căpălnaş', 2),
(818, 'Ostrov', 2),
(819, 'Virismort', 2),
(820, 'Mânerău', 2),
(821, 'Răpsig', 2),
(822, 'Buceava-Şoimuş', 2),
(823, 'Iacobini', 2),
(824, 'Mădrigeşti', 2),
(825, 'Secaş', 2),
(826, 'Berindia', 2),
(827, 'Cuied', 2),
(828, 'Păulian', 2),
(829, 'Seliştea', 2),
(830, 'Avram Iancu', 2),
(831, 'Şomoşcheş', 2),
(832, 'Păiuşeni', 2),
(833, 'Văsoaia', 2),
(834, 'Nadab', 2),
(835, 'Belotinţ', 2),
(836, 'Chelmac', 2),
(837, 'Milova', 2),
(838, 'Odvoş', 2),
(839, 'Chişlaca', 2),
(840, 'Ciunteşti', 2),
(841, 'Coroi', 2),
(842, 'Mărăuş', 2),
(843, 'Rogoz de Beliu', 2),
(844, 'Stoineşti', 2),
(845, 'Susag', 2),
(846, 'Tălmaci', 2),
(847, 'Şiad', 2),
(848, 'Dorobanţi', 2),
(849, 'Buhani', 2),
(850, 'Laz', 2),
(851, 'Neagra', 2),
(852, 'Slatina de Criş', 2),
(853, 'Cociuba', 2),
(854, 'Crocna', 2),
(855, 'Revetiş', 2),
(856, 'Roşia', 2),
(857, 'Bruznic', 2),
(858, 'Pătârş', 2),
(859, 'Ususău', 2),
(860, 'Zăbalţ', 2),
(861, 'Aluniş', 2),
(862, 'Frumuşeni', 2),
(863, 'Fântânele', 2),
(864, 'Tisa Nouă', 2),
(865, 'Bodrogu Nou', 2),
(866, 'Călugăreni', 2),
(867, 'Zădăreni', 2),
(868, 'Cuvin', 2),
(869, 'Miniş', 2),
(870, 'Şiclău', 2),
(871, 'Bonţeşti', 2),
(872, 'Dulcele', 2),
(873, 'Feniş', 2),
(874, 'Honţişor', 2),
(875, 'Iosaş', 2),
(876, 'Musteşti', 2),
(877, 'Pescari', 2),
(878, 'Valea Mare', 2),
(879, 'Zimbru', 2),
(880, 'Luncşoara', 2),
(881, 'Sârbi', 2),
(882, 'Târnăviţa', 2),
(883, 'Ţoheşti', 2),
(884, 'Bodeşti', 2),
(885, 'Brusturi', 2),
(886, 'Băneşti', 2),
(887, 'Cristeşti', 2),
(888, 'Ioneşti', 2),
(889, 'Leasa', 2),
(890, 'Leştioara', 2),
(891, 'Poienari', 2),
(892, 'Tisa', 2),
(893, 'Ţărmure', 2),
(894, 'Agrişu Mic', 2),
(895, 'Botfei', 2),
(896, 'Clit', 2),
(897, 'Comăneşti', 2),
(898, 'Urvişu de Beliu', 2),
(899, 'Minead', 2),
(900, 'Nădălbeşti', 2),
(901, 'Susani', 2),
(902, 'Mocrea', 2),
(903, 'Variaşu Mare', 2),
(904, 'Variaşu Mic', 2),
(905, 'Radna', 2),
(906, 'Şoimoş', 2),
(907, 'Sânleani', 2),
(908, 'Sânmartin', 2),
(909, 'Satu Nou', 2),
(910, 'Vânători', 2),
(911, 'Zerindu Mic', 2),
(912, 'Rănuşa', 2),
(913, 'Sintea Mică', 2),
(914, 'Măderat', 2),
(915, 'Baraţca', 2),
(916, 'Cladova', 2),
(917, 'Sâmbăteni', 2),
(918, 'Bodrogu Vechi', 2),
(919, 'Sederhat', 2),
(920, 'Turnu', 2),
(921, 'Peregu Mic', 2),
(922, 'Corbeşti', 2),
(923, 'Ilteu', 2),
(924, 'Obârşia', 2),
(925, 'Roşia Nouă', 2),
(926, 'Selişte', 2),
(927, 'Vărşand', 2),
(928, 'Aciuţa', 2),
(929, 'Budeşti', 2),
(930, 'Dumbrava', 2),
(931, 'Gura Văii', 2),
(932, 'Rostoci', 2),
(933, 'Tălagiu', 2),
(934, 'Cruceni', 2),
(935, 'Firiteaz', 2),
(936, 'Fiscut', 2),
(937, 'Hunedoara Timişană', 2),
(938, 'Caporal Alexa', 2),
(939, 'Cuiaş', 2),
(940, 'Căprioara', 2),
(941, 'Hălăliş', 2),
(942, 'Pârneşti', 2),
(943, 'Temeşeşti', 2),
(944, 'Toc', 2),
(945, 'Troaş', 2),
(946, 'Valea Mare', 2),
(947, 'Donceni', 2),
(948, 'Prunişor', 2),
(949, 'Sălăjeni', 2),
(950, 'Munar', 2),
(951, 'Satu Mare', 2),
(952, 'Sânpetru German', 2),
(953, 'Iermata', 2),
(954, 'Moroda', 2),
(955, 'Chereluş', 2),
(956, 'Gurba', 2),
(957, 'Camna', 2),
(958, 'Iercoşeni', 2),
(959, 'Luguzău', 2),
(960, 'Satu Mic', 2),
(961, 'Adea', 2),
(962, 'Ţipar', 2),
(963, 'Galşa', 2),
(964, 'Mâsca', 2),
(965, 'Cuveşdia', 2),
(966, 'Labaşinţ', 2),
(967, 'Varniţa', 2),
(968, 'Sânpaul', 2),
(969, 'Agrişu Mare', 2),
(970, 'Arăneag', 2),
(971, 'Chier', 2),
(972, 'Drauţ', 2),
(973, 'Dud', 2),
(974, 'Minişel', 2),
(975, 'Minişu de Sus', 2),
(976, 'Nadăş', 2),
(977, 'Baia', 2),
(978, 'Juliţa', 2),
(979, 'Lupeşti', 2),
(980, 'Nicolae Bălcescu', 2),
(981, 'Stejar', 2),
(982, 'Avram Iancu', 2),
(983, 'Groşi', 2),
(984, 'Lazuri', 2),
(985, 'Mermeşti', 2),
(986, 'Măgulicea', 2),
(987, 'Poiana', 2),
(988, 'Vidra', 2),
(989, 'Mailat', 2),
(990, 'Mănăştur', 2),
(991, 'Cicir', 2),
(992, 'Horia', 2),
(993, 'Mândruloc', 2),
(994, 'Chesinţ', 2),
(995, 'Neudorf', 2),
(996, 'Cintei', 2),
(997, 'Iermata Neagră', 2),
(998, 'Andrei Şaguna', 2),
(999, 'Zimandcuz', 2),
(1000, 'Albota', 3),
(1001, 'Aninoasa', 3),
(1002, 'Arefu', 3),
(1003, 'Bascov', 3),
(1004, 'Berevoeşti', 3),
(1005, 'Bogaţi', 3),
(1006, 'Boteni', 3),
(1007, 'Boţeşti', 3),
(1008, 'Bradu', 3),
(1009, 'Brăduleţ', 3),
(1010, 'Bughea de Jos', 3),
(1011, 'Buzoeşti', 3),
(1012, 'Bârla', 3),
(1013, 'Băbana', 3),
(1014, 'Băiculeşti', 3),
(1015, 'Bălileşti', 3),
(1016, 'Cetăţeni', 3),
(1017, 'Cicăneşti', 3),
(1018, 'Ciofrângeni', 3),
(1019, 'Ciomăgeşti', 3),
(1020, 'Cocu', 3),
(1021, 'Corbeni', 3),
(1022, 'Corbi', 3),
(1023, 'Costeşti', 3),
(1024, 'Cotmeana', 3),
(1025, 'Coşeşti', 3),
(1026, 'Cuca', 3),
(1027, 'Curtea de Argeş', 3),
(1028, 'Câmpulung', 3),
(1029, 'Căldăraru', 3),
(1030, 'Călineşti', 3),
(1031, 'Căteasca', 3),
(1032, 'Davideşti', 3),
(1033, 'Dobreşti', 3),
(1034, 'Domneşti', 3),
(1035, 'Dragoslavele', 3),
(1036, 'Dâmbovicioara', 3),
(1037, 'Dârmăneşti', 3),
(1038, 'Godeni', 3),
(1039, 'Hârseşti', 3),
(1040, 'Hârtieşti', 3),
(1041, 'Izvoru', 3),
(1042, 'Leordeni', 3),
(1043, 'Lereşti', 3),
(1044, 'Lunca Corbului', 3),
(1045, 'Merişani', 3),
(1046, 'Miceşti', 3),
(1047, 'Mihăeşti', 3),
(1048, 'Mioveni', 3),
(1049, 'Miroşi', 3),
(1050, 'Morăreşti', 3),
(1051, 'Mozăceni', 3),
(1052, 'Moşoaia', 3),
(1053, 'Musăţeşti', 3),
(1054, 'Mălureni', 3),
(1055, 'Mărăcineni', 3),
(1056, 'Negraşi', 3),
(1057, 'Nucşoara', 3),
(1058, 'Oarja', 3),
(1059, 'Pietroşani', 3),
(1060, 'Piteşti', 3),
(1061, 'Poiana Lacului', 3),
(1062, 'Popeşti', 3),
(1063, 'Priboieni', 3),
(1064, 'Recea', 3),
(1065, 'Rociu', 3),
(1066, 'Rucăr', 3),
(1067, 'Râca', 3),
(1068, 'Răteşti', 3),
(1069, 'Schitu Goleşti', 3),
(1070, 'Slobozia', 3),
(1071, 'Stoeneşti', 3),
(1072, 'Stolnici', 3),
(1073, 'Stâlpeni', 3),
(1074, 'Suseni', 3),
(1075, 'Sălătrucu', 3),
(1076, 'Teiu', 3),
(1077, 'Tigveni', 3),
(1078, 'Topoloveni', 3),
(1079, 'Uda', 3),
(1080, 'Ungheni', 3),
(1081, 'Valea Danului', 3),
(1082, 'Valea Iaşului', 3),
(1083, 'Valea Mare Pravăţ', 3),
(1084, 'Vedea', 3),
(1085, 'Vlădeşti', 3),
(1086, 'Vultureşti', 3),
(1087, 'Ştefan cel Mare', 3),
(1088, 'Ştefăneşti', 3),
(1089, 'Şuici', 3),
(1090, 'Ţiţeşti', 3),
(1091, 'Albeştii Pamânteni', 3),
(1092, 'Albeştii Ungureni', 3),
(1093, 'Brăteşti', 3),
(1094, 'Doblea', 3),
(1095, 'Dobrotu', 3),
(1096, 'Dumireşti', 3),
(1097, 'Florieni', 3),
(1098, 'Albeşti', 3),
(1099, 'Bughea de Sus', 3),
(1100, 'Cândeşti', 3),
(1101, 'Cerbu', 3),
(1102, 'Frăteşti', 3),
(1103, 'Gura Văii', 3),
(1104, 'Mareş', 3),
(1105, 'Broşteni', 3),
(1106, 'Slănic', 3),
(1107, 'Valea Siliştii', 3),
(1108, 'Căpăţânenii Pământeni', 3),
(1109, 'Căpăţânenii Ungureni', 3),
(1110, 'Băjăneşti', 3),
(1111, 'Ciobăneşti', 3),
(1112, 'Cotmeniţa', 3),
(1113, 'Groşi', 3),
(1114, 'Lupueni', 3),
(1115, 'Slăatioarele', 3),
(1116, 'Alunişu', 3),
(1117, 'Anghineşti', 3),
(1118, 'Argeşani', 3),
(1119, 'Măniceşti', 3),
(1120, 'Stejari', 3),
(1121, 'Tutana', 3),
(1122, 'Valea Brazilor', 3),
(1123, 'Valea lui Enache', 3),
(1124, 'Zigoneni', 3),
(1125, 'Băjeşti', 3),
(1126, 'Goleşti', 3),
(1127, 'Poieniţa', 3),
(1128, 'Priboaia', 3),
(1129, 'Uliţa', 3),
(1130, 'Valea Mare-Bratia', 3),
(1131, 'Afrimeşti', 3),
(1132, 'Brabeţi', 3),
(1133, 'Bădeşti', 3),
(1134, 'Cioceşti', 3),
(1135, 'Malu', 3),
(1136, 'Mozăcenii-Vale', 3),
(1137, 'Mândra', 3),
(1138, 'Podişoru', 3),
(1139, 'Urlueni', 3),
(1140, 'Zuvelcaţi', 3),
(1141, 'Şelăreasca', 3),
(1142, 'Brăileni', 3),
(1143, 'Glâmbocu', 3),
(1144, 'Mica', 3),
(1145, 'Prislopu Mic', 3),
(1146, 'Scheau', 3),
(1147, 'Uiasca', 3),
(1148, 'Valea Ursului', 3),
(1149, 'Beleţi', 3),
(1150, 'Lenţea', 3),
(1151, 'Negreşti', 3),
(1152, 'Zgripceşti', 3),
(1153, 'Bratia', 3),
(1154, 'Gămăceşti', 3),
(1155, 'Oţelu', 3),
(1156, 'Bujoi', 3),
(1157, 'Bârloi', 3),
(1158, 'Chiţeşti', 3),
(1159, 'Dumbrava', 3),
(1160, 'Glâmbocel', 3),
(1161, 'Glâmbocelu', 3),
(1162, 'Suseni', 3),
(1163, 'Balabani', 3),
(1164, 'Lunca', 3),
(1165, 'Muşcel', 3),
(1166, 'Moşteni-Greci', 3),
(1167, 'Geamăna', 3),
(1168, 'Alunişu', 3),
(1169, 'Brădetu', 3),
(1170, 'Cosaci', 3),
(1171, 'Galeşu', 3),
(1172, 'Piatra', 3),
(1173, 'Slămneşti', 3),
(1174, 'Uleni', 3),
(1175, 'Ungureni', 3),
(1176, 'Budeasa Mare', 3),
(1177, 'Budeasa Mică', 3),
(1178, 'Caloteşti', 3),
(1179, 'Gălăşeşti', 3),
(1180, 'Rogojina', 3),
(1181, 'Valea Mărului', 3),
(1182, 'Bujoreni', 3),
(1183, 'Cornăţel', 3),
(1184, 'Curteanca', 3),
(1185, 'Ioneşti', 3),
(1186, 'Podeni', 3),
(1187, 'Redea', 3),
(1188, 'Tomşanca', 3),
(1189, 'Vlăduţa', 3),
(1190, 'Vulpeşti', 3),
(1191, 'Şerboeni', 3),
(1192, 'Burdea', 3),
(1193, 'Strâmbeni', 3),
(1194, 'Ciocăneşti', 3),
(1195, 'Cârstieni', 3),
(1196, 'Glodu', 3),
(1197, 'Gorganu', 3),
(1198, 'Radu Negru', 3),
(1199, 'Râncăciov', 3),
(1200, 'Udeni-Zăvoi', 3),
(1201, 'Urlucea', 3),
(1202, 'Valea Corbului', 3),
(1203, 'Vrăneşti', 3),
(1204, 'Văleni-Podgoria', 3),
(1205, 'Valea Rumâneştilor', 3),
(1206, 'Catanele', 3),
(1207, 'Cireşu', 3),
(1208, 'Coşeri', 3),
(1209, 'Gruiu', 3),
(1210, 'Recea', 3),
(1211, 'Siliştea', 3),
(1212, 'Ceparii Pământeni', 3),
(1213, 'Ceparii Ungureni', 3),
(1214, 'Cărpeniş', 3),
(1215, 'Morăşti', 3),
(1216, 'Urluieşti', 3),
(1217, 'Valea Măgurei', 3),
(1218, 'Zamfireşti', 3),
(1219, 'Şendruleşti', 3),
(1220, 'Lăicăi', 3),
(1221, 'Valea Cetăţuia', 3),
(1222, 'Bărăşti', 3),
(1223, 'Mioarele', 3),
(1224, 'Urecheşti', 3),
(1225, 'Burluşi', 3),
(1226, 'Lacurile', 3),
(1227, 'Piatra', 3),
(1228, 'Schitu-Matei', 3),
(1229, 'Beculeşti', 3),
(1230, 'Bratia', 3),
(1231, 'Cungrea', 3),
(1232, 'Dogari', 3),
(1233, 'Fedeleşoiu', 3),
(1234, 'Giuclani', 3),
(1235, 'Păuneşti', 3),
(1236, 'Răduţeşti', 3),
(1237, 'Bărbăteşti', 3),
(1238, 'Crucişoara', 3),
(1239, 'Făcăleţeşti', 3),
(1240, 'Greabănu', 3),
(1241, 'Popeşti', 3),
(1242, 'Răchiţele de Jos', 3),
(1243, 'Răchiţele de Sus', 3),
(1244, 'Berindeşti', 3),
(1245, 'Bucşeneşti', 3),
(1246, 'Oeştii Pamânteni', 3),
(1247, 'Oeştii Ungureni', 3),
(1248, 'Poienari', 3),
(1249, 'Rotunda', 3),
(1250, 'Turburea', 3),
(1251, 'Corbşori', 3),
(1252, 'Jgheaburi', 3),
(1253, 'Poduri', 3),
(1254, 'Poienărei', 3),
(1255, 'Stăneşti', 3),
(1256, 'Jupâneşti', 3),
(1257, 'Leiceşti', 3),
(1258, 'Lăpuşani', 3),
(1259, 'Petreşti', 3),
(1260, 'Priseaca', 3),
(1261, 'Păcioiu', 3),
(1262, 'Broşteni', 3),
(1263, 'Lăceni', 3),
(1264, 'Podu Broşteni', 3),
(1265, 'Pârvu Roşu', 3),
(1266, 'Smei', 3),
(1267, 'Stârci', 3),
(1268, 'Bascovele', 3),
(1269, 'Buneşti', 3),
(1270, 'Costeşti', 3),
(1271, 'Dealu Pădurii', 3),
(1272, 'Drăgoleşti', 3),
(1273, 'Linteşti', 3),
(1274, 'Negeşti', 3),
(1275, 'Pieleşti', 3),
(1276, 'Spiridoni', 3),
(1277, 'Sănduleşti', 3),
(1278, 'Ursoaia', 3),
(1279, 'Vârloveni', 3),
(1280, 'Zamfireşti', 3),
(1281, 'Bălţata', 3),
(1282, 'Bărbălani', 3),
(1283, 'Cotu', 3),
(1284, 'Crivăţu', 3),
(1285, 'Cârceşti', 3),
(1286, 'Lăunele de Sus', 3),
(1287, 'Măcăi', 3),
(1288, 'Măneşti', 3),
(1289, 'Sineşti', 3),
(1290, 'Stănicei', 3),
(1291, 'Teodoreşti', 3),
(1292, 'Valea Cucii', 3),
(1293, 'Vonigeasa', 3),
(1294, 'Noapteş', 3),
(1295, 'Ciocanu', 3),
(1296, 'Podu Dâmboviţei', 3),
(1297, 'Negreni', 3),
(1298, 'Piscani', 3),
(1299, 'Valea Nandrii', 3),
(1300, 'Valea Rizii', 3),
(1301, 'Conţeşti', 3),
(1302, 'Voroveni', 3),
(1303, 'Fureşti', 3),
(1304, 'Băceşti', 3),
(1305, 'Drăganu-Olteni', 3),
(1306, 'Dumbrăveşti', 3),
(1307, 'Prislopu Mare', 3),
(1308, 'Valea Hotarului', 3),
(1309, 'Bordeieni', 3),
(1310, 'Capu Piscului', 3),
(1311, 'Coteşti', 3),
(1312, 'Malu', 3),
(1313, 'Ciobani', 3),
(1314, 'Martalogi', 3),
(1315, 'Dealu', 3),
(1316, 'Lespezi', 3),
(1317, 'Lucieni', 3),
(1318, 'Baloteasca', 3),
(1319, 'Budişteni', 3),
(1320, 'Bântău', 3),
(1321, 'Băila', 3),
(1322, 'Ciolceşti', 3),
(1323, 'Ciulniţa', 3),
(1324, 'Cotu Malului', 3),
(1325, 'Cârciumăreşti', 3),
(1326, 'Glodu', 3),
(1327, 'Glâmbocata', 3),
(1328, 'Glâmbocata-Deal', 3),
(1329, 'Moara Mocanului', 3),
(1330, 'Schitu Scoiceşti', 3),
(1331, 'Pojorâta', 3),
(1332, 'Voineşti', 3),
(1333, 'Bumbueni', 3),
(1334, 'Catane', 3),
(1335, 'Cieşti', 3),
(1336, 'Lăngeşti', 3),
(1337, 'Mârghia de Jos', 3),
(1338, 'Mârghia de Sus', 3),
(1339, 'Pădureţi', 3),
(1340, 'Silişteni', 3),
(1341, 'Buneşti', 3),
(1342, 'Păuleasca', 3),
(1343, 'Topliţa', 3),
(1344, 'Zărneşti', 3),
(1345, 'Argeşelu', 3),
(1346, 'Borleşti', 3),
(1347, 'Brăteasca', 3),
(1348, 'Capu Piscului', 3),
(1349, 'Crâmpotani', 3),
(1350, 'Dobrogostea', 3),
(1351, 'Malu Vânăt', 3),
(1352, 'Vâlcelele', 3),
(1353, 'Vărzaru', 3),
(1354, 'Brânzari', 3),
(1355, 'Purcăreni', 3),
(1356, 'Păuleasca', 3),
(1357, 'Drăghici', 3),
(1358, 'Furnicoşi', 3),
(1359, 'Rudeni', 3),
(1360, 'Valea Bradului', 3),
(1361, 'Valea Popii', 3),
(1362, 'Văcarea', 3),
(1363, 'Aluniş', 3),
(1364, 'Chilii', 3),
(1365, 'Coceneşti', 3),
(1366, 'Măţău', 3),
(1367, 'Suslăneşti', 3),
(1368, 'Clucereasa', 3),
(1369, 'Colibaşi', 3),
(1370, 'Făgetu', 3),
(1371, 'Racoviţa', 3),
(1372, 'Surduleşti', 3),
(1373, 'Dealu Obejdeanului', 3),
(1374, 'Deduleşti', 3),
(1375, 'Luminile', 3),
(1376, 'Măncioiu', 3),
(1377, 'Săpunari', 3),
(1378, 'Bătrâni', 3),
(1379, 'Ciocănăi', 3),
(1380, 'Dealu Viilor', 3),
(1381, 'Hinţeşti', 3),
(1382, 'Lăzăreşti', 3),
(1383, 'Smeura', 3),
(1384, 'Babaroaga', 3),
(1385, 'Zidurile', 3),
(1386, 'Bolovăneşti', 3),
(1387, 'Costeşti-Vâslan', 3),
(1388, 'Prosia', 3),
(1389, 'Robaia', 3),
(1390, 'Stroeşti', 3),
(1391, 'Valea Faurului', 3),
(1392, 'Valea Muscelului', 3),
(1393, 'Valea lui Maş', 3),
(1394, 'Vâlsăneşti', 3),
(1395, 'Buta', 3),
(1396, 'Bârlogu', 3),
(1397, 'Mozacu', 3),
(1398, 'Gruiu', 3),
(1399, 'Sboghiţeşti', 3),
(1400, 'Slatina', 3),
(1401, 'Ceauşeşti', 3),
(1402, 'Bădeşti', 3),
(1403, 'Găneşti', 3),
(1404, 'Retevoieşti', 3),
(1405, 'Vărzăroaia', 3),
(1406, 'Cepari', 3),
(1407, 'Cătunaşi', 3),
(1408, 'Dealu Oraşului', 3),
(1409, 'Dealu Viilor', 3),
(1410, 'Dinculeşti', 3),
(1411, 'Gâlceşti', 3),
(1412, 'Găleţeanu', 3),
(1413, 'Gărdineşti', 3),
(1414, 'Metofu', 3),
(1415, 'Păduroiu din Deal', 3),
(1416, 'Păduroiu din Vale', 3),
(1417, 'Sămara', 3),
(1418, 'Ceaureşti', 3),
(1419, 'Ioaniceşti', 3),
(1420, 'Poienari', 3),
(1421, 'Tomuleşti', 3),
(1422, 'Groşani', 3),
(1423, 'Jugur', 3),
(1424, 'Poienari', 3),
(1425, 'Valea Îndărăt', 3),
(1426, 'Şerbăneşti', 3),
(1427, 'Palanga', 3),
(1428, 'Purcăreni', 3),
(1429, 'Slobozia', 3),
(1430, 'Albotele', 3),
(1431, 'Paraschiveşti', 3),
(1432, 'Pitoi', 3),
(1433, 'Sămăila', 3),
(1434, 'Valea Mare', 3),
(1435, 'Valea Nenii', 3),
(1436, 'Valea Popii', 3),
(1437, 'Adunaţi', 3),
(1438, 'Bucov', 3),
(1439, 'Ciupa-Mănciulescu', 3),
(1440, 'Furdueşti', 3),
(1441, 'Mavrodolu', 3),
(1442, 'Nejlovelu', 3),
(1443, 'Pătuleni', 3),
(1444, 'Tigveni', 3),
(1445, 'Deagu de Jos', 3),
(1446, 'Deagu de Sus', 3),
(1447, 'Goleasca', 3),
(1448, 'Orodel', 3),
(1449, 'Gliganu de Jos', 3),
(1450, 'Gliganu de Sus', 3),
(1451, 'Şerbăneşti', 3),
(1452, 'Sătic', 3),
(1453, 'Văleni', 3),
(1454, 'Bănăreşti', 3),
(1455, 'Dealu Bradului', 3),
(1456, 'Drăghiceşti', 3),
(1457, 'Găinuşa', 3),
(1458, 'Lipia', 3),
(1459, 'Mârţeşti', 3),
(1460, 'Popeşti', 3),
(1461, 'Turceşti', 3),
(1462, 'Burneşti', 3),
(1463, 'Costiţă', 3),
(1464, 'Loturi', 3),
(1465, 'Lăzăreşti', 3),
(1466, 'Valea Pechii', 3),
(1467, 'Nigrişoara', 3),
(1468, 'Dealu Frumos', 3),
(1469, 'Livezeni', 3),
(1470, 'Ogrezea', 3),
(1471, 'Opreşti', 3),
(1472, 'Piţigaia', 3),
(1473, 'Rădeşti', 3),
(1474, 'Glavacioc', 3),
(1475, 'Enculeşti', 3),
(1476, 'Goleşti', 3),
(1477, 'Izvorani', 3),
(1478, 'Valea Mare-Podgoria', 3),
(1479, 'Viişoara', 3),
(1480, 'Zăvoi', 3),
(1481, 'Ştefăneştii Noi', 3),
(1482, 'Bădeni', 3),
(1483, 'Coteneşti', 3),
(1484, 'Lunca Gârtii', 3),
(1485, 'Piatra', 3),
(1486, 'Slobozia', 3),
(1487, 'Valea Bădenilor', 3),
(1488, 'Cochineşti', 3),
(1489, 'Cotmeana', 3),
(1490, 'Fâlfani', 3),
(1491, 'Izbăşeşti', 3),
(1492, 'Vlăşcuţa', 3),
(1493, 'Ianculeşti', 3),
(1494, 'Paltenu', 3),
(1495, 'Păuleni', 3),
(1496, 'Rudeni', 3),
(1497, 'Valea Calului', 3),
(1498, 'Burdeşti', 3),
(1499, 'Cerşani', 3),
(1500, 'Chiriţeşti', 3),
(1501, 'Găleşeşti', 3),
(1502, 'Odăeni', 3),
(1503, 'Pădureni', 3),
(1504, 'Stefăneşti', 3),
(1505, 'Strâmbeni', 3),
(1506, 'Ţuţuleşti', 3),
(1507, 'Leşile', 3),
(1508, 'Blaju', 3),
(1509, 'Bârseştii de Jos', 3),
(1510, 'Bârseştii de Sus', 3),
(1511, 'Bădislava', 3),
(1512, 'Bălileşti', 3),
(1513, 'Bălteni', 3),
(1514, 'Vlădeşti', 3),
(1515, 'Bucşeneşti-Lotaşi', 3),
(1516, 'Cişmea', 3),
(1517, 'Valea Mănăstirii', 3),
(1518, 'Valea Stânii', 3),
(1519, 'Boţârcani', 3),
(1520, 'Crinteşti', 3),
(1521, 'Gorăneşti', 3),
(1522, 'Ţigăneşti', 3),
(1523, 'Braniştea', 3),
(1524, 'Băduleşti', 3),
(1525, 'Bărăneşti', 3),
(1526, 'Chiriţeşti', 3),
(1527, 'Cotu', 3),
(1528, 'Dealu Bisericii', 3),
(1529, 'Dealu Tolcesii', 3),
(1530, 'Diconeşti', 3),
(1531, 'Gorani', 3),
(1532, 'Greabăn', 3),
(1533, 'Lunguleşti', 3),
(1534, 'Miercani', 3),
(1535, 'Romana', 3),
(1536, 'Râjleţu-Govora', 3),
(1537, 'Săliştea', 3),
(1538, 'Colţu', 3),
(1539, 'Goia', 3),
(1540, 'Găujani', 3),
(1541, 'Humele', 3),
(1542, 'Satu Nou', 3),
(1543, 'Bolculeşti', 3),
(1544, 'Borobăneşti', 3),
(1545, 'Băniceşti', 3),
(1546, 'Verneşti', 3),
(1547, 'Borovineşti', 3),
(1548, 'Bădila', 3),
(1549, 'Bărbălăteşti', 3),
(1550, 'Cerbureni', 3),
(1551, 'Mustăţeşti', 3),
(1552, 'Ruginoasa', 3),
(1553, 'Ungureni', 3),
(1554, 'Valea Uleiului', 3),
(1555, 'Bilceşti', 3),
(1556, 'Colnic', 3),
(1557, 'Fântânea', 3),
(1558, 'Gura Pravăţ', 3),
(1559, 'Nămăeşti', 3),
(1560, 'Pietroasa', 3),
(1561, 'Şelari', 3),
(1562, 'Blejani', 3),
(1563, 'Bureţeşti', 3),
(1564, 'Bădicea', 3),
(1565, 'Chiriţeşti', 3),
(1566, 'Chiţani', 3),
(1567, 'Ciureşti', 3),
(1568, 'Dincani', 3),
(1569, 'Fata', 3),
(1570, 'Frătici', 3),
(1571, 'Izvoru de Jos', 3),
(1572, 'Izvoru de Sus', 3),
(1573, 'Lungani', 3),
(1574, 'Mogoşeşti', 3),
(1575, 'Prodani', 3),
(1576, 'Răţoi', 3),
(1577, 'Vaţa', 3),
(1578, 'Veţişoara', 3),
(1579, 'Vârşeşti', 3),
(1580, 'Coteasca', 3),
(1581, 'Drăghescu', 3),
(1582, 'Putina', 3),
(1583, 'Bârzeşti', 3),
(1584, 'Huluba', 3),
(1585, 'Agăş', 4),
(1586, 'Ardeoani', 4),
(1587, 'Asău', 4),
(1588, 'Bacău', 4),
(1589, 'Balcani', 4),
(1590, 'Bereşti-Bistriţa', 4),
(1591, 'Bereşti-Tazlău', 4),
(1592, 'Berzunţi', 4),
(1593, 'Blăgeşti', 4),
(1594, 'Bogdăneşti', 4),
(1595, 'Brusturoasa', 4),
(1596, 'Buhoci', 4),
(1597, 'Buhuşi', 4),
(1598, 'Bârsăneşti', 4),
(1599, 'Caşin', 4),
(1600, 'Cleja', 4),
(1601, 'Coloneşti', 4),
(1602, 'Comăneşti', 4),
(1603, 'Corbasca', 4),
(1604, 'Coţofăneşti', 4),
(1605, 'Căiuţi', 4),
(1606, 'Dealu Morii', 4),
(1607, 'Dofteana', 4),
(1608, 'Dămieneşti', 4),
(1609, 'Dărmăneşti', 4),
(1610, 'Faraoani', 4),
(1611, 'Filipeni', 4),
(1612, 'Filipeşti', 4),
(1613, 'Glăvăneşti', 4),
(1614, 'Gura Văii', 4),
(1615, 'Gârleni', 4),
(1616, 'Găiceana', 4),
(1617, 'Helegiu', 4),
(1618, 'Hemeiuş', 4),
(1619, 'Horgeşti', 4),
(1620, 'Huruieşti', 4),
(1621, 'Izvoru Berheciului', 4),
(1622, 'Letea Veche', 4),
(1623, 'Lipova', 4),
(1624, 'Livezi', 4),
(1625, 'Luizi-Călugăra', 4),
(1626, 'Moineşti', 4),
(1627, 'Motoşeni', 4),
(1628, 'Măgireşti', 4),
(1629, 'Măgura', 4),
(1630, 'Mănăstirea Caşin', 4),
(1631, 'Mărgineni', 4),
(1632, 'Negri', 4),
(1633, 'Nicolae Bălcescu', 4),
(1634, 'Oituz', 4),
(1635, 'Onceşti', 4),
(1636, 'Oneşti', 4),
(1637, 'Orbeni', 4),
(1638, 'Palanca', 4),
(1639, 'Parava', 4),
(1640, 'Parincea', 4),
(1641, 'Plopana', 4),
(1642, 'Podu Turcului', 4),
(1643, 'Poduri', 4),
(1644, 'Pânceşti', 4),
(1645, 'Pârgăreşti', 4),
(1646, 'Pârjol', 4),
(1647, 'Racova', 4),
(1648, 'Roşiori', 4),
(1649, 'Răchitoasa', 4),
(1650, 'Răcăciuni', 4),
(1651, 'Sascut', 4),
(1652, 'Scorţeni', 4),
(1653, 'Secuieni', 4),
(1654, 'Solonţ', 4),
(1655, 'Strugari', 4),
(1656, 'Stănişeşti', 4),
(1657, 'Sănduleni', 4),
(1658, 'Săuceşti', 4),
(1659, 'Tamaşi', 4),
(1660, 'Traian', 4),
(1661, 'Târgu Ocna', 4),
(1662, 'Târgu Trotuş', 4),
(1663, 'Tătărăşti', 4),
(1664, 'Ungureni', 4),
(1665, 'Urecheşti', 4),
(1666, 'Valea Seacă', 4),
(1667, 'Vultureni', 4),
(1668, 'Zemeş', 4),
(1669, 'Ştefan cel Mare', 4),
(1670, 'Beleghet', 4),
(1671, 'Cotumba', 4),
(1672, 'Coşnea', 4),
(1673, 'Diaconeşti', 4),
(1674, 'Goioasa', 4),
(1675, 'Preluci', 4),
(1676, 'Sulţa', 4),
(1677, 'Leontineşti', 4),
(1678, 'Apa Asău', 4),
(1679, 'Ciobănuş', 4),
(1680, 'Lunca Asău', 4),
(1681, 'Păltiniş', 4),
(1682, 'Straja', 4),
(1683, 'Frumoasa', 4),
(1684, 'Ludaşi', 4),
(1685, 'Schitu Frumoasa', 4),
(1686, 'Albele', 4),
(1687, 'Brăteşti', 4),
(1688, 'Caraclău', 4),
(1689, 'Brad', 4),
(1690, 'Ciumaşi', 4),
(1691, 'Climeşti', 4),
(1692, 'Dumbrava', 4),
(1693, 'Făgeţel', 4),
(1694, 'Iteşti', 4),
(1695, 'Pădureni', 4),
(1696, 'Boşoteni', 4),
(1697, 'Enăcheşti', 4),
(1698, 'Prisaca', 4),
(1699, 'Româneşti', 4),
(1700, 'Tescani', 4),
(1701, 'Turluianu', 4),
(1702, 'Buda', 4),
(1703, 'Dragomir', 4),
(1704, 'Buda', 4),
(1705, 'Poiana Negustorului', 4),
(1706, 'Valea lui Ion', 4),
(1707, 'Ţârdenii Mari', 4),
(1708, 'Filipeşti', 4),
(1709, 'Buruieniş', 4),
(1710, 'Buruienişu de Sus', 4),
(1711, 'Camenca', 4),
(1712, 'Cuchiniş', 4),
(1713, 'Hângăneşti', 4),
(1714, 'Bijghir', 4),
(1715, 'Buhocel', 4),
(1716, 'Coteni', 4),
(1717, 'Dospineşti', 4),
(1718, 'Marginea', 4),
(1719, 'Runcu', 4),
(1720, 'Blidari', 4),
(1721, 'Boiştea', 4),
(1722, 'Floreşti', 4),
(1723, 'Heltiu', 4),
(1724, 'Mărceşti', 4),
(1725, 'Popeni', 4),
(1726, 'Pralea', 4),
(1727, 'Vrânceni', 4),
(1728, 'Curiţa', 4),
(1729, 'Somuşca', 4),
(1730, 'Valea Mică', 4),
(1731, 'Călini', 4),
(1732, 'Poiana', 4),
(1733, 'Satu Nou', 4),
(1734, 'Spria', 4),
(1735, 'Valea Mare', 4),
(1736, 'Zăpodia', 4),
(1737, 'Podei', 4),
(1738, 'Vermeşti', 4),
(1739, 'Băcioiu', 4),
(1740, 'Marvila', 4),
(1741, 'Pogleţ', 4),
(1742, 'Rogoaza', 4),
(1743, 'Scărişoara', 4),
(1744, 'Vâlcele', 4),
(1745, 'Boiştea de Jos', 4),
(1746, 'Borşani', 4),
(1747, 'Bâlca', 4),
(1748, 'Tămăşoaia', 4),
(1749, 'Călugăreni', 4),
(1750, 'Drăgeşti', 4),
(1751, 'Pădureni', 4),
(1752, 'Dărmăneasca', 4),
(1753, 'Lăpoş', 4),
(1754, 'Plopu', 4),
(1755, 'Păgubeni', 4),
(1756, 'Sălătruc', 4),
(1757, 'Banca', 4),
(1758, 'Blaga', 4),
(1759, 'Boboş', 4),
(1760, 'Bodeasa', 4),
(1761, 'Bostăneşti', 4),
(1762, 'Bălăneşti', 4),
(1763, 'Calapodeşti', 4),
(1764, 'Căuia', 4),
(1765, 'Dorofei', 4),
(1766, 'Ghionoaia', 4),
(1767, 'Grădeşti', 4),
(1768, 'Neguleşti', 4),
(1769, 'Tăvădăreşti', 4),
(1770, 'Bogata', 4),
(1771, 'Cucuieţi', 4),
(1772, 'Hăghiac', 4),
(1773, 'Larga', 4),
(1774, 'Seaca', 4),
(1775, 'Ştefan Vodă', 4),
(1776, 'Brad', 4),
(1777, 'Bălaia', 4),
(1778, 'Frunteşti', 4),
(1779, 'Mărăşti', 4),
(1780, 'Pădureni', 4),
(1781, 'Slobozia', 4),
(1782, 'Valea Boţului', 4),
(1783, 'Boanţa', 4),
(1784, 'Corneşti', 4),
(1785, 'Cotu Grosului', 4),
(1786, 'Cârligi', 4),
(1787, 'Galbeni', 4),
(1788, 'Hârleşti', 4),
(1789, 'Onişcani', 4),
(1790, 'Arini', 4),
(1791, 'Huţu', 4),
(1792, 'Popeşti', 4),
(1793, 'Gârlenii de Sus', 4),
(1794, 'Lespezi', 4),
(1795, 'Şurina', 4),
(1796, 'Bolovăniş', 4),
(1797, 'Făget', 4),
(1798, 'Făgetu de Sus', 4),
(1799, 'Ghimeş', 4),
(1800, 'Răchitiş', 4),
(1801, 'Tărhăuşi', 4),
(1802, 'Frumuşelu', 4),
(1803, 'Muncelu', 4),
(1804, 'Putredeni', 4),
(1805, 'Răzeşu', 4),
(1806, 'Capăta', 4),
(1807, 'Dumbrava', 4),
(1808, 'Motoceşti', 4),
(1809, 'Păltinata', 4),
(1810, 'Temelia', 4),
(1811, 'Brătila', 4),
(1812, 'Deleni', 4),
(1813, 'Drăgugeşti', 4),
(1814, 'Fântânele', 4),
(1815, 'Lilieci', 4),
(1816, 'Bazga', 4),
(1817, 'Galeri', 4),
(1818, 'Mărăscu', 4),
(1819, 'Recea', 4),
(1820, 'Răcătău de Jos', 4),
(1821, 'Răcătău-Răzeşi', 4),
(1822, 'Sohodor', 4),
(1823, 'Căpoteşti', 4),
(1824, 'Floreşti', 4),
(1825, 'Fundoaia', 4),
(1826, 'Ocheni', 4),
(1827, 'Perchiu', 4),
(1828, 'Prădaiş', 4),
(1829, 'Antoheşti', 4),
(1830, 'Băimac', 4),
(1831, 'Făghieni', 4),
(1832, 'Obârşia', 4),
(1833, 'Oţeleşti', 4),
(1834, 'Pădureni', 4),
(1835, 'Holt', 4),
(1836, 'Radomireşti', 4),
(1837, 'Ruşi-Ciutea', 4),
(1838, 'Siretu', 4),
(1839, 'Mâlosu', 4),
(1840, 'Satu Nou', 4),
(1841, 'Valea Caselor', 4),
(1842, 'Valea Hogei', 4),
(1843, 'Valea Moşneagului', 4),
(1844, 'Valea Mărului', 4),
(1845, 'Bălăneasa', 4),
(1846, 'Orăşa', 4),
(1847, 'Poiana', 4),
(1848, 'Prajoaia', 4),
(1849, 'Scăriga', 4),
(1850, 'Osebiţi', 4),
(1851, 'Prăjeşti', 4),
(1852, 'Stăneşti', 4),
(1853, 'Valea Arinilor', 4),
(1854, 'Şesuri', 4),
(1855, 'Crihan', 4),
(1856, 'Dealu-Mare', 4),
(1857, 'Sohodol', 4),
(1858, 'Lupeşti', 4),
(1859, 'Pârvuleşti', 4),
(1860, 'Scutaru', 4),
(1861, 'Baraţi', 4),
(1862, 'Luncani', 4),
(1863, 'Podiş', 4),
(1864, 'Poiana', 4),
(1865, 'Pădureni', 4),
(1866, 'Trebeş', 4),
(1867, 'Valea Budului', 4),
(1868, 'Găzărie', 4),
(1869, 'Bâcleşti', 4),
(1870, 'Chetreni', 4),
(1871, 'Chicerea', 4),
(1872, 'Cociu', 4),
(1873, 'Cornăţelu', 4),
(1874, 'Fundătura', 4),
(1875, 'Fântânele', 4),
(1876, 'Gura Crăieşti', 4),
(1877, 'Poiana', 4),
(1878, 'Praja', 4),
(1879, 'Rotăria', 4),
(1880, 'Şendreşti', 4),
(1881, 'Ţepoaia', 4),
(1882, 'Brad', 4),
(1883, 'Călineşti', 4),
(1884, 'Mâgla', 4),
(1885, 'Poiana', 4),
(1886, 'Ursoaia', 4),
(1887, 'Buchila', 4),
(1888, 'Bălţata', 4),
(1889, 'Galbeni', 4),
(1890, 'Lărguţa', 4),
(1891, 'Sărata', 4),
(1892, 'Valea Seacă', 4),
(1893, 'Călcâi', 4),
(1894, 'Ferestrău-Oituz', 4),
(1895, 'Hârja', 4),
(1896, 'Marginea', 4),
(1897, 'Poiana Sărată', 4),
(1898, 'Bărboasa', 4),
(1899, 'Dealu Perjului', 4),
(1900, 'Onceştii Vechi', 4),
(1901, 'Satu Nou', 4),
(1902, 'Tarniţa', 4),
(1903, 'Taula', 4),
(1904, 'Borzeşti', 4),
(1905, 'Slobozia', 4),
(1906, 'Scurta', 4),
(1907, 'Ciugheş', 4),
(1908, 'Cădăreşti', 4),
(1909, 'Pajiştea', 4),
(1910, 'Popoiu', 4),
(1911, 'Chilia Benei', 4),
(1912, 'Dieneţ', 4),
(1913, 'Fulgeriş', 4),
(1914, 'Fundu Văii', 4),
(1915, 'Motoc', 4),
(1916, 'Petreşti', 4),
(1917, 'Soci', 4),
(1918, 'Drăguşani', 4),
(1919, 'Rădoaia', 4),
(1920, 'Teiuş', 4),
(1921, 'Bahna', 4),
(1922, 'Nicoreşti', 4),
(1923, 'Pârâu Boghii', 4),
(1924, 'Satu Nou', 4),
(1925, 'Barna', 4),
(1926, 'Mileştii de Jos', 4),
(1927, 'Mileştii de Sus', 4),
(1928, 'Năneşti', 4),
(1929, 'Năstăseni', 4),
(1930, 'Poieni', 4),
(1931, 'Satu Nou', 4),
(1932, 'Vladnic', 4),
(1933, 'Văleni', 4),
(1934, 'Băhnăşeni', 4),
(1935, 'Bărneşti', 4),
(1936, 'Băsăşti', 4),
(1937, 'Câmpeni', 4),
(1938, 'Hemieni', 4),
(1939, 'Hâineala', 4),
(1940, 'Pustiana', 4),
(1941, 'Tărâţa', 4),
(1942, 'Budeşti', 4),
(1943, 'Dorneni', 4),
(1944, 'Fundu Tutovei', 4),
(1945, 'Iţcani', 4),
(1946, 'Rusenii Răzeşi', 4),
(1947, 'Rusenii de Sus', 4),
(1948, 'Străminoasa', 4),
(1949, 'Ţâgâra', 4),
(1950, 'Bălăneşti', 4),
(1951, 'Căbeşti', 4),
(1952, 'Fichiteşti', 4),
(1953, 'Giurgioana', 4),
(1954, 'Hanţa', 4),
(1955, 'Lehancea', 4),
(1956, 'Plopu', 4),
(1957, 'Răcuşana', 4),
(1958, 'Sârbi', 4),
(1959, 'Bucşeşti', 4),
(1960, 'Cernu', 4),
(1961, 'Cornet', 4),
(1962, 'Negreni', 4),
(1963, 'Prohozeşti', 4),
(1964, 'Valea Şoşii', 4),
(1965, 'Ciucani', 4),
(1966, 'Fundu Răcăciuni', 4),
(1967, 'Gheorghe Doja', 4),
(1968, 'Gâşteni', 4),
(1969, 'Răstoaca', 4),
(1970, 'Barcana', 4),
(1971, 'Bucşa', 4),
(1972, 'Buda', 4),
(1973, 'Burdusaci', 4),
(1974, 'Dumbrava', 4),
(1975, 'Dănăila', 4),
(1976, 'Farcaşa', 4),
(1977, 'Fundătura Răchitoasa', 4),
(1978, 'Hăghiac', 4),
(1979, 'Magazia', 4),
(1980, 'Moviliţa', 4),
(1981, 'Oprişeşti', 4),
(1982, 'Putini', 4),
(1983, 'Tochilea', 4),
(1984, 'Gura Văii', 4),
(1985, 'Hălmăcioaia', 4),
(1986, 'Ilieşi', 4),
(1987, 'Misihăneşti', 4),
(1988, 'Neguşeni', 4),
(1989, 'Poieni', 4),
(1990, 'Valea Mare', 4),
(1991, 'Valea Mică', 4),
(1992, 'Bârzuleşti', 4),
(1993, 'Coman', 4),
(1994, 'Mateieşti', 4),
(1995, 'Stufu', 4),
(1996, 'Tisa', 4),
(1997, 'Verşeşti', 4),
(1998, 'Bereşti', 4),
(1999, 'Conţeşti', 4),
(2000, 'Pănceşti', 4),
(2001, 'Sascut-Sat', 4),
(2002, 'Schineni', 4),
(2003, 'Valea Nacului', 4),
(2004, 'Bogdan Vodă', 4),
(2005, 'Costei', 4),
(2006, 'Schineni', 4),
(2007, 'Siretu', 4),
(2008, 'Şerbeşti', 4),
(2009, 'Bogdăneşti', 4),
(2010, 'Floreşti', 4),
(2011, 'Grigoreni', 4),
(2012, 'Stejaru', 4),
(2013, 'Şerpeni', 4),
(2014, 'Berbinceni', 4),
(2015, 'Băluşa', 4),
(2016, 'Chiticeni', 4),
(2017, 'Ciutureşti', 4),
(2018, 'Fundeni', 4),
(2019, 'Glodişoarele', 4),
(2020, 'Odobeşti', 4),
(2021, 'Tisa-Silvestri', 4),
(2022, 'Valea Fânaţului', 4),
(2023, 'Văleni', 4),
(2024, 'Cerdac', 4),
(2025, 'Cireşoaia', 4),
(2026, 'Slănic-Moldova', 4),
(2027, 'Cucuieţi', 4),
(2028, 'Sărata', 4),
(2029, 'Baloteşti', 4),
(2030, 'Belciuneasa', 4),
(2031, 'Beneşti', 4),
(2032, 'Crăieşti', 4),
(2033, 'Gorgheşti', 4),
(2034, 'Slobozia', 4),
(2035, 'Slobozia Nouă', 4),
(2036, 'Văleni', 4),
(2037, 'Bogdana', 4),
(2038, 'Buciumi', 4),
(2039, 'Gutinaş', 4),
(2040, 'Negoieşti', 4),
(2041, 'Răcăuţi', 4),
(2042, 'Rădeana', 4),
(2043, 'Viişoara', 4),
(2044, 'Cetăţuia', 4),
(2045, 'Iaz', 4),
(2046, 'Nadişa', 4),
(2047, 'Petricica', 4),
(2048, 'Răchitişu', 4),
(2049, 'Chetriş', 4),
(2050, 'Furnicari', 4),
(2051, 'Gioseni', 4),
(2052, 'Poieni', 4),
(2053, 'Vâlcele', 4),
(2054, 'Tuta', 4),
(2055, 'Viişoara', 4),
(2056, 'Cornii de Jos', 4),
(2057, 'Cornii de Sus', 4),
(2058, 'Drăgeşti', 4),
(2059, 'Gherdana', 4),
(2060, 'Giurgeni', 4),
(2061, 'Ungureni', 4),
(2062, 'Bogdăneşti', 4),
(2063, 'Hertioana de Jos', 4),
(2064, 'Hertioana-Răzeşi', 4),
(2065, 'Prăjeşti', 4),
(2066, 'Zăpodia', 4),
(2067, 'Bibireşti', 4),
(2068, 'Bota', 4),
(2069, 'Boteşti', 4),
(2070, 'Bărtăşeşti', 4),
(2071, 'Gârla Anei', 4),
(2072, 'Viforeni', 4),
(2073, 'Zlătari', 4),
(2074, 'Cornăţel', 4),
(2075, 'Lunca Dochiei', 4),
(2076, 'Satu Nou', 4),
(2077, 'Slobozia', 4),
(2078, 'Cucova', 4),
(2079, 'Bosia', 4),
(2080, 'Dorneni', 4),
(2081, 'Dădeşti', 4),
(2082, 'Ghilăveşti', 4),
(2083, 'Godineştii de Jos', 4),
(2084, 'Godineştii de Sus', 4),
(2085, 'Lichitişeni', 4),
(2086, 'Medeleni', 4),
(2087, 'Năzărioaia', 4),
(2088, 'Reprivăţ', 4),
(2089, 'Tomozia', 4),
(2090, 'Valea Lupului', 4),
(2091, 'Valea Merilor', 4),
(2092, 'Valea Salciei', 4),
(2093, 'Ţigăneşti', 4),
(2094, 'Bolătău', 4),
(2095, 'Abram', 5),
(2096, 'Abrămuţ', 5),
(2097, 'Aleşd', 5),
(2098, 'Auşeu', 5),
(2099, 'Avram Iancu', 5),
(2100, 'Aştileu', 5),
(2101, 'Balc', 5),
(2102, 'Batăr', 5),
(2103, 'Beiuş', 5),
(2104, 'Biharia', 5),
(2105, 'Boianu Mare', 5),
(2106, 'Borod', 5),
(2107, 'Borş', 5),
(2108, 'Bratca', 5),
(2109, 'Brusturi', 5),
(2110, 'Budureasa', 5),
(2111, 'Buduslău', 5),
(2112, 'Bulz', 5),
(2113, 'Bunteşti', 5),
(2114, 'Cefa', 5),
(2115, 'Ceica', 5),
(2116, 'Cetariu', 5),
(2117, 'Cherechiu', 5),
(2118, 'Chişlaz', 5),
(2119, 'Ciuhoi', 5),
(2120, 'Ciumeghiu', 5),
(2121, 'Cociuba Mare', 5),
(2122, 'Copăcel', 5),
(2123, 'Criştioru de Jos', 5),
(2124, 'Curtuişeni', 5),
(2125, 'Curăţele', 5),
(2126, 'Câmpani', 5),
(2127, 'Căbeşti', 5),
(2128, 'Căpâlna', 5),
(2129, 'Cărpinet', 5),
(2130, 'Derna', 5),
(2131, 'Diosig', 5),
(2132, 'Dobreşti', 5),
(2133, 'Drăgeşti', 5),
(2134, 'Drăgăneşti', 5),
(2135, 'Finiş', 5),
(2136, 'Gepiu', 5),
(2137, 'Girişu de Criş', 5),
(2138, 'Hidişelu de Sus', 5),
(2139, 'Holod', 5),
(2140, 'Husasău de Tinca', 5),
(2141, 'Ineu', 5),
(2142, 'Lazuri de Beiuş', 5),
(2143, 'Lugaşu de Jos', 5),
(2144, 'Lunca', 5),
(2145, 'Lăzăreni', 5),
(2146, 'Marghita', 5),
(2147, 'Mădăraş', 5),
(2148, 'Măgeşti', 5),
(2149, 'Nojorid', 5),
(2150, 'Nucet', 5),
(2151, 'Olcea', 5),
(2152, 'Oradea', 5),
(2153, 'Oşorhei', 5),
(2154, 'Paleu', 5),
(2155, 'Pietroasa', 5),
(2156, 'Pocola', 5),
(2157, 'Pomezeu', 5),
(2158, 'Popeşti', 5),
(2159, 'Remetea', 5),
(2160, 'Rieni', 5),
(2161, 'Roşia', 5),
(2162, 'Roşiori', 5),
(2163, 'Răbăgani', 5),
(2164, 'Salonta', 5),
(2165, 'Spinuş', 5),
(2166, 'Suplacu de Barcău', 5),
(2167, 'Sâmbăta', 5),
(2168, 'Sânmartin', 5),
(2169, 'Sânnicolau Român', 5),
(2170, 'Sântandrei', 5),
(2171, 'Sârbi', 5),
(2172, 'Săcueni', 5),
(2173, 'Săcădat', 5),
(2174, 'Sălacea', 5),
(2175, 'Sălard', 5),
(2176, 'Tarcea', 5),
(2177, 'Tileagd', 5),
(2178, 'Tinca', 5),
(2179, 'Tulca', 5),
(2180, 'Tămăşeu', 5),
(2181, 'Tărcaia', 5),
(2182, 'Tăuteu', 5),
(2183, 'Uileacu de Beiuş', 5),
(2184, 'Vadu Crişului', 5),
(2185, 'Valea lui Mihai', 5),
(2186, 'Vaşcău', 5),
(2187, 'Viişoara', 5),
(2188, 'Vârciorog', 5),
(2189, 'Şimian', 5),
(2190, 'Şinteu', 5),
(2191, 'Şoimi', 5),
(2192, 'Ştei', 5),
(2193, 'Şuncuiuş', 5),
(2194, 'Ţeţchea', 5),
(2195, 'Cohani', 5),
(2196, 'Dijir', 5),
(2197, 'Iteu', 5),
(2198, 'Iteu Nou', 5),
(2199, 'Margine', 5),
(2200, 'Satu Barbă', 5),
(2201, 'Suiug', 5),
(2202, 'Crestur', 5),
(2203, 'Făncica', 5),
(2204, 'Petreu', 5),
(2205, 'Peştiş', 5),
(2206, 'Pădurea Neagră', 5),
(2207, 'Tinăud', 5),
(2208, 'Chistag', 5),
(2209, 'Călăţea', 5),
(2210, 'Peştere', 5),
(2211, 'Cacuciu Vechi', 5),
(2212, 'Codrişoru', 5),
(2213, 'Gheghie', 5),
(2214, 'Groşi', 5),
(2215, 'Luncşoara', 5),
(2216, 'Ant', 5),
(2217, 'Tămaşda', 5),
(2218, 'Almaşu Mare', 5),
(2219, 'Almaşu Mic', 5),
(2220, 'Ghida', 5),
(2221, 'Săldăbagiu de Barcău', 5),
(2222, 'Arpăşel', 5),
(2223, 'Talpoş', 5),
(2224, 'Tăut', 5),
(2225, 'Delani', 5),
(2226, 'Cauaceu', 5),
(2227, 'Corboaia', 5),
(2228, 'Huta', 5),
(2229, 'Păgaia', 5),
(2230, 'Rugea', 5),
(2231, 'Borozel', 5),
(2232, 'Cetea', 5),
(2233, 'Corniţel', 5),
(2234, 'Valea Mare de Criş', 5),
(2235, 'Şerani', 5),
(2236, 'Santăul Mare', 5),
(2237, 'Santăul Mic', 5),
(2238, 'Sântion', 5),
(2239, 'Beznea', 5),
(2240, 'Damiş', 5),
(2241, 'Lorău', 5),
(2242, 'Ponoară', 5),
(2243, 'Valea Crişului', 5),
(2244, 'Cuieşd', 5),
(2245, 'Loranta', 5),
(2246, 'Orvişele', 5),
(2247, 'Picleu', 5),
(2248, 'Păuleşti', 5),
(2249, 'Varasău', 5),
(2250, 'Ţigăneştii de Criş', 5),
(2251, 'Burda', 5),
(2252, 'Saca', 5),
(2253, 'Sălişte de Beiuş', 5),
(2254, 'Teleac', 5),
(2255, 'Albiş', 5),
(2256, 'Munteni', 5),
(2257, 'Remeţi', 5),
(2258, 'Brădet', 5),
(2259, 'Dumbrăvani', 5),
(2260, 'Ferice', 5),
(2261, 'Leleşti', 5),
(2262, 'Poienii de Jos', 5),
(2263, 'Poienii de Sus', 5),
(2264, 'Stânceşti', 5),
(2265, 'Săud', 5),
(2266, 'Goila', 5),
(2267, 'Gurbeşti', 5),
(2268, 'Josani', 5),
(2269, 'Sohodol', 5),
(2270, 'Fânaţe', 5),
(2271, 'Hârseşti', 5),
(2272, 'Sighiştel', 5),
(2273, 'Valea de Sus', 5),
(2274, 'Ginta', 5),
(2275, 'Rohani', 5),
(2276, 'Suplacu de Tinca', 5),
(2277, 'Săldăbagiu Mic', 5),
(2278, 'Călugări', 5),
(2279, 'Izbuc', 5),
(2280, 'Leheceni', 5),
(2281, 'Ateaş', 5),
(2282, 'Inand', 5),
(2283, 'Bucium', 5),
(2284, 'Ceişoara', 5),
(2285, 'Corbeşti', 5),
(2286, 'Cotiglet', 5),
(2287, 'Duşeşti', 5),
(2288, 'Inceşti', 5),
(2289, 'Tăutelec', 5),
(2290, 'Şişterea', 5),
(2291, 'Şuşturogi', 5),
(2292, 'Cheşereu', 5),
(2293, 'Târguşor', 5),
(2294, 'Chiraleu', 5),
(2295, 'Hăuceşti', 5),
(2296, 'Mişca', 5),
(2297, 'Pocluşa de Barcău', 5),
(2298, 'Sânlazăr', 5),
(2299, 'Sărsig', 5),
(2300, 'Cenaloş', 5),
(2301, 'Sfârnaş', 5),
(2302, 'Sâniob', 5),
(2303, 'Boiu', 5),
(2304, 'Ghiorac', 5),
(2305, 'Cheşa', 5),
(2306, 'Cărăsău', 5),
(2307, 'Petid', 5),
(2308, 'Bucuroaia', 5),
(2309, 'Chijic', 5),
(2310, 'Poiana Tăşad', 5),
(2311, 'Surduc', 5),
(2312, 'Sărand', 5),
(2313, 'Bâlc', 5),
(2314, 'Criştioru de Sus', 5),
(2315, 'Poiana', 5),
(2316, 'Sălişte de Vaşcău', 5),
(2317, 'Beiuşele', 5),
(2318, 'Cresuia', 5),
(2319, 'Nimăieşti', 5),
(2320, 'Pociovelişte', 5),
(2321, 'Văşad', 5),
(2322, 'Dernişoara', 5),
(2323, 'Sacalasău', 5),
(2324, 'Sacalasău Nou', 5),
(2325, 'Tria', 5),
(2326, 'Ianca', 5),
(2327, 'Cornişeşti', 5),
(2328, 'Crânceşti', 5),
(2329, 'Hidişel', 5),
(2330, 'Luncasprie', 5),
(2331, 'Răcaş', 5),
(2332, 'Topa de Jos', 5),
(2333, 'Topa de Sus', 5),
(2334, 'Belejeni', 5),
(2335, 'Grădinari', 5),
(2336, 'Livada Beiuşului', 5),
(2337, 'Mizieş', 5),
(2338, 'Păntăşeşti', 5),
(2339, 'Talpe', 5),
(2340, 'Şebiş', 5),
(2341, 'Ţigăneştii de Beiuş', 5),
(2342, 'Dicăneşti', 5),
(2343, 'Stracoş', 5),
(2344, 'Topeşti', 5),
(2345, 'Tăşad', 5),
(2346, 'Păcăleşti', 5),
(2347, 'Brusturi', 5),
(2348, 'Fiziş', 5),
(2349, 'Ioaniş', 5),
(2350, 'Şuncuiş', 5),
(2351, 'Bicaci', 5),
(2352, 'Cheresig', 5),
(2353, 'Toboliu', 5),
(2354, 'Tărian', 5),
(2355, 'Hidişelu de Jos', 5),
(2356, 'Mierlău', 5),
(2357, 'Sântelec', 5),
(2358, 'Şumugiu', 5),
(2359, 'Dumbrava', 5),
(2360, 'Dumbrăviţa', 5),
(2361, 'Forosig', 5),
(2362, 'Hodiş', 5),
(2363, 'Lupoaia', 5),
(2364, 'Valea Mare de Codru', 5),
(2365, 'Vintere', 5),
(2366, 'Fonău', 5),
(2367, 'Miersig', 5),
(2368, 'Oşand', 5),
(2369, 'Sititelec', 5),
(2370, 'Botean', 5),
(2371, 'Husasău de Criş', 5),
(2372, 'Bicăcel', 5),
(2373, 'Calea Mare', 5),
(2374, 'Cărăndeni', 5),
(2375, 'Cărănzel', 5),
(2376, 'Gepiş', 5),
(2377, 'Gruilung', 5),
(2378, 'Miheleu', 5),
(2379, 'Băleni', 5),
(2380, 'Cusuiuş', 5),
(2381, 'Hinchiriş', 5),
(2382, 'Lugaşu de Sus', 5),
(2383, 'Urvind', 5),
(2384, 'Briheni', 5),
(2385, 'Hotărel', 5),
(2386, 'Seghişte', 5),
(2387, 'Sârbeşti', 5),
(2388, 'Şuştiu', 5),
(2389, 'Homorog', 5),
(2390, 'Ianoşda', 5),
(2391, 'Marţihaz', 5),
(2392, 'Butani', 5),
(2393, 'Cacuciu Nou', 5),
(2394, 'Dobricioneşti', 5),
(2395, 'Gălăşeni', 5),
(2396, 'Josani', 5),
(2397, 'Ortiteag', 5);
INSERT INTO `dashboard_city` (`id`, `name`, `area_id`) VALUES
(2398, 'Cheţ', 5),
(2399, 'Ghenetea', 5),
(2400, 'Apateu', 5),
(2401, 'Chişirid', 5),
(2402, 'Leş', 5),
(2403, 'Livada de Bihor', 5),
(2404, 'Păuşa', 5),
(2405, 'Şauaieu', 5),
(2406, 'Băiţa', 5),
(2407, 'Băiţa-Plai', 5),
(2408, 'Călacea', 5),
(2409, 'Hodişel', 5),
(2410, 'Ucuriş', 5),
(2411, 'Alparea', 5),
(2412, 'Cheriu', 5),
(2413, 'Felcheriu', 5),
(2414, 'Fughiu', 5),
(2415, 'Săldăbagiu de Munte', 5),
(2416, 'Uileacu de Munte', 5),
(2417, 'Chişcău', 5),
(2418, 'Cociuba Mică', 5),
(2419, 'Giuleşti', 5),
(2420, 'Gurani', 5),
(2421, 'Moţeşti', 5),
(2422, 'Măgura', 5),
(2423, 'Feneriş', 5),
(2424, 'Petrani', 5),
(2425, 'Poietari', 5),
(2426, 'Sânmartin de Beiuş', 5),
(2427, 'Coşdeni', 5),
(2428, 'Câmpani de Pomezeu', 5),
(2429, 'Hidiş', 5),
(2430, 'Lacu Sărat', 5),
(2431, 'Sitani', 5),
(2432, 'Spinuş de Pomezeu', 5),
(2433, 'Vălani de Pomezeu', 5),
(2434, 'Bistra', 5),
(2435, 'Budoi', 5),
(2436, 'Cuzap', 5),
(2437, 'Varviz', 5),
(2438, 'Voivozi', 5),
(2439, 'Vărzari', 5),
(2440, 'Albeşti', 5),
(2441, 'Brăteşti', 5),
(2442, 'Salişte de Pomezeu', 5),
(2443, 'Săucani', 5),
(2444, 'Vărăşeni', 5),
(2445, 'Drăgoteni', 5),
(2446, 'Meziad', 5),
(2447, 'Petreasa', 5),
(2448, 'Soimuş', 5),
(2449, 'Cucuceni', 5),
(2450, 'Ghighişeni', 5),
(2451, 'Petrileni', 5),
(2452, 'Sudrigiu', 5),
(2453, 'Valea de Jos', 5),
(2454, 'Lazuri', 5),
(2455, 'Mihai Bravu', 5),
(2456, 'Vaida', 5),
(2457, 'Borşa', 5),
(2458, 'Săbolciu', 5),
(2459, 'Cadea', 5),
(2460, 'Ciocaia', 5),
(2461, 'Cubulcut', 5),
(2462, 'Olosig', 5),
(2463, 'Sânnicolau de Munte', 5),
(2464, 'Otomani', 5),
(2465, 'Hodoş', 5),
(2466, 'Sântimreu', 5),
(2467, 'Copăceni', 5),
(2468, 'Ogeşti', 5),
(2469, 'Rogoz', 5),
(2470, 'Rotăreşti', 5),
(2471, 'Zăvoiu', 5),
(2472, 'Betfia', 5),
(2473, 'Băile Felix', 5),
(2474, 'Cihei', 5),
(2475, 'Cordău', 5),
(2476, 'Haieu', 5),
(2477, 'Rontău', 5),
(2478, 'Berechiu', 5),
(2479, 'Roit', 5),
(2480, 'Palota', 5),
(2481, 'Almaşu Mic', 5),
(2482, 'Burzuc', 5),
(2483, 'Chioag', 5),
(2484, 'Fegernic', 5),
(2485, 'Fegernicu Nou', 5),
(2486, 'Sarcău', 5),
(2487, 'Voivozi', 5),
(2488, 'Şilindru', 5),
(2489, 'Huta Voivozi', 5),
(2490, 'Socet', 5),
(2491, 'Valea Târnei', 5),
(2492, 'Borz', 5),
(2493, 'Codru', 5),
(2494, 'Dumbrăviţa de Codru', 5),
(2495, 'Pocluşa de Beiuş', 5),
(2496, 'Sânnicolau de Beiuş', 5),
(2497, 'Ursad', 5),
(2498, 'Urviş de Beiuş', 5),
(2499, 'Ciuleşti', 5),
(2500, 'Gurbeşti', 5),
(2501, 'Nădar', 5),
(2502, 'Sălişte', 5),
(2503, 'Bălnaca', 5),
(2504, 'Bălnaca-Groşi', 5),
(2505, 'Zece Hotare', 5),
(2506, 'Borumlaca', 5),
(2507, 'Dolea', 5),
(2508, 'Foglaş', 5),
(2509, 'Valea Cerului', 5),
(2510, 'Vâlcelele', 5),
(2511, 'Niuved', 5),
(2512, 'Parhida', 5),
(2513, 'Satu Nou', 5),
(2514, 'Mierag', 5),
(2515, 'Totoreni', 5),
(2516, 'Tărcăiţa', 5),
(2517, 'Adoni', 5),
(2518, 'Galoşpetreu', 5),
(2519, 'Bogei', 5),
(2520, 'Chiribiş', 5),
(2521, 'Ciutelec', 5),
(2522, 'Poiana', 5),
(2523, 'Hotar', 5),
(2524, 'Subpiatră', 5),
(2525, 'Telechiu', 5),
(2526, 'Bălaia', 5),
(2527, 'Călătani', 5),
(2528, 'Poşoloaca', 5),
(2529, 'Tilecuş', 5),
(2530, 'Uileacu de Criş', 5),
(2531, 'Belfir', 5),
(2532, 'Girişu Negru', 5),
(2533, 'Gurbediu', 5),
(2534, 'Râpa', 5),
(2535, 'Căuaşd', 5),
(2536, 'Forău', 5),
(2537, 'Prisaca', 5),
(2538, 'Vălanii de Beiuş', 5),
(2539, 'Birtin', 5),
(2540, 'Tomnatic', 5),
(2541, 'Topa de Criş', 5),
(2542, 'Fâşca', 5),
(2543, 'Surducel', 5),
(2544, 'Şerghiş', 5),
(2545, 'Coleşti', 5),
(2546, 'Câmp', 5),
(2547, 'Câmp-Moţi', 5),
(2548, 'Vărzarii de Jos', 5),
(2549, 'Vărzarii de Sus', 5),
(2550, 'Izvoarele', 5),
(2551, 'Pădureni', 5),
(2552, 'Reghea', 5),
(2553, 'Beclean', 6),
(2554, 'Bistriţa', 6),
(2555, 'Bistriţa Bârgăului', 6),
(2556, 'Braniştea', 6),
(2557, 'Budacu de Jos', 6),
(2558, 'Budeşti', 6),
(2559, 'Chiochiş', 6),
(2560, 'Chiuza', 6),
(2561, 'Ciceu-Giurgeşti', 6),
(2562, 'Coşbuc', 6),
(2563, 'Căianu Mic', 6),
(2564, 'Dumitra', 6),
(2565, 'Dumitriţa', 6),
(2566, 'Feldru', 6),
(2567, 'Galaţii Bistriţei', 6),
(2568, 'Ilva Mare', 6),
(2569, 'Ilva Mica', 6),
(2570, 'Josenii Bârgăului', 6),
(2571, 'Lechinţa', 6),
(2572, 'Leşu', 6),
(2573, 'Livezile', 6),
(2574, 'Lunca Ilvei', 6),
(2575, 'Maieru', 6),
(2576, 'Matei', 6),
(2577, 'Miceştii de Câmpie', 6),
(2578, 'Milaş', 6),
(2579, 'Monor', 6),
(2580, 'Măgura Ilvei', 6),
(2581, 'Mărişelu', 6),
(2582, 'Negrileşti', 6),
(2583, 'Nuşeni', 6),
(2584, 'Năsăud', 6),
(2585, 'Parva', 6),
(2586, 'Poiana Ilvei', 6),
(2587, 'Prundu Bârgăului', 6),
(2588, 'Rebra', 6),
(2589, 'Rebrişoara', 6),
(2590, 'Rodna', 6),
(2591, 'Romuli', 6),
(2592, 'Salva', 6),
(2593, 'Spermezeu', 6),
(2594, 'Sângeorz-Băi', 6),
(2595, 'Teaca', 6),
(2596, 'Telciu', 6),
(2597, 'Tiha Bârgăului', 6),
(2598, 'Târlişua', 6),
(2599, 'Uriu', 6),
(2600, 'Urmeniş', 6),
(2601, 'Zagra', 6),
(2602, 'Şanţ', 6),
(2603, 'Şieu', 6),
(2604, 'Şieu-Măgheruş', 6),
(2605, 'Şieu-Odorhei', 6),
(2606, 'Şieuţ', 6),
(2607, 'Şintereag', 6),
(2608, 'Coldău', 6),
(2609, 'Figa', 6),
(2610, 'Rusu de Jos', 6),
(2611, 'Ghinda', 6),
(2612, 'Sigmir', 6),
(2613, 'Slătiniţa', 6),
(2614, 'Sărata', 6),
(2615, 'Unirea', 6),
(2616, 'Viişoara', 6),
(2617, 'Colibiţa', 6),
(2618, 'Cireşoaia', 6),
(2619, 'Măluţ', 6),
(2620, 'Buduş', 6),
(2621, 'Jelna', 6),
(2622, 'Monariu', 6),
(2623, 'Simioneşti', 6),
(2624, 'Budeşti-Fânaţe', 6),
(2625, 'Ţagu', 6),
(2626, 'Ţăgşoru', 6),
(2627, 'Ciceu-Poieni', 6),
(2628, 'Căianu Mare', 6),
(2629, 'Dobric', 6),
(2630, 'Dobricel', 6),
(2631, 'Dumbrăviţa', 6),
(2632, 'Orheiu Bistriţei', 6),
(2633, 'Petriş', 6),
(2634, 'Satu Nou', 6),
(2635, 'Apatiu', 6),
(2636, 'Bozieş', 6),
(2637, 'Buza Cătun', 6),
(2638, 'Cheţiu', 6),
(2639, 'Jimbor', 6),
(2640, 'Manic', 6),
(2641, 'Strugureni', 6),
(2642, 'Sânnicoară', 6),
(2643, 'Ţentea', 6),
(2644, 'Mireş', 6),
(2645, 'Piatra', 6),
(2646, 'Săsarm', 6),
(2647, 'Dumbrăveni', 6),
(2648, 'Bichigiu', 6),
(2649, 'Cepari', 6),
(2650, 'Tărpiu', 6),
(2651, 'Budacu de Sus', 6),
(2652, 'Ragla', 6),
(2653, 'Nepos', 6),
(2654, 'Albeştii Bistriţei', 6),
(2655, 'Dipşa', 6),
(2656, 'Herina', 6),
(2657, 'Tonciu', 6),
(2658, 'Ivăneasa', 6),
(2659, 'Mijlocenii Bârgăului', 6),
(2660, 'Rusu Bârgăului', 6),
(2661, 'Strâmba', 6),
(2662, 'Bungard', 6),
(2663, 'Chiraleş', 6),
(2664, 'Sângeorzu Nou', 6),
(2665, 'Sâniacob', 6),
(2666, 'Vermeş', 6),
(2667, 'Ţigău', 6),
(2668, 'Lunca Leşului', 6),
(2669, 'Cuşma', 6),
(2670, 'Dorolea', 6),
(2671, 'Dumbrava', 6),
(2672, 'Valea Poenii', 6),
(2673, 'Arşiţa', 6),
(2674, 'Anieş', 6),
(2675, 'Bârla', 6),
(2676, 'Domneşti', 6),
(2677, 'Jeica', 6),
(2678, 'Măgurele', 6),
(2679, 'Neţeni', 6),
(2680, 'Sântioana', 6),
(2681, 'Bidiu', 6),
(2682, 'Corvineşti', 6),
(2683, 'Enciu', 6),
(2684, 'Fântânele', 6),
(2685, 'Moruţ', 6),
(2686, 'Fântâniţa', 6),
(2687, 'Visuia', 6),
(2688, 'Comlod', 6),
(2689, 'Dupa Deal', 6),
(2690, 'Ghemeş', 6),
(2691, 'Hirean', 6),
(2692, 'Orosfaia', 6),
(2693, 'Gledin', 6),
(2694, 'Liviu Rebreanu', 6),
(2695, 'Luşca', 6),
(2696, 'Breaza', 6),
(2697, 'Purcărete', 6),
(2698, 'Floreşti', 6),
(2699, 'Mintiu', 6),
(2700, 'Mititei', 6),
(2701, 'Mocod', 6),
(2702, 'Mogoşeni', 6),
(2703, 'Nimigea de Jos', 6),
(2704, 'Nimigea de Sus', 6),
(2705, 'Tăure', 6),
(2706, 'Beudiu', 6),
(2707, 'Dumbrava', 6),
(2708, 'Feleac', 6),
(2709, 'Malin', 6),
(2710, 'Rusu de Sus', 6),
(2711, 'Viţa', 6),
(2712, 'Baţa', 6),
(2713, 'Ciceu-Corabia', 6),
(2714, 'Ciceu-Mihăieşti', 6),
(2715, 'Leleşti', 6),
(2716, 'Reteag', 6),
(2717, 'Susenii Bârgăului', 6),
(2718, 'Gersa I', 6),
(2719, 'Gersa Ii', 6),
(2720, 'Poderei', 6),
(2721, 'Valea Vinului', 6),
(2722, 'Dealu Ştefăniţei', 6),
(2723, 'Runcu Salvei', 6),
(2724, 'Cormaia', 6),
(2725, 'Valea Borcutului', 6),
(2726, 'Brăteni', 6),
(2727, 'La Curte', 6),
(2728, 'Stupini', 6),
(2729, 'Sânmihaiu de Câmpie', 6),
(2730, 'Sălcuţa', 6),
(2731, 'Zoreni', 6),
(2732, 'Valea Mare', 6),
(2733, 'Ardan', 6),
(2734, 'Posmuş', 6),
(2735, 'Şoimuş', 6),
(2736, 'Arcalia', 6),
(2737, 'Chintelnic', 6),
(2738, 'Crainimăt', 6),
(2739, 'Podirei', 6),
(2740, 'Sărăţel', 6),
(2741, 'Valea Măgheruşului', 6),
(2742, 'Agrişu de Jos', 6),
(2743, 'Agrişu de Sus', 6),
(2744, 'Bretea', 6),
(2745, 'Coasta', 6),
(2746, 'Cristur-Şieu', 6),
(2747, 'Şirioara', 6),
(2748, 'Lunca', 6),
(2749, 'Ruştior', 6),
(2750, 'Sebiş', 6),
(2751, 'Draga', 6),
(2752, 'Fânaţele Silivaşului', 6),
(2753, 'Porumbenii', 6),
(2754, 'Silivaşu de Câmpie', 6),
(2755, 'Blăjenii de Jos', 6),
(2756, 'Blăjenii de Sus', 6),
(2757, 'Caila', 6),
(2758, 'Cociu', 6),
(2759, 'Şieu-Sfântu', 6),
(2760, 'Şintereag-Gară', 6),
(2761, 'Hălmăsău', 6),
(2762, 'Lunca Borlesei', 6),
(2763, 'Păltineasa', 6),
(2764, 'Sita', 6),
(2765, 'Şeşuri Spermezeu-Vale', 6),
(2766, 'Agrieş', 6),
(2767, 'Agrieşel', 6),
(2768, 'Borleasa', 6),
(2769, 'Cireaşi', 6),
(2770, 'Lunca Săteasca', 6),
(2771, 'Molişet', 6),
(2772, 'Oarzina', 6),
(2773, 'Răcăteşu', 6),
(2774, 'Şendroaia', 6),
(2775, 'Archiud', 6),
(2776, 'Budurleni', 6),
(2777, 'Ocniţa', 6),
(2778, 'Pinticu', 6),
(2779, 'Viile Tecii', 6),
(2780, 'Fiad', 6),
(2781, 'Telcişor', 6),
(2782, 'Ciosa', 6),
(2783, 'Mureşenii Bârgăului', 6),
(2784, 'Piatra Fântânele', 6),
(2785, 'Tureac', 6),
(2786, 'Cristeştii Ciceului', 6),
(2787, 'Hăşmaşu Ciceului', 6),
(2788, 'Ilişua', 6),
(2789, 'Coşeriu', 6),
(2790, 'Câmp', 6),
(2791, 'Delureni', 6),
(2792, 'Fânaţe', 6),
(2793, 'Podenii', 6),
(2794, 'Scoabe', 6),
(2795, 'Valea', 6),
(2796, 'Valea Mare', 6),
(2797, 'Şopteriu', 6),
(2798, 'Alunişul', 6),
(2799, 'Perişor', 6),
(2800, 'Poienile Zagrei', 6),
(2801, 'Suplai', 6),
(2802, 'Albeşti', 7),
(2803, 'Avrămeni', 7),
(2804, 'Botoşani', 7),
(2805, 'Broscăuţi', 7),
(2806, 'Brăeşti', 7),
(2807, 'Bucecea', 7),
(2808, 'Băluşeni', 7),
(2809, 'Conceşti', 7),
(2810, 'Copălău', 7),
(2811, 'Cordăreni', 7),
(2812, 'Corlăteni', 7),
(2813, 'Corni', 7),
(2814, 'Coşula', 7),
(2815, 'Coţuşca', 7),
(2816, 'Cristeşti', 7),
(2817, 'Cristineşti', 7),
(2818, 'Curteşti', 7),
(2819, 'Cândeşti', 7),
(2820, 'Călăraşi', 7),
(2821, 'Darabani', 7),
(2822, 'Dersca', 7),
(2823, 'Dimăcheni', 7),
(2824, 'Dobârceni', 7),
(2825, 'Dorohoi', 7),
(2826, 'Drăguşeni', 7),
(2827, 'Durneşti', 7),
(2828, 'Dângeni', 7),
(2829, 'Flamânzi', 7),
(2830, 'Frumuşica', 7),
(2831, 'George Enescu', 7),
(2832, 'Gorbăneşti', 7),
(2833, 'Havârna', 7),
(2834, 'Hilişeu-Horia', 7),
(2835, 'Hlipiceni', 7),
(2836, 'Hudeşti', 7),
(2837, 'Hăneşti', 7),
(2838, 'Ibăneşti', 7),
(2839, 'Leorda', 7),
(2840, 'Lozna', 7),
(2841, 'Lunca', 7),
(2842, 'Manoleasa', 7),
(2843, 'Mihăileni', 7),
(2844, 'Mihălăşeni', 7),
(2845, 'Mileanca', 7),
(2846, 'Mitoc', 7),
(2847, 'Nicşeni', 7),
(2848, 'Pomârla', 7),
(2849, 'Prăjeni', 7),
(2850, 'Păltiniş', 7),
(2851, 'Ripiceni', 7),
(2852, 'Roma', 7),
(2853, 'Româneşti', 7),
(2854, 'Răchiţi', 7),
(2855, 'Rădăuţi-Prut', 7),
(2856, 'Răuşeni', 7),
(2857, 'Santa Mare', 7),
(2858, 'Stăuceni', 7),
(2859, 'Suharău', 7),
(2860, 'Suliţa', 7),
(2861, 'Săveni', 7),
(2862, 'Todireni', 7),
(2863, 'Truşeşti', 7),
(2864, 'Tudora', 7),
(2865, 'Ungureni', 7),
(2866, 'Unţeni', 7),
(2867, 'Viişoara', 7),
(2868, 'Vlădeni', 7),
(2869, 'Vlăsineşti', 7),
(2870, 'Vorniceni', 7),
(2871, 'Vorona', 7),
(2872, 'Vârfu Câmpului', 7),
(2873, 'Văculeşti', 7),
(2874, 'Şendriceni', 7),
(2875, 'Ştefăneşti', 7),
(2876, 'Ştiubieni', 7),
(2877, 'Buimăceni', 7),
(2878, 'Coştiugeni', 7),
(2879, 'Jijia', 7),
(2880, 'Măşcăteni', 7),
(2881, 'Tudor Vladimirescu', 7),
(2882, 'Adăşeni', 7),
(2883, 'Aurel Vlaicu', 7),
(2884, 'Dimitrie Cantemir', 7),
(2885, 'Ichimeni', 7),
(2886, 'Panaitoaia', 7),
(2887, 'Timuş', 7),
(2888, 'Tudor Vladimirescu', 7),
(2889, 'Zoiţani', 7),
(2890, 'Buzeni', 7),
(2891, 'Băluşenii Noi', 7),
(2892, 'Coşuleni', 7),
(2893, 'Draxini', 7),
(2894, 'Zăiceşti', 7),
(2895, 'Blândeşti', 7),
(2896, 'Cerchejeni', 7),
(2897, 'Şoldăneşti', 7),
(2898, 'Poiana', 7),
(2899, 'Popeni', 7),
(2900, 'Vâlcelele', 7),
(2901, 'Slobozia', 7),
(2902, 'Bohoghina', 7),
(2903, 'Călineşti', 7),
(2904, 'Libertatea', 7),
(2905, 'Pleşani', 7),
(2906, 'Călineşti', 7),
(2907, 'Talpa', 7),
(2908, 'Viţcani', 7),
(2909, 'Movileni', 7),
(2910, 'Cerbu', 7),
(2911, 'Cotu', 7),
(2912, 'Griviţa', 7),
(2913, 'Slobozia', 7),
(2914, 'Carasa', 7),
(2915, 'Podeni', 7),
(2916, 'Vlădeni', 7),
(2917, 'Balta Arsă', 7),
(2918, 'Mesteacăn', 7),
(2919, 'Sarafineşti', 7),
(2920, 'Buda', 7),
(2921, 'Pădureni', 7),
(2922, 'Şupitca', 7),
(2923, 'Avram Iancu', 7),
(2924, 'Cotu Miculinţi', 7),
(2925, 'Crasnaleuca', 7),
(2926, 'Ghireni', 7),
(2927, 'Mihail Kogălniceanu', 7),
(2928, 'Nichiteni', 7),
(2929, 'Nicolae Bălcescu', 7),
(2930, 'Puţureni', 7),
(2931, 'Oneaga', 7),
(2932, 'Schit-Orăşeni', 7),
(2933, 'Unguroaia', 7),
(2934, 'Baranca', 7),
(2935, 'Dragalina', 7),
(2936, 'Fundu Herţii', 7),
(2937, 'Poiana', 7),
(2938, 'Dămileni', 7),
(2939, 'Agafton', 7),
(2940, 'Băiceni', 7),
(2941, 'Hudum', 7),
(2942, 'Mănăstirea Doamnei', 7),
(2943, 'Orăşeni-Deal', 7),
(2944, 'Orăşeni-Vale', 7),
(2945, 'Hulub', 7),
(2946, 'Iacobeni', 7),
(2947, 'Strahotin', 7),
(2948, 'Bajura', 7),
(2949, 'Eşanca', 7),
(2950, 'Lismăniţa', 7),
(2951, 'Mateieni', 7),
(2952, 'Recia-Verbia', 7),
(2953, 'Bivolari', 7),
(2954, 'Brăteni', 7),
(2955, 'Cişmăneşti', 7),
(2956, 'Livada', 7),
(2957, 'Murguţa', 7),
(2958, 'Dealu Mare', 7),
(2959, 'Loturi Enescu', 7),
(2960, 'Progresul', 7),
(2961, 'Podriga', 7),
(2962, 'Sarata-Drăguşeni', 7),
(2963, 'Broşteni', 7),
(2964, 'Bârsăneşti', 7),
(2965, 'Băbiceni', 7),
(2966, 'Cucuteni', 7),
(2967, 'Guranda', 7),
(2968, 'Chiţoveni', 7),
(2969, 'Nicolae Bălcescu', 7),
(2970, 'Poiana', 7),
(2971, 'Prisăcani', 7),
(2972, 'Boscoteni', 7),
(2973, 'Rădeni', 7),
(2974, 'Storeşti', 7),
(2975, 'Vlădeni-Deal', 7),
(2976, 'Şendreni', 7),
(2977, 'Arborea', 7),
(2978, 'Dumeni', 7),
(2979, 'Popeni', 7),
(2980, 'Stânca', 7),
(2981, 'Bătrâneşti', 7),
(2982, 'George Coşbuc', 7),
(2983, 'Mihai Eminescu', 7),
(2984, 'Silişcani', 7),
(2985, 'Socrujeni', 7),
(2986, 'Viforeni', 7),
(2987, 'Vânători', 7),
(2988, 'Borolea', 7),
(2989, 'Moara Jorii', 7),
(2990, 'Sarata-Basarab', 7),
(2991, 'Slobozia Hăneşti', 7),
(2992, 'Balinţi', 7),
(2993, 'Galbeni', 7),
(2994, 'Gârbeni', 7),
(2995, 'Niculcea', 7),
(2996, 'Tătărăşeni', 7),
(2997, 'Corjăuţi', 7),
(2998, 'Hilişeu-Cloşca', 7),
(2999, 'Hilişeu-Crişan', 7),
(3000, 'Iezer', 7),
(3001, 'Dragalina', 7),
(3002, 'Victoria', 7),
(3003, 'Alba', 7),
(3004, 'Baranca', 7),
(3005, 'Mlenăuţi', 7),
(3006, 'Başeu', 7),
(3007, 'Vatra', 7),
(3008, 'Dumbrăviţa', 7),
(3009, 'Belcea', 7),
(3010, 'Costineşti', 7),
(3011, 'Dolina', 7),
(3012, 'Mitoc', 7),
(3013, 'Străteni', 7),
(3014, 'Stroieşti', 7),
(3015, 'Zlătunoaia', 7),
(3016, 'Bold', 7),
(3017, 'Flondora', 7),
(3018, 'Iorga', 7),
(3019, 'Liveni', 7),
(3020, 'Loturi', 7),
(3021, 'Manoleasa-Prut', 7),
(3022, 'Sadoveni', 7),
(3023, 'Zahoreni', 7),
(3024, 'Şerpeniţa', 7),
(3025, 'Baisa', 7),
(3026, 'Cerviceşti', 7),
(3027, 'Cerviceşti-Deal', 7),
(3028, 'Cucorăni', 7),
(3029, 'Cătămăreşti', 7),
(3030, 'Cătămăreşti-Deal', 7),
(3031, 'Ipoteşti', 7),
(3032, 'Manoleşti', 7),
(3033, 'Stânceşti', 7),
(3034, 'Pârâu Negru', 7),
(3035, 'Rogojeşti', 7),
(3036, 'Caraiman', 7),
(3037, 'Negreşti', 7),
(3038, 'Năstase', 7),
(3039, 'Păun', 7),
(3040, 'Sarata', 7),
(3041, 'Slobozia Silişcani', 7),
(3042, 'Codreni', 7),
(3043, 'Scutari', 7),
(3044, 'Seliştea', 7),
(3045, 'Horia', 7),
(3046, 'Dacia', 7),
(3047, 'Dorobanţi', 7),
(3048, 'Cuzlău', 7),
(3049, 'Horodiştea', 7),
(3050, 'Slobozia', 7),
(3051, 'Hulubeşti', 7),
(3052, 'Racovăţ', 7),
(3053, 'Câmpeni', 7),
(3054, 'Lupăria', 7),
(3055, 'Miletin', 7),
(3056, 'Cişmea', 7),
(3057, 'Costeşti', 7),
(3058, 'Roşiori', 7),
(3059, 'Miorcani', 7),
(3060, 'Rediu', 7),
(3061, 'Doina', 7),
(3062, 'Pogorăşti', 7),
(3063, 'Rediu', 7),
(3064, 'Stolniceni', 7),
(3065, 'Cinghiniia', 7),
(3066, 'Lehneşti', 7),
(3067, 'Movila Ruptă', 7),
(3068, 'Popoaia', 7),
(3069, 'Ripicenii Vechi', 7),
(3070, 'Râşca', 7),
(3071, 'Cotârgaci', 7),
(3072, 'Dămideni', 7),
(3073, 'Româneşti-Vale', 7),
(3074, 'Sărata', 7),
(3075, 'Berza', 7),
(3076, 'Bogdăneşti', 7),
(3077, 'Bădărăi', 7),
(3078, 'Durneşti', 7),
(3079, 'Ilişeni', 7),
(3080, 'Rânghileşti', 7),
(3081, 'Rânghileşti-Deal', 7),
(3082, 'Bodeasa', 7),
(3083, 'Bozieni', 7),
(3084, 'Chişcăreni', 7),
(3085, 'Petricani', 7),
(3086, 'Sat Nou', 7),
(3087, 'Horlăceni', 7),
(3088, 'Pădureni', 7),
(3089, 'Siliştea', 7),
(3090, 'Tocileni', 7),
(3091, 'Victoria', 7),
(3092, 'Bobuleşti', 7),
(3093, 'Bădiuţi', 7),
(3094, 'Stânca', 7),
(3095, 'Ştefăneşti-Sat', 7),
(3096, 'Ibăneasa', 7),
(3097, 'Negreni', 7),
(3098, 'Izvoare', 7),
(3099, 'Lişna', 7),
(3100, 'Oroftiana', 7),
(3101, 'Plevna', 7),
(3102, 'Smârdan', 7),
(3103, 'Cheliş', 7),
(3104, 'Dracşani', 7),
(3105, 'Cerneşti', 7),
(3106, 'Floreşti', 7),
(3107, 'Gârbeşti', 7),
(3108, 'Iureşti', 7),
(3109, 'Buhăceni', 7),
(3110, 'Ciritei', 7),
(3111, 'Drislea', 7),
(3112, 'Ionăşeni', 7),
(3113, 'Păsăteni', 7),
(3114, 'Borzeşti', 7),
(3115, 'Călugăreni', 7),
(3116, 'Călugărenii Noi', 7),
(3117, 'Durneşti', 7),
(3118, 'Mihai Viteazu', 7),
(3119, 'Mândreşti', 7),
(3120, 'Plopenii Mari', 7),
(3121, 'Plopenii Mici', 7),
(3122, 'Tăuteşti', 7),
(3123, 'Vicoleni', 7),
(3124, 'Burla', 7),
(3125, 'Burleşti', 7),
(3126, 'Mânăstireni', 7),
(3127, 'Soroceni', 7),
(3128, 'Valea Grajdului', 7),
(3129, 'Vultureni', 7),
(3130, 'Gorovei', 7),
(3131, 'Sauceniţa', 7),
(3132, 'Ionăşeni', 7),
(3133, 'Lunca', 7),
(3134, 'Cuza Vodă', 7),
(3135, 'Viişoara Mică', 7),
(3136, 'Brehuieşti', 7),
(3137, 'Hrişcani', 7),
(3138, 'Huţani', 7),
(3139, 'Mândreşti', 7),
(3140, 'Miron Costin', 7),
(3141, 'Sârbi', 7),
(3142, 'Davidoaia', 7),
(3143, 'Dealu Crucii', 7),
(3144, 'Icuşeni', 7),
(3145, 'Joldeşti', 7),
(3146, 'Poiana', 7),
(3147, 'Vorona Mare', 7),
(3148, 'Vorona-Teodoru', 7),
(3149, 'Dobrinăuţi-Hapăi', 7),
(3150, 'Maghera', 7),
(3151, 'Pustoaia', 7),
(3152, 'Berteştii de Jos', 8),
(3153, 'Bordei Verde', 8),
(3154, 'Brăila', 8),
(3155, 'Bărăganul', 8),
(3156, 'Cazasu', 8),
(3157, 'Chişcani', 8),
(3158, 'Ciocile', 8),
(3159, 'Cireşu', 8),
(3160, 'Dudeşti', 8),
(3161, 'Frecăţei', 8),
(3162, 'Făurei', 8),
(3163, 'Galbenu', 8),
(3164, 'Gemenele', 8),
(3165, 'Gradiştea', 8),
(3166, 'Gropeni', 8),
(3167, 'Ianca', 8),
(3168, 'Jirlău', 8),
(3169, 'Mircea Vodă', 8),
(3170, 'Movila Miresii', 8),
(3171, 'Măraşu', 8),
(3172, 'Măxineni', 8),
(3173, 'Racoviţă', 8),
(3174, 'Romanu', 8),
(3175, 'Roşiori', 8),
(3176, 'Râmnicelu', 8),
(3177, 'Salcia Tudor', 8),
(3178, 'Scorţaru Nou', 8),
(3179, 'Siliştea', 8),
(3180, 'Stăncuţa', 8),
(3181, 'Surdila-Greci', 8),
(3182, 'Surdila-Găiseanca', 8),
(3183, 'Tichileşti', 8),
(3184, 'Traian', 8),
(3185, 'Tudor Vladimirescu', 8),
(3186, 'Tufeşti', 8),
(3187, 'Ulmu', 8),
(3188, 'Unirea', 8),
(3189, 'Victoria', 8),
(3190, 'Viziru', 8),
(3191, 'Vişani', 8),
(3192, 'Vădeni', 8),
(3193, 'Zăvoaia', 8),
(3194, 'Însurăţei', 8),
(3195, 'Şuţeşti', 8),
(3196, 'Berteştii de Sus', 8),
(3197, 'Gura Călmăţui', 8),
(3198, 'Gura Gârluţei', 8),
(3199, 'Nicoleşti', 8),
(3200, 'Spiru Haret', 8),
(3201, 'Constantin Gabrielescu', 8),
(3202, 'Filiu', 8),
(3203, 'Lişcoteanca', 8),
(3204, 'Lacu Sărat', 8),
(3205, 'Vărsătura', 8),
(3206, 'Chichineţu', 8),
(3207, 'Chioibaşeşti', 8),
(3208, 'Odăieni', 8),
(3209, 'Batogu', 8),
(3210, 'Ioneşti', 8),
(3211, 'Scărlăteşti', 8),
(3212, 'Vultureni', 8),
(3213, 'Bumbăcari', 8),
(3214, 'Tătaru', 8),
(3215, 'Agaua', 8),
(3216, 'Cistia', 8),
(3217, 'Salcia', 8),
(3218, 'Stoieneşti', 8),
(3219, 'Titcov', 8),
(3220, 'Drogu', 8),
(3221, 'Pântecani', 8),
(3222, 'Sătuc', 8),
(3223, 'Zamfireşti', 8),
(3224, 'Găvani', 8),
(3225, 'Ibrianu', 8),
(3226, 'Maraloiu', 8),
(3227, 'Berleşti', 8),
(3228, 'Gara Ianca', 8),
(3229, 'Oprişeneşti', 8),
(3230, 'Perişoru', 8),
(3231, 'Plopu', 8),
(3232, 'Târlele Filiu', 8),
(3233, 'Lacu Rezii', 8),
(3234, 'Măru Roşu', 8),
(3235, 'Valea Călmăţuiului', 8),
(3236, 'Brădeanca', 8),
(3237, 'Băndoiu', 8),
(3238, 'Măgureni', 8),
(3239, 'Nedeicu', 8),
(3240, 'Plopi', 8),
(3241, 'Ţăcău', 8),
(3242, 'Corbu Nou', 8),
(3243, 'Corbu Vechi', 8),
(3244, 'Latinu', 8),
(3245, 'Voineşti', 8),
(3246, 'Deduleşti', 8),
(3247, 'Esna', 8),
(3248, 'Ţepeş Vodă', 8),
(3249, 'Corbeni', 8),
(3250, 'Custura', 8),
(3251, 'Boarca', 8),
(3252, 'Constantineşti', 8),
(3253, 'Mihail Kogălniceanu', 8),
(3254, 'Oancea', 8),
(3255, 'Colţea', 8),
(3256, 'Florica', 8),
(3257, 'Pribeagu', 8),
(3258, 'Ariciu', 8),
(3259, 'Cuza Vodă', 8),
(3260, 'Gulianca', 8),
(3261, 'Olăneasca', 8),
(3262, 'Deşiraţi', 8),
(3263, 'Gurguieţi', 8),
(3264, 'Nicolae Bălcescu', 8),
(3265, 'Pitulaţi', 8),
(3266, 'Sihleanu', 8),
(3267, 'Cotu Lung', 8),
(3268, 'Cotu Mihalea', 8),
(3269, 'Muchea', 8),
(3270, 'Mărtăceşti', 8),
(3271, 'Vameşu', 8),
(3272, 'Cuza Vodă', 8),
(3273, 'Polizeşti', 8),
(3274, 'Stanca', 8),
(3275, 'Filipeşti', 8),
(3276, 'Brateşu Vechi', 8),
(3277, 'Făurei Sat', 8),
(3278, 'Horia', 8),
(3279, 'Mihail Kogălniceanu', 8),
(3280, 'Albina', 8),
(3281, 'Căldăruşa', 8),
(3282, 'Silistraru', 8),
(3283, 'Urleasca', 8),
(3284, 'Comăneasca', 8),
(3285, 'Scorţaru Vechi', 8),
(3286, 'Jugureanu', 8),
(3287, 'Moroteşti', 8),
(3288, 'Valea Cânepii', 8),
(3289, 'Baldovineşti', 8),
(3290, 'Pietroiu', 8),
(3291, 'Mihai Bravu', 8),
(3292, 'Câineni-Băi', 8),
(3293, 'Plăsoiu', 8),
(3294, 'Lanurile', 8),
(3295, 'Dudescu', 8),
(3296, 'Apaţa', 9),
(3297, 'Beclean', 9),
(3298, 'Bod', 9),
(3299, 'Bran', 9),
(3300, 'Braşov', 9),
(3301, 'Budila', 9),
(3302, 'Buneşti', 9),
(3303, 'Caţa', 9),
(3304, 'Cincu', 9),
(3305, 'Codlea', 9),
(3306, 'Cristian', 9),
(3307, 'Crizbav', 9),
(3308, 'Dumbrăviţa', 9),
(3309, 'Feldioara', 9),
(3310, 'Fundata', 9),
(3311, 'Făgăraş', 9),
(3312, 'Ghimbav', 9),
(3313, 'Hoghiz', 9),
(3314, 'Homorod', 9),
(3315, 'Hârseni', 9),
(3316, 'Hălchiu', 9),
(3317, 'Hărman', 9),
(3318, 'Jibert', 9),
(3319, 'Lisa', 9),
(3320, 'Mândra', 9),
(3321, 'Măieruş', 9),
(3322, 'Ormeniş', 9),
(3323, 'Poiana Mărului', 9),
(3324, 'Predeal', 9),
(3325, 'Prejmer', 9),
(3326, 'Părău', 9),
(3327, 'Racoş', 9),
(3328, 'Recea', 9),
(3329, 'Rupea', 9),
(3330, 'Râşnov', 9),
(3331, 'Sâmbăta de Sus', 9),
(3332, 'Sânpetru', 9),
(3333, 'Săcele', 9),
(3334, 'Teliu', 9),
(3335, 'Tărlungeni', 9),
(3336, 'Ungra', 9),
(3337, 'Vama Buzăului', 9),
(3338, 'Victoria', 9),
(3339, 'Voila', 9),
(3340, 'Vulcan', 9),
(3341, 'Zărneşti', 9),
(3342, 'Şercaia', 9),
(3343, 'Şinca Nouă', 9),
(3344, 'Şoarş', 9),
(3345, 'Boholţ', 9),
(3346, 'Calbor', 9),
(3347, 'Hurez', 9),
(3348, 'Luţa', 9),
(3349, 'Colonia Bod', 9),
(3350, 'Predeluţ', 9),
(3351, 'Sohodol', 9),
(3352, 'Şimon', 9),
(3353, 'Poiana Braşov', 9),
(3354, 'Criţ', 9),
(3355, 'Meşendorf', 9),
(3356, 'Roadeş', 9),
(3357, 'Viscri', 9),
(3358, 'Beia', 9),
(3359, 'Drăuşeni', 9),
(3360, 'Ioneşti', 9),
(3361, 'Paloş', 9),
(3362, 'Toarcla', 9),
(3363, 'Comana de Jos', 9),
(3364, 'Comana de Sus', 9),
(3365, 'Crihalma', 9),
(3366, 'Ticuşu Nou', 9),
(3367, 'Cutuş', 9),
(3368, 'Vlădeni', 9),
(3369, 'Colonia Reconstrucţia', 9),
(3370, 'Rotbav', 9),
(3371, 'Fundăţica', 9),
(3372, 'Şirnea', 9),
(3373, 'Satu Nou', 9),
(3374, 'Podu Oltului', 9),
(3375, 'Copăcel', 9),
(3376, 'Măliniş', 9),
(3377, 'Mărgineni', 9),
(3378, 'Sebeş', 9),
(3379, 'Bogata Olteană', 9),
(3380, 'Cuciulata', 9),
(3381, 'Dopca', 9),
(3382, 'Fântâna', 9),
(3383, 'Lupşa', 9),
(3384, 'Jimbor', 9),
(3385, 'Mercheaşa', 9),
(3386, 'Dacia', 9),
(3387, 'Grânari', 9),
(3388, 'Lovnic', 9),
(3389, 'Văleni', 9),
(3390, 'Breaza', 9),
(3391, 'Pojorta', 9),
(3392, 'Arini', 9),
(3393, 'Ileni', 9),
(3394, 'Râuşor', 9),
(3395, 'Toderiţa', 9),
(3396, 'Şona', 9),
(3397, 'Cheia', 9),
(3398, 'Drumul Carului', 9),
(3399, 'Moieciu de Jos', 9),
(3400, 'Moieciu de Sus', 9),
(3401, 'Măgura', 9),
(3402, 'Peştera', 9),
(3403, 'Augustin', 9),
(3404, 'Grid', 9),
(3405, 'Veneţia de Jos', 9),
(3406, 'Veneţia de Sus', 9),
(3407, 'Pârâul Rece', 9),
(3408, 'Timişu de Jos', 9),
(3409, 'Timişu de Sus', 9),
(3410, 'Lunca Calnicului', 9),
(3411, 'Stupinii Prejmerului', 9),
(3412, 'Mateiaş', 9),
(3413, 'Berivoi', 9),
(3414, 'Dejani', 9),
(3415, 'Gura Văii', 9),
(3416, 'Iaşi', 9),
(3417, 'Săsciori', 9),
(3418, 'Săvăstreni', 9),
(3419, 'Fişer', 9),
(3420, 'Staţiunea Climaterică Sâmbăta', 9),
(3421, 'Hălmeag', 9),
(3422, 'Vad', 9),
(3423, 'Bucium', 9),
(3424, 'Ohaba', 9),
(3425, 'Perşani', 9),
(3426, 'Vâlcea', 9),
(3427, 'Şercăiţa', 9),
(3428, 'Şinca Veche', 9),
(3429, 'Paltin', 9),
(3430, 'Bărcut', 9),
(3431, 'Felmer', 9),
(3432, 'Rodbav', 9),
(3433, 'Seliştat', 9),
(3434, 'Cărpiniş', 9),
(3435, 'Purcăreni', 9),
(3436, 'Zizin', 9),
(3437, 'Cobor', 9),
(3438, 'Ticuşu Vechi', 9),
(3439, 'Corbi', 9),
(3440, 'Feldioara', 9),
(3441, 'Ucea de Jos', 9),
(3442, 'Ucea de Sus', 9),
(3443, 'Dăişoara', 9),
(3444, 'Acriş', 9),
(3445, 'Buzăiel', 9),
(3446, 'Dălghiu', 9),
(3447, 'Drăguş', 9),
(3448, 'Olteţ', 9),
(3449, 'Rucăr', 9),
(3450, 'Viştea de Jos', 9),
(3451, 'Viştea de Sus', 9),
(3452, 'Viştişoara', 9),
(3453, 'Cincşor', 9),
(3454, 'Dridif', 9),
(3455, 'Ludişor', 9),
(3456, 'Sâmbăta de Jos', 9),
(3457, 'Voivodeni', 9),
(3458, 'Colonia 1 Mai', 9),
(3459, 'Holbav', 9),
(3460, 'Tohanu Nou', 9),
(3461, 'Sector 1', 10),
(3462, 'Sector 2', 10),
(3463, 'Sector 3', 10),
(3464, 'Sector 4', 10),
(3465, 'Sector 5', 10),
(3466, 'Sector 6', 10),
(3467, 'Amaru', 11),
(3468, 'Balta Albă', 11),
(3469, 'Beceni', 11),
(3470, 'Berca', 11),
(3471, 'Bisoca', 11),
(3472, 'Blăjani', 11),
(3473, 'Boldu', 11),
(3474, 'Bozioru', 11),
(3475, 'Breaza', 11),
(3476, 'Brădeanu', 11),
(3477, 'Brăeşti', 11),
(3478, 'Buda', 11),
(3479, 'Buzău', 11),
(3480, 'Bălăceanu', 11),
(3481, 'C.a. Rosetti', 11),
(3482, 'Calvini', 11),
(3483, 'Cernăteşti', 11),
(3484, 'Chiliile', 11),
(3485, 'Chiojdu', 11),
(3486, 'Cilibia', 11),
(3487, 'Cislău', 11),
(3488, 'Cochirleanca', 11),
(3489, 'Colţi', 11),
(3490, 'Costeşti', 11),
(3491, 'Cozieni', 11),
(3492, 'Căneşti', 11),
(3493, 'Cătina', 11),
(3494, 'Ghergheasa', 11),
(3495, 'Gherăseni', 11),
(3496, 'Glodeanu Sărat', 11),
(3497, 'Glodeanu-Siliştea', 11),
(3498, 'Grebănu', 11),
(3499, 'Gura Teghii', 11),
(3500, 'Gălbinaşi', 11),
(3501, 'Largu', 11),
(3502, 'Lopătari', 11),
(3503, 'Luciu', 11),
(3504, 'Merei', 11),
(3505, 'Mihăileşti', 11),
(3506, 'Movila Banului', 11),
(3507, 'Murgeşti', 11),
(3508, 'Mânzăleşti', 11),
(3509, 'Măgura', 11),
(3510, 'Mărgăriteşti', 11),
(3511, 'Mărăcineni', 11),
(3512, 'Nehoiu', 11),
(3513, 'Năeni', 11),
(3514, 'Odăile', 11),
(3515, 'Padina', 11),
(3516, 'Pardoşi', 11),
(3517, 'Pietroasele', 11),
(3518, 'Podgoria', 11),
(3519, 'Pogoanele', 11),
(3520, 'Poşta Câlnău', 11),
(3521, 'Pârscov', 11),
(3522, 'Pănătău', 11),
(3523, 'Pătârlagele', 11),
(3524, 'Racoviţeni', 11),
(3525, 'Robeasca', 11),
(3526, 'Ruşeţu', 11),
(3527, 'Râmnicelu', 11),
(3528, 'Râmnicu Sărat', 11),
(3529, 'Scorţoasa', 11),
(3530, 'Scutelnici', 11),
(3531, 'Smeeni', 11),
(3532, 'Stâlpu', 11),
(3533, 'Săgeata', 11),
(3534, 'Săhăteni', 11),
(3535, 'Săpoca', 11),
(3536, 'Săruleşti', 11),
(3537, 'Tisău', 11),
(3538, 'Topliceni', 11),
(3539, 'Ulmeni', 11),
(3540, 'Vadu Paşii', 11),
(3541, 'Valea Râmnicului', 11),
(3542, 'Valea Salciei', 11),
(3543, 'Verneşti', 11),
(3544, 'Vintilă Vodă', 11),
(3545, 'Vipereşti', 11),
(3546, 'Vâlcelele', 11),
(3547, 'Ziduri', 11),
(3548, 'Zărneşti', 11),
(3549, 'Ţinteşti', 11),
(3550, 'Câmpeni', 11),
(3551, 'Dulbanu', 11),
(3552, 'Lacu Sinaia', 11),
(3553, 'Lunca', 11),
(3554, 'Scorţeanca', 11),
(3555, 'Amara', 11),
(3556, 'Băile', 11),
(3557, 'Stăvărăşti', 11),
(3558, 'Arbănaşi', 11),
(3559, 'Cărpiniştea', 11),
(3560, 'Dogari', 11),
(3561, 'Floreşti', 11),
(3562, 'Gura Dimienii', 11),
(3563, 'Izvoru Dulce', 11),
(3564, 'Mărgăriţi', 11),
(3565, 'Valea Părului', 11),
(3566, 'Băceni', 11),
(3567, 'Cojanu', 11),
(3568, 'Joseni', 11),
(3569, 'Mânăstirea Răteşti', 11),
(3570, 'Pleşcoi', 11),
(3571, 'Pleşeşti', 11),
(3572, 'Pâclele', 11),
(3573, 'Răteşti', 11),
(3574, 'Sătuc', 11),
(3575, 'Tâţârligu', 11),
(3576, 'Valea Nucului', 11),
(3577, 'Viforâta', 11),
(3578, 'Băltăgari', 11),
(3579, 'Lacurile', 11),
(3580, 'Lopătăreasa', 11),
(3581, 'Pleşi', 11),
(3582, 'Recea', 11),
(3583, 'Sările', 11),
(3584, 'Şindrila', 11),
(3585, 'Soreşti', 11),
(3586, 'Buduile', 11),
(3587, 'Fişici', 11),
(3588, 'Gresia', 11),
(3589, 'Găvanele', 11),
(3590, 'Izvoarele', 11),
(3591, 'Nucu', 11),
(3592, 'Scăeni', 11),
(3593, 'Ulmet', 11),
(3594, 'Văvălucile', 11),
(3595, 'Mitropolia', 11),
(3596, 'Smârdan', 11),
(3597, 'Brătileşti', 11),
(3598, 'Goideşti', 11),
(3599, 'Ivăneţu', 11),
(3600, 'Pinu', 11),
(3601, 'Pârscovelu', 11),
(3602, 'Ruginoasa', 11),
(3603, 'Bădeni', 11),
(3604, 'Greceanca', 11),
(3605, 'Vispeşti', 11),
(3606, 'Văleanca-Vilăneşti', 11),
(3607, 'Alexandru Odobescu', 11),
(3608, 'Dănuleşti', 11),
(3609, 'Muceşti-Dănuleşti', 11),
(3610, 'Spidele', 11),
(3611, 'Toropăleşti', 11),
(3612, 'Valea Largă', 11),
(3613, 'Bâlhacu', 11),
(3614, 'Bălteni', 11),
(3615, 'Cotu Ciorii', 11),
(3616, 'Lunca', 11),
(3617, 'Vizireni', 11),
(3618, 'Bâscenii de Jos', 11),
(3619, 'Bâscenii de Sus', 11),
(3620, 'Frăsinet', 11),
(3621, 'Olari', 11),
(3622, 'Gonţeşti', 11),
(3623, 'Negoşina', 11),
(3624, 'Păcurile', 11),
(3625, 'Valea Verzei', 11),
(3626, 'Şuchea', 11),
(3627, 'Corbu', 11),
(3628, 'Slobozia', 11),
(3629, 'Valea Cătinei', 11),
(3630, 'Zeletin', 11),
(3631, 'Aldeni', 11),
(3632, 'Băeşti', 11),
(3633, 'Căldăruşa', 11),
(3634, 'Fulga', 11),
(3635, 'Manasia', 11),
(3636, 'Vlădeni', 11),
(3637, 'Zărneştii de Slănic', 11),
(3638, 'Budeşti', 11),
(3639, 'Creveleşti', 11),
(3640, 'Ghiocari', 11),
(3641, 'Glodu-Petcari', 11),
(3642, 'Poiana Pletari', 11),
(3643, 'Trestioara', 11),
(3644, 'Bâsca Chiojdului', 11),
(3645, 'Cătiaşu', 11),
(3646, 'Lera', 11),
(3647, 'Plescioara', 11),
(3648, 'Poeniţele', 11),
(3649, 'Gara Cilibia', 11),
(3650, 'Movila Oii', 11),
(3651, 'Mânzu', 11),
(3652, 'Poşta', 11),
(3653, 'Buda Crăciuneşti', 11),
(3654, 'Bărăşti', 11),
(3655, 'Gura Bâscei', 11),
(3656, 'Scărişoara', 11),
(3657, 'Boboc', 11),
(3658, 'Gara Bobocu', 11),
(3659, 'Roşioru', 11),
(3660, 'Târlele', 11),
(3661, 'Aluniş', 11),
(3662, 'Colţii de Jos', 11),
(3663, 'Muscelu Cărămăneşti', 11),
(3664, 'Budişteni', 11),
(3665, 'Gomoeşti', 11),
(3666, 'Groşani', 11),
(3667, 'Pietrosu', 11),
(3668, 'Spătaru', 11),
(3669, 'Anini', 11),
(3670, 'Berceşti', 11),
(3671, 'Bălăneşti', 11),
(3672, 'Ciocăneşti', 11),
(3673, 'Cocârceni', 11),
(3674, 'Colţeni', 11),
(3675, 'Faţa lui Nan', 11),
(3676, 'Glodurile', 11),
(3677, 'Izvoru', 11),
(3678, 'Lungeşti', 11),
(3679, 'Nistoreşti', 11),
(3680, 'Pietraru', 11),
(3681, 'Punga', 11),
(3682, 'Teişu', 11),
(3683, 'Trestia', 11),
(3684, 'Tulburea', 11),
(3685, 'Valea Banului', 11),
(3686, 'Valea Roatei', 11),
(3687, 'Zăpodia', 11),
(3688, 'Bentu', 11),
(3689, 'Tăbărăşti', 11),
(3690, 'Sudiţi', 11),
(3691, 'Sălcioara', 11),
(3692, 'Căldăruşeanca', 11),
(3693, 'Ileana', 11),
(3694, 'Pitulicea', 11),
(3695, 'Casota', 11),
(3696, 'Corbu', 11),
(3697, 'Cotorca', 11),
(3698, 'Cârligu Mare', 11),
(3699, 'Cârligu Mic', 11),
(3700, 'Satu Nou', 11),
(3701, 'Văcăreasca', 11),
(3702, 'Homeşti', 11),
(3703, 'Livada', 11),
(3704, 'Livada Mică', 11),
(3705, 'Plevna', 11),
(3706, 'Zăplazi', 11),
(3707, 'Furtuneşti', 11),
(3708, 'Nemertea', 11),
(3709, 'Păltiniş', 11),
(3710, 'Secuiu', 11),
(3711, 'Vadu Oii', 11),
(3712, 'Varlaam', 11),
(3713, 'Scărlăteşti', 11),
(3714, 'Brebu', 11),
(3715, 'Fundata', 11),
(3716, 'Luncile', 11),
(3717, 'Pestriţu', 11),
(3718, 'Plaiu Nucului', 11),
(3719, 'Ploştina', 11),
(3720, 'Potecu', 11),
(3721, 'Săreni', 11),
(3722, 'Terca', 11),
(3723, 'Vârteju', 11),
(3724, 'Caragele', 11),
(3725, 'Ciuta', 11),
(3726, 'Unguriu', 11),
(3727, 'Beşlii', 11),
(3728, 'Buştea', 11),
(3729, 'Cireşu', 11),
(3730, 'Ghizdita', 11),
(3731, 'Gura Bădicului', 11),
(3732, 'Jghiab', 11),
(3733, 'Plavăţu', 11),
(3734, 'Poiana Vâlcului', 11),
(3735, 'Satu Vechi', 11),
(3736, 'Trestioara', 11),
(3737, 'Valea Cotoarei', 11),
(3738, 'Valea Ursului', 11),
(3739, 'Căpăţâneşti', 11),
(3740, 'Potoceni', 11),
(3741, 'Câmpulungeanca', 11),
(3742, 'Fântânele', 11),
(3743, 'Ciobănoaia', 11),
(3744, 'Dealul Viei', 11),
(3745, 'Dobrileşti', 11),
(3746, 'Gura Sărăţii', 11),
(3747, 'Izvoru Dulce', 11),
(3748, 'Lipia', 11),
(3749, 'Nenciuleşti', 11),
(3750, 'Ogrăzile', 11),
(3751, 'Sărata-Monteoru', 11),
(3752, 'Valea Puţului Merei', 11),
(3753, 'Colţăneni', 11),
(3754, 'Florica', 11),
(3755, 'Mărgineanu', 11),
(3756, 'Satu Nou', 11),
(3757, 'Cioranca', 11),
(3758, 'Limpeziş', 11),
(3759, 'Batogu', 11),
(3760, 'Valea Ratei', 11),
(3761, 'Finţeşti', 11),
(3762, 'Fântânele', 11),
(3763, 'Proşca', 11),
(3764, 'Vârf', 11),
(3765, 'Bâsca Rozilei', 11),
(3766, 'Chirleşti', 11),
(3767, 'Curmătura', 11),
(3768, 'Lunca Priporului', 11),
(3769, 'Mlăjet', 11),
(3770, 'Nehoiaşu', 11),
(3771, 'Păltineni', 11),
(3772, 'Stănila', 11),
(3773, 'Vineţişu', 11),
(3774, 'Capu Satului', 11),
(3775, 'Corneanu', 11),
(3776, 'Gorâni', 11),
(3777, 'Lacu', 11),
(3778, 'Piatra Albă', 11),
(3779, 'Posobeşti', 11),
(3780, 'Scoroşeşti', 11),
(3781, 'Valea Fântânei', 11),
(3782, 'Valea Ştefanului', 11),
(3783, 'Tătuleşti', 11),
(3784, 'Begu', 11),
(3785, 'Lacu cu Anini', 11),
(3786, 'Măguricea', 11),
(3787, 'Plăişor', 11),
(3788, 'Râpile', 11),
(3789, 'Sibiciu de Jos', 11),
(3790, 'Tega', 11),
(3791, 'Zahareşti', 11),
(3792, 'Chiperu', 11),
(3793, 'Costomiru', 11),
(3794, 'Valea lui Lalu', 11),
(3795, 'Valea Şchiopului', 11),
(3796, 'Badila', 11),
(3797, 'Curcăneşti', 11),
(3798, 'Lunca Frumoasă', 11),
(3799, 'Oleşeşti', 11),
(3800, 'Pârjoleşti', 11),
(3801, 'Robeşti', 11),
(3802, 'Runcu', 11),
(3803, 'Tocileni', 11),
(3804, 'Trestieni', 11),
(3805, 'Târcov', 11),
(3806, 'Valea Purcarului', 11),
(3807, 'Calea Chiojdului', 11),
(3808, 'Crâng', 11),
(3809, 'Fundăturile', 11),
(3810, 'Gornet', 11),
(3811, 'Lunca', 11),
(3812, 'Muşcel', 11),
(3813, 'Mănăstirea', 11),
(3814, 'Mărunţişu', 11),
(3815, 'Poienile', 11),
(3816, 'Sibiciu de Sus', 11),
(3817, 'Stroeşti', 11),
(3818, 'Valea Lupului', 11),
(3819, 'Valea Sibiciului', 11),
(3820, 'Valea Viei', 11),
(3821, 'Clondiru de Sus', 11),
(3822, 'Câlţeşti', 11),
(3823, 'Dara', 11),
(3824, 'Pietroasa Mică', 11),
(3825, 'Şarânga', 11),
(3826, 'Coţatcu', 11),
(3827, 'Oratia', 11),
(3828, 'Pleşeşti', 11),
(3829, 'Tăbăcari', 11),
(3830, 'Căldărăşti', 11),
(3831, 'Aliceni', 11),
(3832, 'Coconari', 11),
(3833, 'Potârnicheşti', 11),
(3834, 'Sudiţi', 11),
(3835, 'Zilişteanca', 11),
(3836, 'Dăscăleşti', 11),
(3837, 'Lunca', 11),
(3838, 'Măcrina', 11),
(3839, 'Nicoleşti', 11),
(3840, 'Plopi', 11),
(3841, 'Puieştii de Jos', 11),
(3842, 'Puieştii de Sus', 11),
(3843, 'Budrea', 11),
(3844, 'Petrişoru', 11),
(3845, 'Colibaşi', 11),
(3846, 'Fotin', 11),
(3847, 'Ştiubei', 11),
(3848, 'Moşeşti', 11),
(3849, 'Sergent Ionel Ştefan', 11),
(3850, 'Baniţa', 11),
(3851, 'Beilic', 11),
(3852, 'Borduşani', 11),
(3853, 'Dâmbroca', 11),
(3854, 'Găvăneşti', 11),
(3855, 'Moviliţa', 11),
(3856, 'Găgeni', 11),
(3857, 'Istriţa de Jos', 11),
(3858, 'Vintileanca', 11),
(3859, 'Măteşti', 11),
(3860, 'Cărătnău de Jos', 11),
(3861, 'Cărătnău de Sus', 11),
(3862, 'Goicelu', 11),
(3863, 'Sările-Cătun', 11),
(3864, 'Valea Largă-Săruleşti', 11),
(3865, 'Valea Stânei', 11),
(3866, 'Balta Tocila', 11),
(3867, 'Beciu', 11),
(3868, 'Deleni', 11),
(3869, 'Dâlma', 11),
(3870, 'Golu Grabicina', 11),
(3871, 'Grabicina de Jos', 11),
(3872, 'Grabicina de Sus', 11),
(3873, 'Gura Văii', 11),
(3874, 'Plopeasa', 11),
(3875, 'Policiori', 11),
(3876, 'Arcanu', 11),
(3877, 'Brăgăreasa', 11),
(3878, 'Lipănescu', 11),
(3879, 'Caşoca', 11),
(3880, 'Colţu Pietrii', 11),
(3881, 'Gura Siriului', 11),
(3882, 'Lunca Jariştei', 11),
(3883, 'Muşceluşa', 11),
(3884, 'Albeşti', 11),
(3885, 'Bălaia', 11),
(3886, 'Călţuna', 11),
(3887, 'Moisica', 11),
(3888, 'Udaţi-Lucieni', 11),
(3889, 'Udaţi-Mânzu', 11),
(3890, 'Maxenu', 11),
(3891, 'Odaia Banului', 11),
(3892, 'Pogonele', 11),
(3893, 'Bărbunceşti', 11),
(3894, 'Grăjdana', 11),
(3895, 'Haleş', 11),
(3896, 'Izvoranu', 11),
(3897, 'Izvoru', 11),
(3898, 'Leiculeşti', 11),
(3899, 'Pădurenii', 11),
(3900, 'Salcia', 11),
(3901, 'Strezeni', 11),
(3902, 'Valea Sălciilor', 11),
(3903, 'Băbeni', 11),
(3904, 'Ceairu', 11),
(3905, 'Deduleşti', 11),
(3906, 'Gura Făgetului', 11),
(3907, 'Poşta', 11),
(3908, 'Răduceşti', 11),
(3909, 'Băltăreţi', 11),
(3910, 'Clondiru', 11),
(3911, 'Sărata', 11),
(3912, 'Vâlcele', 11),
(3913, 'Ojasca', 11),
(3914, 'Băjani', 11),
(3915, 'Focşănei', 11),
(3916, 'Gura Câlnăului', 11),
(3917, 'Scurteşti', 11),
(3918, 'Stănceşti', 11),
(3919, 'Oreavul', 11),
(3920, 'Rubla', 11),
(3921, 'Modreni', 11),
(3922, 'Valea Salciei-Cătun', 11),
(3923, 'Brădeanca', 11),
(3924, 'Cândeşti', 11),
(3925, 'Cârlomăneşti', 11),
(3926, 'Mierea', 11),
(3927, 'Nenciu', 11),
(3928, 'Nişcov', 11),
(3929, 'Săsenii Noi', 11),
(3930, 'Săsenii Vechi', 11),
(3931, 'Săsenii pe Vale', 11),
(3932, 'Zoreşti', 11),
(3933, 'Bodineşti', 11),
(3934, 'Coca-Antimireşti', 11),
(3935, 'Coca-Niculeşti', 11),
(3936, 'Niculeşti', 11),
(3937, 'Petrăcheşti', 11),
(3938, 'Podu Muncii', 11),
(3939, 'Smeeşti', 11),
(3940, 'Sârbeşti', 11),
(3941, 'Muscel', 11),
(3942, 'Pălici', 11),
(3943, 'Ruşavăţ', 11),
(3944, 'Tronari', 11),
(3945, 'Ursoaia', 11),
(3946, 'Comisoaia', 11),
(3947, 'Fundeni', 11),
(3948, 'Pruneni', 11),
(3949, 'Vadu Soreşti', 11),
(3950, 'Costieni', 11),
(3951, 'Cuculeasa', 11),
(3952, 'Heliade Rădulescu', 11),
(3953, 'Lanurile', 11),
(3954, 'Zoiţa', 11),
(3955, 'Alexandru Odobescu', 12),
(3956, 'Belciugatele', 12),
(3957, 'Borcea', 12),
(3958, 'Budeşti', 12),
(3959, 'Chirnogi', 12),
(3960, 'Chiselet', 12),
(3961, 'Ciocăneşti', 12),
(3962, 'Curcani', 12),
(3963, 'Cuza Vodă', 12),
(3964, 'Călăraşi', 12),
(3965, 'Căscioarele', 12),
(3966, 'Dichiseni', 12),
(3967, 'Dor Mărunt', 12),
(3968, 'Dorobanţu', 12),
(3969, 'Dragalina', 12),
(3970, 'Dragoş Vodă', 12),
(3971, 'Frumuşani', 12),
(3972, 'Frăsinet', 12),
(3973, 'Fundeni', 12),
(3974, 'Fundulea', 12),
(3975, 'Grădiştea', 12),
(3976, 'Gurbăneşti', 12),
(3977, 'Ileana', 12),
(3978, 'Independenţa', 12),
(3979, 'Jegălia', 12),
(3980, 'Lehliu', 12),
(3981, 'Luica', 12),
(3982, 'Lupşanu', 12),
(3983, 'Mitreni', 12),
(3984, 'Modelu', 12),
(3985, 'Mânăstirea', 12),
(3986, 'Nana', 12),
(3987, 'Nicolae Bălcescu', 12),
(3988, 'Olteniţa', 12),
(3989, 'Perişoru', 12),
(3990, 'Plătăreşti', 12),
(3991, 'Radovanu', 12),
(3992, 'Roseţi', 12),
(3993, 'Sohatu', 12),
(3994, 'Spanţov', 12),
(3995, 'Săruleşti', 12),
(3996, 'Tămădău Mare', 12),
(3997, 'Ulmeni', 12),
(3998, 'Ulmu', 12),
(3999, 'Unirea', 12),
(4000, 'Valea Argovei', 12),
(4001, 'Vasilaţi', 12),
(4002, 'Vlad Ţepeş', 12),
(4003, 'Vâlcelele', 12),
(4004, 'Şoldanu', 12),
(4005, 'Ştefan Vodă', 12),
(4006, 'Ştefan cel Mare', 12),
(4007, 'Gălăţui', 12),
(4008, 'Nicolae Bălcescu', 12),
(4009, 'Cojeşti', 12),
(4010, 'Cândeasca', 12),
(4011, 'Mataraua', 12),
(4012, 'Măriuţa', 12),
(4013, 'Aprozi', 12),
(4014, 'Buciumeni', 12),
(4015, 'Crivăţ', 12),
(4016, 'Gruiu', 12),
(4017, 'Sălcioara', 12),
(4018, 'Ceacu', 12),
(4019, 'Călăraşii Vechi', 12),
(4020, 'Coslogeni', 12),
(4021, 'Libertatea', 12),
(4022, 'Satnoeni', 12),
(4023, 'Dâlga', 12),
(4024, 'Dâlga-Gară', 12),
(4025, 'Ogoru', 12),
(4026, 'Pelinu', 12),
(4027, 'Înfrăţirea', 12),
(4028, 'Boşneagu', 12),
(4029, 'Vărăşti', 12),
(4030, 'Constantin Brâncoveanu', 12),
(4031, 'Drajna Nouă', 12),
(4032, 'Bogdana', 12),
(4033, 'Socoalele', 12),
(4034, 'Curăteşti', 12),
(4035, 'Dăneşti', 12),
(4036, 'Frăsinetu de Jos', 12),
(4037, 'Luptători', 12),
(4038, 'Tăriceni', 12),
(4039, 'Orăşti', 12),
(4040, 'Pasărea', 12),
(4041, 'Piţigaia', 12),
(4042, 'Postăvari', 12),
(4043, 'Pădurişu', 12),
(4044, 'Alexandru I. Cuza', 12),
(4045, 'Gostilele', 12),
(4046, 'Bogata', 12),
(4047, 'Cuneşti', 12),
(4048, 'Rasa', 12),
(4049, 'Codreni', 12),
(4050, 'Coţofanca', 12),
(4051, 'Preasna', 12),
(4052, 'Preasna Veche', 12),
(4053, 'Valea Presnei', 12),
(4054, 'Arţari', 12),
(4055, 'Florica', 12),
(4056, 'Podari', 12),
(4057, 'Răsurile', 12),
(4058, 'Răzoarele', 12),
(4059, 'Satu Nou', 12),
(4060, 'Vlăiculeşti', 12),
(4061, 'Ştefăneşti', 12),
(4062, 'Potcoava', 12),
(4063, 'Vişinii', 12),
(4064, 'Gâldău', 12),
(4065, 'Iezeru', 12),
(4066, 'Săpunari', 12),
(4067, 'Buzoeni', 12),
(4068, 'Lehliu-Gară', 12),
(4069, 'Răzvani', 12),
(4070, 'Valea Seacă', 12),
(4071, 'Valea Stânii', 12),
(4072, 'Nucetu', 12),
(4073, 'Plevna', 12),
(4074, 'Radu Vodă', 12),
(4075, 'Valea Rusului', 12),
(4076, 'Coconi', 12),
(4077, 'Sultana', 12),
(4078, 'Clăteşti', 12),
(4079, 'Valea Roşie', 12),
(4080, 'Radu Negru', 12),
(4081, 'Stoeneşti', 12),
(4082, 'Tonea', 12),
(4083, 'Fântâna Doamnei', 12),
(4084, 'Paicu', 12),
(4085, 'Mărculeşti-Gară', 12),
(4086, 'Tudor Vladimirescu', 12),
(4087, 'Cucuieţi', 12),
(4088, 'Dorobanţu', 12),
(4089, 'Podu Pitarului', 12),
(4090, 'Valea Popii', 12),
(4091, 'Măgureni', 12),
(4092, 'Polceşti', 12),
(4093, 'Solacolu', 12),
(4094, 'Sănduliţa', 12),
(4095, 'Săruleşti-Gară', 12),
(4096, 'Sătucu', 12),
(4097, 'Progresu', 12),
(4098, 'Negoeşti', 12),
(4099, 'Cetatea Veche', 12),
(4100, 'Stancea', 12),
(4101, 'Călăreţi', 12),
(4102, 'Dârvari', 12),
(4103, 'Plumbuita', 12),
(4104, 'Săcele', 12),
(4105, 'Tămădău Mic', 12),
(4106, 'Şeinoiu', 12),
(4107, 'Chirnogi', 12),
(4108, 'Făurei', 12),
(4109, 'Zimbru', 12),
(4110, 'Oltina', 12),
(4111, 'Floroaica', 12),
(4112, 'Lunca', 12),
(4113, 'Ostrovu', 12),
(4114, 'Siliştea', 12),
(4115, 'Vlădiceasca', 12),
(4116, 'Gălbinaşi', 12),
(4117, 'Nuci', 12),
(4118, 'Popeşti', 12),
(4119, 'Mihai Viteazu', 12),
(4120, 'Anina', 13),
(4121, 'Armeniş', 13),
(4122, 'Berlişte', 13),
(4123, 'Berzasca', 13),
(4124, 'Berzovia', 13),
(4125, 'Bocşa', 13),
(4126, 'Bolvaşniţa', 13),
(4127, 'Bozovici', 13),
(4128, 'Brebu', 13),
(4129, 'Brebu Nou', 13),
(4130, 'Buchin', 13),
(4131, 'Bucoşniţa', 13),
(4132, 'Băile Herculane', 13),
(4133, 'Bănia', 13),
(4134, 'Băuţar', 13),
(4135, 'Caransebeş', 13),
(4136, 'Caraşova', 13),
(4137, 'Ciclova Română', 13),
(4138, 'Ciuchici', 13),
(4139, 'Ciudanoviţa', 13),
(4140, 'Copăcele', 13),
(4141, 'Cornea', 13),
(4142, 'Cornereva', 13),
(4143, 'Coronini', 13),
(4144, 'Cărbunari', 13),
(4145, 'Dalboşeţ', 13),
(4146, 'Doclin', 13),
(4147, 'Dognecea', 13),
(4148, 'Domaşnea', 13),
(4149, 'Eftimie Murgu', 13),
(4150, 'Ezeriş', 13),
(4151, 'Forotic', 13),
(4152, 'Fârliug', 13),
(4153, 'Glimboca', 13),
(4154, 'Goruia', 13),
(4155, 'Grădinari', 13),
(4156, 'Gârnic', 13),
(4157, 'Iablaniţa', 13),
(4158, 'Luncaviţa', 13),
(4159, 'Lupac', 13),
(4160, 'Lăpuşnicel', 13),
(4161, 'Lăpuşnicu Mare', 13),
(4162, 'Marga', 13),
(4163, 'Mehadia', 13),
(4164, 'Mehadica', 13),
(4165, 'Moldova Nouă', 13),
(4166, 'Măureni', 13),
(4167, 'Naidăş', 13),
(4168, 'Obreja', 13),
(4169, 'Ocna de Fier', 13),
(4170, 'Oraviţa', 13),
(4171, 'Oţelu Roşu', 13),
(4172, 'Pojejena', 13),
(4173, 'Prigor', 13),
(4174, 'Păltiniş', 13),
(4175, 'Ramna', 13),
(4176, 'Reşiţa', 13),
(4177, 'Rusca Montană', 13),
(4178, 'Răcăşdia', 13),
(4179, 'Sacu', 13),
(4180, 'Sasca Montană', 13),
(4181, 'Sicheviţa', 13),
(4182, 'Slatina-Timiş', 13),
(4183, 'Socol', 13),
(4184, 'Teregova', 13),
(4185, 'Ticvaniu Mare', 13),
(4186, 'Topleţ', 13),
(4187, 'Turnu Ruieni', 13),
(4188, 'Târnova', 13),
(4189, 'Vermeş', 13),
(4190, 'Vrani', 13),
(4191, 'Văliug', 13),
(4192, 'Vărădia', 13),
(4193, 'Zorlenţu Mare', 13),
(4194, 'Zăvoi', 13),
(4195, 'Şopotu Nou', 13),
(4196, 'Steierdorf', 13),
(4197, 'Feneş', 13),
(4198, 'Plopu', 13),
(4199, 'Sat Bătrân', 13),
(4200, 'Sub Margine', 13),
(4201, 'Pecinişca', 13),
(4202, 'Gârbovăţ', 13),
(4203, 'Bucova', 13),
(4204, 'Cornişoru', 13),
(4205, 'Preveciori', 13),
(4206, 'Iam', 13),
(4207, 'Milcoveni', 13),
(4208, 'Rusova Nouă', 13),
(4209, 'Rusova Veche', 13),
(4210, 'Bigăr', 13),
(4211, 'Cozla', 13),
(4212, 'Drencova', 13),
(4213, 'Liubcova', 13),
(4214, 'Fizeş', 13),
(4215, 'Gherteniş', 13),
(4216, 'Vârciorova', 13),
(4217, 'Poneasca', 13),
(4218, 'Prilipeţ', 13),
(4219, 'Valea Minişului', 13),
(4220, 'Apadia', 13),
(4221, 'Valeadeni', 13),
(4222, 'Gărâna', 13),
(4223, 'Lindenfeld', 13),
(4224, 'Poiana', 13),
(4225, 'Prisian', 13),
(4226, 'Valea Timişului', 13),
(4227, 'Goleţ', 13),
(4228, 'Petroşniţa', 13),
(4229, 'Vălişoara', 13),
(4230, 'Jupa', 13),
(4231, 'Iabalcea', 13),
(4232, 'Nermed', 13),
(4233, 'Ştinăpari', 13),
(4234, 'Ilidia', 13),
(4235, 'Socolari', 13),
(4236, 'Macovişte', 13),
(4237, 'Nicolinţ', 13),
(4238, 'Petrilova', 13),
(4239, 'Jitin', 13),
(4240, 'Căvăran', 13),
(4241, 'Maciova', 13),
(4242, 'Mâtnicu Mare', 13),
(4243, 'Peştere', 13),
(4244, 'Prisaca', 13),
(4245, 'Zăgujeni', 13),
(4246, 'Ohaba-Mâtnic', 13),
(4247, 'Ruginosu', 13),
(4248, 'Zorile', 13),
(4249, 'Cruşovăţ', 13),
(4250, 'Cuptoare', 13),
(4251, 'Macovişte', 13),
(4252, 'Arsuri', 13),
(4253, 'Bogâltin', 13),
(4254, 'Bojia', 13),
(4255, 'Borugi', 13),
(4256, 'Camena', 13),
(4257, 'Cireşel', 13),
(4258, 'Costiş', 13),
(4259, 'Cozia', 13),
(4260, 'Cracu Mare', 13),
(4261, 'Cracu Teiului', 13),
(4262, 'Dobraia', 13),
(4263, 'Dolina', 13),
(4264, 'Gruni', 13),
(4265, 'Hora Mare', 13),
(4266, 'Hora Mică', 13),
(4267, 'Ineleţ', 13),
(4268, 'Izvor', 13),
(4269, 'Lunca Florii', 13),
(4270, 'Lunca Zaicii', 13),
(4271, 'Mesteacăn', 13),
(4272, 'Negiudin', 13),
(4273, 'Obiţa', 13),
(4274, 'Pogara', 13),
(4275, 'Pogara de Sus', 13),
(4276, 'Poiana Lungă', 13),
(4277, 'Prisacina', 13),
(4278, 'Prislop', 13),
(4279, 'Ruştin', 13),
(4280, 'Scărişoara', 13),
(4281, 'Strugasca', 13),
(4282, 'Studena', 13),
(4283, 'Sub Crâng', 13),
(4284, 'Sub Plai', 13),
(4285, 'Topla', 13),
(4286, 'Zbegu', 13),
(4287, 'Zmogotin', 13),
(4288, 'Zoina', 13),
(4289, 'Zănogi', 13),
(4290, 'Ţaţu', 13),
(4291, 'Sfânta Elena', 13),
(4292, 'Boina', 13),
(4293, 'Boiniţa', 13),
(4294, 'Bârz', 13),
(4295, 'Prislop', 13),
(4296, 'Reşiţa Mică', 13),
(4297, 'Şopotu Vechi', 13),
(4298, 'Biniş', 13),
(4299, 'Tirol', 13),
(4300, 'Calina', 13),
(4301, 'Cănicea', 13),
(4302, 'Soceni', 13),
(4303, 'Dezeşti', 13),
(4304, 'Duleu', 13),
(4305, 'Remetea-Pogănici', 13),
(4306, 'Scăiuş', 13),
(4307, 'Valea Mare', 13),
(4308, 'Brezon', 13),
(4309, 'Comorâşte', 13),
(4310, 'Surducu Mare', 13),
(4311, 'Padina Matei', 13),
(4312, 'Giurgiova', 13),
(4313, 'Gârlişte', 13),
(4314, 'Greoni', 13),
(4315, 'Globu Craiovei', 13),
(4316, 'Petnic', 13),
(4317, 'Pârvova', 13),
(4318, 'Şumiţa', 13),
(4319, 'Moceriş', 13),
(4320, 'Verendin', 13),
(4321, 'Clocotici', 13),
(4322, 'Rafnic', 13),
(4323, 'Vodnic', 13),
(4324, 'Vama Marga', 13),
(4325, 'Şoşdea', 13),
(4326, 'Globurău', 13),
(4327, 'Plugova', 13),
(4328, 'Valea Bolvaşniţa', 13),
(4329, 'Moldova Veche', 13),
(4330, 'Moldoviţa', 13),
(4331, 'Măceşti', 13),
(4332, 'Lescoviţa', 13),
(4333, 'Ciuta', 13),
(4334, 'Iaz', 13),
(4335, 'Var', 13),
(4336, 'Agadici', 13),
(4337, 'Broşteni', 13),
(4338, 'Brădişoru de Jos', 13),
(4339, 'Ciclova Montană', 13),
(4340, 'Marila', 13),
(4341, 'Răchitova', 13),
(4342, 'Cireşa', 13),
(4343, 'Mal', 13),
(4344, 'Cornuţel', 13),
(4345, 'Delineşti', 13),
(4346, 'Ohabiţa', 13),
(4347, 'Rugi', 13),
(4348, 'Belobreşca', 13),
(4349, 'Divici', 13),
(4350, 'Radimna', 13),
(4351, 'Şuşca', 13),
(4352, 'Borlovenii Noi', 13),
(4353, 'Borlovenii Vechi', 13),
(4354, 'Putna', 13),
(4355, 'Pătaş', 13),
(4356, 'Vrăniuţ', 13),
(4357, 'Bărbosu', 13),
(4358, 'Valeapai', 13),
(4359, 'Cuptoare', 13),
(4360, 'Câlnic', 13),
(4361, 'Doman', 13),
(4362, 'Moniom', 13),
(4363, 'Secu', 13),
(4364, 'Ţerova', 13),
(4365, 'Ruşchiţa', 13),
(4366, 'Sălbăgelu Nou', 13),
(4367, 'Tincova', 13),
(4368, 'Bogodinţ', 13),
(4369, 'Potoc', 13),
(4370, 'Sasca Română', 13),
(4371, 'Slatina-Nera', 13),
(4372, 'Brestelnic', 13),
(4373, 'Cameniţa', 13),
(4374, 'Cracu Almăj', 13),
(4375, 'Cruşoviţa', 13),
(4376, 'Curmătura', 13),
(4377, 'Cârşie', 13),
(4378, 'Frăsiniş', 13),
(4379, 'Gornea', 13),
(4380, 'Liborajdea', 13),
(4381, 'Lucacevăţ', 13),
(4382, 'Martinovăţ', 13),
(4383, 'Ogaşu Podului', 13),
(4384, 'Streneac', 13),
(4385, 'Valea Oreviţa', 13),
(4386, 'Valea Ravensca', 13),
(4387, 'Valea Sicheviţei', 13),
(4388, 'Zănou', 13),
(4389, 'Zăsloane', 13),
(4390, 'Ilova', 13),
(4391, 'Sadova Nouă', 13),
(4392, 'Sadova Veche', 13),
(4393, 'Baziaş', 13),
(4394, 'Câmpia', 13),
(4395, 'Pârneaura', 13),
(4396, 'Zlatiţa', 13),
(4397, 'Cârşa Roşie', 13),
(4398, 'Driştie', 13),
(4399, 'Poienile Boinei', 13),
(4400, 'Ravensca', 13),
(4401, 'Răchita', 13),
(4402, 'Stăncilova', 13),
(4403, 'Urcu', 13),
(4404, 'Valea Roşie', 13),
(4405, 'Valea Răchitei', 13),
(4406, 'Bratova', 13),
(4407, 'Rusca', 13),
(4408, 'Cârnecea', 13),
(4409, 'Secăşeni', 13),
(4410, 'Ticvaniu Mic', 13),
(4411, 'Bârza', 13),
(4412, 'Borlova', 13),
(4413, 'Cicleni', 13),
(4414, 'Dalci', 13),
(4415, 'Zerveşti', 13),
(4416, 'Zlagna', 13),
(4417, 'Mercina', 13),
(4418, 'Ersig', 13),
(4419, 'Izgar', 13),
(4420, 'Ciortea', 13),
(4421, 'Iertof', 13),
(4422, '23 August', 13),
(4423, 'Măgura', 13),
(4424, 'Măru', 13),
(4425, 'Poiana Mărului', 13),
(4426, 'Valea Bistrei', 13),
(4427, 'Voislova', 13),
(4428, 'Zorlencior', 13),
(4429, 'Aghireşu', 14),
(4430, 'Aiton', 14),
(4431, 'Aluniş', 14),
(4432, 'Apahida', 14),
(4433, 'Baciu', 14),
(4434, 'Beliş', 14),
(4435, 'Bobâlna', 14),
(4436, 'Bonţida', 14),
(4437, 'Borşa', 14),
(4438, 'Buza', 14),
(4439, 'Băişoara', 14),
(4440, 'Ceanu Mare', 14),
(4441, 'Chinteni', 14),
(4442, 'Chiuieşti', 14),
(4443, 'Ciucea', 14),
(4444, 'Ciurila', 14),
(4445, 'Cluj-Napoca', 14),
(4446, 'Cojocna', 14),
(4447, 'Corneşti', 14),
(4448, 'Cuzdrioara', 14),
(4449, 'Câmpia Turzii', 14),
(4450, 'Câţcău', 14),
(4451, 'Căianu', 14),
(4452, 'Călăraşi', 14),
(4453, 'Călăţele', 14),
(4454, 'Cămăraşu', 14),
(4455, 'Căpuşu Mare', 14),
(4456, 'Cătina', 14),
(4457, 'Căşeiu', 14),
(4458, 'Dej', 14),
(4459, 'Dăbâca', 14),
(4460, 'Feleacu', 14),
(4461, 'Fizeşu Gherlii', 14),
(4462, 'Floreşti', 14),
(4463, 'Frata', 14),
(4464, 'Geaca', 14),
(4465, 'Gherla', 14),
(4466, 'Gilău', 14),
(4467, 'Gârbău', 14),
(4468, 'Huedin', 14),
(4469, 'Iara', 14),
(4470, 'Iclod', 14),
(4471, 'Izvoru Crişului', 14),
(4472, 'Jichişu de Jos', 14),
(4473, 'Luna', 14),
(4474, 'Mica', 14),
(4475, 'Mihai Viteazu', 14),
(4476, 'Mintiu Gherlii', 14),
(4477, 'Mociu', 14),
(4478, 'Moldoveneşti', 14),
(4479, 'Măguri-Răcătău', 14),
(4480, 'Mănăstireni', 14),
(4481, 'Mărgău', 14),
(4482, 'Mărişel', 14),
(4483, 'Negreni', 14),
(4484, 'Panticeu', 14),
(4485, 'Petreştii de Jos', 14),
(4486, 'Ploscoş', 14),
(4487, 'Poieni', 14),
(4488, 'Pălatca', 14),
(4489, 'Recea-Cristur', 14),
(4490, 'Rişca', 14),
(4491, 'Sic', 14),
(4492, 'Suatu', 14),
(4493, 'Sâncraiu', 14),
(4494, 'Sânmărtin', 14),
(4495, 'Sânpaul', 14),
(4496, 'Săcuieu', 14),
(4497, 'Sănduleşti', 14),
(4498, 'Săvădisla', 14),
(4499, 'Tritenii de Jos', 14),
(4500, 'Turda', 14),
(4501, 'Tureni', 14),
(4502, 'Unguraş', 14),
(4503, 'Vad', 14),
(4504, 'Valea Ierii', 14),
(4505, 'Viişoara', 14),
(4506, 'Vultureni', 14),
(4507, 'Ţaga', 14),
(4508, 'Aghireşu-Fabrici', 14),
(4509, 'Arghişu', 14),
(4510, 'Băgara', 14),
(4511, 'Dorolţu', 14),
(4512, 'Dâncu', 14),
(4513, 'Inucu', 14),
(4514, 'Leghia', 14),
(4515, 'Macău', 14),
(4516, 'Ticu', 14),
(4517, 'Ticu-Colonie', 14),
(4518, 'Rediu', 14),
(4519, 'Corneni', 14),
(4520, 'Ghirolt', 14),
(4521, 'Pruneni', 14),
(4522, 'Vale', 14),
(4523, 'Bodrog', 14),
(4524, 'Corpadea', 14),
(4525, 'Câmpeneşti', 14),
(4526, 'Dezmir', 14),
(4527, 'Pata', 14),
(4528, 'Sub Coastă', 14),
(4529, 'Sânnicoară', 14),
(4530, 'Cristorel', 14),
(4531, 'Dorna', 14),
(4532, 'Fodora', 14),
(4533, 'Ăşchileu Mare', 14),
(4534, 'Ăşchileu Mic', 14),
(4535, 'Coruşu', 14),
(4536, 'Mera', 14),
(4537, 'Popeşti', 14),
(4538, 'Rădaia', 14),
(4539, 'Suceagu', 14),
(4540, 'Săliştea Nouă', 14),
(4541, 'Frăsinet', 14),
(4542, 'Moara de Pădure', 14),
(4543, 'Muntele Bocului', 14),
(4544, 'Muntele Băişorii', 14),
(4545, 'Muntele Cacovei', 14),
(4546, 'Muntele Filii', 14),
(4547, 'Muntele Săcelului', 14),
(4548, 'Săcel', 14),
(4549, 'Bălceşti', 14),
(4550, 'Dealu Botii', 14),
(4551, 'Giurcuţa de Jos', 14),
(4552, 'Giurcuţa de Sus', 14),
(4553, 'Poiana Horea', 14),
(4554, 'Smida', 14),
(4555, 'Antăş', 14),
(4556, 'Blidăreşti', 14),
(4557, 'Băbdiu', 14),
(4558, 'Cremenea', 14),
(4559, 'Maia', 14),
(4560, 'Oşorhel', 14),
(4561, 'Pruni', 14),
(4562, 'Răzbuneni', 14),
(4563, 'Suarăş', 14),
(4564, 'Vâlcelele', 14),
(4565, 'Coasta', 14),
(4566, 'Răscruci', 14),
(4567, 'Tăuşeni', 14),
(4568, 'Borşa-Crestaia', 14),
(4569, 'Borşa-Cătun', 14),
(4570, 'Ciumăfaia', 14),
(4571, 'Giula', 14),
(4572, 'Rotunda', 14),
(4573, 'Bărăi', 14),
(4574, 'Căianu Mic', 14),
(4575, 'Căianu-Vamă', 14),
(4576, 'Vaida-Cămăraş', 14),
(4577, 'Văleni', 14),
(4578, 'Bogata', 14),
(4579, 'Călăraşi-Gară', 14),
(4580, 'Călata', 14),
(4581, 'Dealu Negru', 14),
(4582, 'Finciu', 14),
(4583, 'Văleni', 14),
(4584, 'Năoiu', 14),
(4585, 'Sâmboleni', 14),
(4586, 'Agârbiciu', 14),
(4587, 'Bălceşti', 14),
(4588, 'Căpuşu Mic', 14),
(4589, 'Dumbrava', 14),
(4590, 'Dângău Mare', 14),
(4591, 'Dângău Mic', 14),
(4592, 'Păniceni', 14),
(4593, 'Straja', 14),
(4594, 'Comorâţa', 14),
(4595, 'Coplean', 14),
(4596, 'Custura', 14),
(4597, 'Guga', 14),
(4598, 'Gârbău Dejului', 14),
(4599, 'Leurda', 14),
(4600, 'Rugăşeşti', 14),
(4601, 'Sălătruc', 14),
(4602, 'Urişor', 14),
(4603, 'Muncel', 14),
(4604, 'Sălişca', 14),
(4605, 'Copru', 14),
(4606, 'Feldioara', 14),
(4607, 'Hagău', 14),
(4608, 'Hodaie', 14),
(4609, 'Valea Caldă', 14),
(4610, 'Andici', 14),
(4611, 'Boian', 14),
(4612, 'Bolduţ', 14),
(4613, 'Ciurgău', 14),
(4614, 'Dosu Napului', 14),
(4615, 'Fânaţe', 14),
(4616, 'Hodăi Boian', 14),
(4617, 'Iacobeni', 14),
(4618, 'Morţeşti', 14),
(4619, 'Strucut', 14),
(4620, 'Stârcu', 14),
(4621, 'Valea lui Cati', 14),
(4622, 'Deuşu', 14),
(4623, 'Feiurdeni', 14),
(4624, 'Măcicaşu', 14),
(4625, 'Pădureni', 14),
(4626, 'Satu Lung', 14),
(4627, 'Sânmărtin', 14),
(4628, 'Săliştea Veche', 14),
(4629, 'Vechea', 14),
(4630, 'Dosu Bricii', 14),
(4631, 'Huta', 14),
(4632, 'Măgoaja', 14),
(4633, 'Strâmbu', 14),
(4634, 'Valea Căşeielului', 14),
(4635, 'Valea lui Opriş', 14),
(4636, 'Vânători', 14),
(4637, 'Filea de Jos', 14),
(4638, 'Filea de Sus', 14),
(4639, 'Pruniş', 14),
(4640, 'Pădureni', 14),
(4641, 'Sălicea', 14),
(4642, 'Sălişte', 14),
(4643, 'Şutu', 14),
(4644, 'Boj-Cătun', 14),
(4645, 'Boju', 14),
(4646, 'Cara', 14),
(4647, 'Huci', 14),
(4648, 'Iuriu de Câmpie', 14),
(4649, 'Morişti', 14),
(4650, 'Straja', 14),
(4651, 'Bârlea', 14),
(4652, 'Igriţia', 14),
(4653, 'Lujerdiu', 14),
(4654, 'Morău', 14),
(4655, 'Stoiana', 14),
(4656, 'Tiocu de Jos', 14),
(4657, 'Tiocu de Sus', 14),
(4658, 'Tioltiur', 14),
(4659, 'Mănăşturel', 14),
(4660, 'Valea Gârboului', 14),
(4661, 'Luna de Jos', 14),
(4662, 'Pâglişa', 14),
(4663, 'Ocna Dejului', 14),
(4664, 'Peştera', 14),
(4665, 'Pintic', 14),
(4666, 'Şomcutu Mic', 14);
INSERT INTO `dashboard_city` (`id`, `name`, `area_id`) VALUES
(4667, 'Casele Miceşti', 14),
(4668, 'Gheorghieni', 14),
(4669, 'Sărădiş', 14),
(4670, 'Vâlcele', 14),
(4671, 'Bonţ', 14),
(4672, 'Lunca Bonţului', 14),
(4673, 'Nicula', 14),
(4674, 'Săcălaia', 14),
(4675, 'Luna de Sus', 14),
(4676, 'Tăuţi', 14),
(4677, 'Berchieşu', 14),
(4678, 'Oaş', 14),
(4679, 'Olăriu', 14),
(4680, 'Poiana Frăţii', 14),
(4681, 'Pădurea Iacobeni', 14),
(4682, 'Răzoare', 14),
(4683, 'Soporu de Câmpie', 14),
(4684, 'Corneşti', 14),
(4685, 'Nădăşelu', 14),
(4686, 'Turea', 14),
(4687, 'Viştea', 14),
(4688, 'Chiriş', 14),
(4689, 'Lacu', 14),
(4690, 'Legii', 14),
(4691, 'Puini', 14),
(4692, 'Sucutard', 14),
(4693, 'Băiţa', 14),
(4694, 'Hăşdate', 14),
(4695, 'Silivaş', 14),
(4696, 'Someşu Cald', 14),
(4697, 'Someşu Rece', 14),
(4698, 'Bicălatu', 14),
(4699, 'Agriş', 14),
(4700, 'Borzeşti', 14),
(4701, 'Buru', 14),
(4702, 'Cacova Ierii', 14),
(4703, 'Făgetu Ierii', 14),
(4704, 'Lungeşti', 14),
(4705, 'Maşca', 14),
(4706, 'Măgura Ierii', 14),
(4707, 'Ocolişel', 14),
(4708, 'Surduc', 14),
(4709, 'Valea Agrişului', 14),
(4710, 'Valea Vadului', 14),
(4711, 'Fundătura', 14),
(4712, 'Iclozel', 14),
(4713, 'Livada', 14),
(4714, 'Orman', 14),
(4715, 'Nadăşu', 14),
(4716, 'Nearşova', 14),
(4717, 'Şaula', 14),
(4718, 'Codor', 14),
(4719, 'Jichişu de Sus', 14),
(4720, 'Tărpiu', 14),
(4721, 'Şigău', 14),
(4722, 'Gădălin', 14),
(4723, 'Juc-Herghelie', 14),
(4724, 'Jucu de Mijloc', 14),
(4725, 'Jucu de Sus', 14),
(4726, 'Vişea', 14),
(4727, 'Gligoreşti', 14),
(4728, 'Luncani', 14),
(4729, 'Muntele Rece', 14),
(4730, 'Măguri', 14),
(4731, 'Ardeova', 14),
(4732, 'Bedeciu', 14),
(4733, 'Bica', 14),
(4734, 'Dretea', 14),
(4735, 'Mănăşturu Românesc', 14),
(4736, 'Bociu', 14),
(4737, 'Buteni', 14),
(4738, 'Ciuleni', 14),
(4739, 'Răchiţele', 14),
(4740, 'Scrind-Frăsinet', 14),
(4741, 'Dâmbu Mare', 14),
(4742, 'Mănăstirea', 14),
(4743, 'Nireş', 14),
(4744, 'Sânmărghita', 14),
(4745, 'Valea Cireşoii', 14),
(4746, 'Valea Luncii', 14),
(4747, 'Cheia', 14),
(4748, 'Corneşti', 14),
(4749, 'Buneşti', 14),
(4750, 'Nima', 14),
(4751, 'Petreşti', 14),
(4752, 'Pădurenii', 14),
(4753, 'Salatiu', 14),
(4754, 'Boteni', 14),
(4755, 'Chesău', 14),
(4756, 'Crişeni', 14),
(4757, 'Falca', 14),
(4758, 'Ghirişu Român', 14),
(4759, 'Roşieni', 14),
(4760, 'Turmaşi', 14),
(4761, 'Zorenii de Vale', 14),
(4762, 'Bădeni', 14),
(4763, 'Pietroasa', 14),
(4764, 'Plăieşti', 14),
(4765, 'Podeni', 14),
(4766, 'Stejeriş', 14),
(4767, 'Bucea', 14),
(4768, 'Prelucele', 14),
(4769, 'Băgaciu', 14),
(4770, 'Mureşenii de Câmpie', 14),
(4771, 'Petea', 14),
(4772, 'Sava', 14),
(4773, 'Cubleşu Someşan', 14),
(4774, 'Cătălina', 14),
(4775, 'Dârja', 14),
(4776, 'Sărata', 14),
(4777, 'Crăeşti', 14),
(4778, 'Deleni', 14),
(4779, 'Livada', 14),
(4780, 'Petreştii de Mijloc', 14),
(4781, 'Petreştii de Sus', 14),
(4782, 'Plaiuri', 14),
(4783, 'Crairât', 14),
(4784, 'Lobodaş', 14),
(4785, 'Valea Florilor', 14),
(4786, 'Bologa', 14),
(4787, 'Cerbeşti', 14),
(4788, 'Hodişu', 14),
(4789, 'Lunca Vişagului', 14),
(4790, 'Morlaca', 14),
(4791, 'Tranişu', 14),
(4792, 'Valea Drăganului', 14),
(4793, 'Ciubanca', 14),
(4794, 'Ciubăncuţa', 14),
(4795, 'Căprioara', 14),
(4796, 'Elciu', 14),
(4797, 'Escu', 14),
(4798, 'Jurca', 14),
(4799, 'Osoi', 14),
(4800, 'Pustuţa', 14),
(4801, 'Dealu Mare', 14),
(4802, 'Lăpuşteşti', 14),
(4803, 'Mărceşti', 14),
(4804, 'Rogojel', 14),
(4805, 'Vişagu', 14),
(4806, 'Alunişu', 14),
(4807, 'Brăişoru', 14),
(4808, 'Domoşu', 14),
(4809, 'Horlacea', 14),
(4810, 'Copăceni', 14),
(4811, 'Ceaba', 14),
(4812, 'Cutca', 14),
(4813, 'Diviciorii Mari', 14),
(4814, 'Diviciorii Mici', 14),
(4815, 'Măhal', 14),
(4816, 'Sâmboieni', 14),
(4817, 'Târguşor', 14),
(4818, 'Berindu', 14),
(4819, 'Mihăieşti', 14),
(4820, 'Sumurducu', 14),
(4821, 'Topa Mică', 14),
(4822, 'Şardu', 14),
(4823, 'Finişel', 14),
(4824, 'Hăşdate', 14),
(4825, 'Lita', 14),
(4826, 'Liteni', 14),
(4827, 'Stolna', 14),
(4828, 'Vlaha', 14),
(4829, 'Vălişoara', 14),
(4830, 'Aruncuta', 14),
(4831, 'Dâmburile', 14),
(4832, 'Năsal', 14),
(4833, 'Sântejude', 14),
(4834, 'Sântejude Vale', 14),
(4835, 'Sântioana', 14),
(4836, 'Clapa', 14),
(4837, 'Colonia', 14),
(4838, 'Pădureni', 14),
(4839, 'Tritenii de Sus', 14),
(4840, 'Tritenii-Hotar', 14),
(4841, 'Ceanu Mic', 14),
(4842, 'Comşeşti', 14),
(4843, 'Miceşti', 14),
(4844, 'Mărtineşti', 14),
(4845, 'Batin', 14),
(4846, 'Daroţ', 14),
(4847, 'Sicfa', 14),
(4848, 'Valea Unguraşului', 14),
(4849, 'Bogata de Jos', 14),
(4850, 'Bogata de Sus', 14),
(4851, 'Calna', 14),
(4852, 'Cetan', 14),
(4853, 'Curtuiuşu Dejului', 14),
(4854, 'Valea Groşilor', 14),
(4855, 'Cerc', 14),
(4856, 'Plopi', 14),
(4857, 'Urca', 14),
(4858, 'Băbuţiu', 14),
(4859, 'Bădeşti', 14),
(4860, 'Chidea', 14),
(4861, 'Făureni', 14),
(4862, 'Şoimeni', 14),
(4863, '23 August', 15),
(4864, 'Adamclisi', 15),
(4865, 'Agigea', 15),
(4866, 'Albeşti', 15),
(4867, 'Aliman', 15),
(4868, 'Amzacea', 15),
(4869, 'Băneasa', 15),
(4870, 'Bărăganu', 15),
(4871, 'Castelu', 15),
(4872, 'Cerchezu', 15),
(4873, 'Cernavodă', 15),
(4874, 'Chirnogeni', 15),
(4875, 'Ciobanu', 15),
(4876, 'Ciocârlia', 15),
(4877, 'Cobadin', 15),
(4878, 'Cogealac', 15),
(4879, 'Comana', 15),
(4880, 'Constanţa', 15),
(4881, 'Corbu', 15),
(4882, 'Costineşti', 15),
(4883, 'Crucea', 15),
(4884, 'Cumpăna', 15),
(4885, 'Deleni', 15),
(4886, 'Dobromir', 15),
(4887, 'Dumbrăveni', 15),
(4888, 'Ghindăreşti', 15),
(4889, 'Gârliciu', 15),
(4890, 'Horia', 15),
(4891, 'Hârşova', 15),
(4892, 'Independenţa', 15),
(4893, 'Ion Corvin', 15),
(4894, 'Istria', 15),
(4895, 'Limanu', 15),
(4896, 'Lipniţa', 15),
(4897, 'Lumina', 15),
(4898, 'Mangalia', 15),
(4899, 'Medgidia', 15),
(4900, 'Mereni', 15),
(4901, 'Mihai Viteazu', 15),
(4902, 'Mihail Kogălniceanu', 15),
(4903, 'Mircea Vodă', 15),
(4904, 'Negru Vodă', 15),
(4905, 'Nicolae Bălcescu', 15),
(4906, 'Năvodari', 15),
(4907, 'Oltina', 15),
(4908, 'Ostrov', 15),
(4909, 'Ovidiu', 15),
(4910, 'Pantelimon', 15),
(4911, 'Pecineaga', 15),
(4912, 'Peştera', 15),
(4913, 'Poarta Albă', 15),
(4914, 'Rasova', 15),
(4915, 'Saraiu', 15),
(4916, 'Seimeni', 15),
(4917, 'Siliştea', 15),
(4918, 'Săcele', 15),
(4919, 'Techirghiol', 15),
(4920, 'Topalu', 15),
(4921, 'Topraisar', 15),
(4922, 'Tortoman', 15),
(4923, 'Tuzla', 15),
(4924, 'Târguşor', 15),
(4925, 'Valu lui Traian', 15),
(4926, 'Vulturu', 15),
(4927, 'Dulceşti', 15),
(4928, 'Moşneni', 15),
(4929, 'Abrud', 15),
(4930, 'Haţeg', 15),
(4931, 'Urluia', 15),
(4932, 'Zorile', 15),
(4933, 'Lazu', 15),
(4934, 'Sanatoriul Agigea', 15),
(4935, 'Staţiunea Zoologică Marină Agigea', 15),
(4936, 'Arsa', 15),
(4937, 'Coroana', 15),
(4938, 'Cotu Văii', 15),
(4939, 'Vârtop', 15),
(4940, 'Dunăreni', 15),
(4941, 'Floriile', 15),
(4942, 'Vlahii', 15),
(4943, 'Casicea', 15),
(4944, 'General Scărişoreanu', 15),
(4945, 'Făurei', 15),
(4946, 'Negureni', 15),
(4947, 'Tudor Vladimirescu', 15),
(4948, 'Lanurile', 15),
(4949, 'Murfatlar', 15),
(4950, 'Siminoc', 15),
(4951, 'Cuza Vodă', 15),
(4952, 'Nisipari', 15),
(4953, 'Căscioarele', 15),
(4954, 'Măgura', 15),
(4955, 'Viroaga', 15),
(4956, 'Credinţa', 15),
(4957, 'Plopeni', 15),
(4958, 'Mioriţa', 15),
(4959, 'Ciocârlia de Sus', 15),
(4960, 'Conacu', 15),
(4961, 'Curcani', 15),
(4962, 'Negreşti', 15),
(4963, 'Viişoara', 15),
(4964, 'Fântânele', 15),
(4965, 'Gura Dobrogei', 15),
(4966, 'Râmnicu de Jos', 15),
(4967, 'Râmnicu de Sus', 15),
(4968, 'Tariverde', 15),
(4969, 'Pelinu', 15),
(4970, 'Tătaru', 15),
(4971, 'Mamaia', 15),
(4972, 'Palazu Mare', 15),
(4973, 'Luminiţa', 15),
(4974, 'Vadu', 15),
(4975, 'Schitu', 15),
(4976, 'Băltăgeşti', 15),
(4977, 'Crişan', 15),
(4978, 'Gălbiori', 15),
(4979, 'Stupina', 15),
(4980, 'Şiriu', 15),
(4981, 'Straja', 15),
(4982, 'Petroşani', 15),
(4983, 'Pietreni', 15),
(4984, 'Şipotele', 15),
(4985, 'Cetatea', 15),
(4986, 'Dobromiru din Deal', 15),
(4987, 'Lespezi', 15),
(4988, 'Pădureni', 15),
(4989, 'Văleni', 15),
(4990, 'Furnica', 15),
(4991, 'Eforie Nord', 15),
(4992, 'Eforie Sud', 15),
(4993, 'Vadu Oii', 15),
(4994, 'Cloşca', 15),
(4995, 'Tichileşti', 15),
(4996, 'Fântâna Mare', 15),
(4997, 'Movila Verde', 15),
(4998, 'Olteni', 15),
(4999, 'Tufani', 15),
(5000, 'Brebeni', 15),
(5001, 'Crângu', 15),
(5002, 'Rariştea', 15),
(5003, 'Viile', 15),
(5004, 'Nuntaşi', 15),
(5005, '2 Mai', 15),
(5006, 'Hagieni', 15),
(5007, 'Vama Veche', 15),
(5008, 'Canlia', 15),
(5009, 'Carvăn', 15),
(5010, 'Coslugea', 15),
(5011, 'Cuiugiuc', 15),
(5012, 'Goruni', 15),
(5013, 'Izvoarele', 15),
(5014, 'Oituz', 15),
(5015, 'Sibioara', 15),
(5016, 'Cap Aurora', 15),
(5017, 'Jupiter', 15),
(5018, 'Neptun', 15),
(5019, 'Olimp', 15),
(5020, 'Saturn', 15),
(5021, 'Venus', 15),
(5022, 'Remus Opreanu', 15),
(5023, 'Valea Dacilor', 15),
(5024, 'Ciobăniţa', 15),
(5025, 'Miriştea', 15),
(5026, 'Osmancea', 15),
(5027, 'Sinoie', 15),
(5028, 'Palazu Mic', 15),
(5029, 'Piatra', 15),
(5030, 'Făclia', 15),
(5031, 'Gherghina', 15),
(5032, 'Saligny', 15),
(5033, 'Satu Nou', 15),
(5034, 'Ştefan cel Mare', 15),
(5035, 'Ţibrinu', 15),
(5036, 'Mamaia-Sat', 15),
(5037, 'Darabani', 15),
(5038, 'Grăniceru', 15),
(5039, 'Vâlcelele', 15),
(5040, 'Dorobanţu', 15),
(5041, 'Răzoarele', 15),
(5042, 'Satu Nou', 15),
(5043, 'Strunga', 15),
(5044, 'Almălău', 15),
(5045, 'Bugeac', 15),
(5046, 'Esechioi', 15),
(5047, 'Galiţa', 15),
(5048, 'Gârliţa', 15),
(5049, 'Poiana', 15),
(5050, 'Călugăreni', 15),
(5051, 'Nistoreşti', 15),
(5052, 'Pantelimon de Jos', 15),
(5053, 'Runcu', 15),
(5054, 'Vânători', 15),
(5055, 'Ivrinezu Mare', 15),
(5056, 'Ivrinezu Mic', 15),
(5057, 'Izvoru Mare', 15),
(5058, 'Veteranu', 15),
(5059, 'Nazarcea', 15),
(5060, 'Cochirleni', 15),
(5061, 'Traian', 15),
(5062, 'Dulgheru', 15),
(5063, 'Stejaru', 15),
(5064, 'Dunărea', 15),
(5065, 'Seimenii Mici', 15),
(5066, 'Tepeş Vodă', 15),
(5067, 'Casian', 15),
(5068, 'Cheia', 15),
(5069, 'Grădina', 15),
(5070, 'Mireasa', 15),
(5071, 'Capidava', 15),
(5072, 'Biruinţa', 15),
(5073, 'Moviliţa', 15),
(5074, 'Potârnichea', 15),
(5075, 'Dropia', 15),
(5076, 'Aita Mare', 16),
(5077, 'Baraolt', 16),
(5078, 'Barcani', 16),
(5079, 'Belin', 16),
(5080, 'Bodoc', 16),
(5081, 'Boroşneu Mare', 16),
(5082, 'Brateş', 16),
(5083, 'Breţcu', 16),
(5084, 'Brăduţ', 16),
(5085, 'Catalina', 16),
(5086, 'Cernat', 16),
(5087, 'Chichiş', 16),
(5088, 'Comandău', 16),
(5089, 'Covasna', 16),
(5090, 'Dobârlău', 16),
(5091, 'Ghelinţa', 16),
(5092, 'Ghidfalău', 16),
(5093, 'Hăghig', 16),
(5094, 'Ilieni', 16),
(5095, 'Lemnia', 16),
(5096, 'Malnaş', 16),
(5097, 'Moacşa', 16),
(5098, 'Ojdula', 16),
(5099, 'Ozun', 16),
(5100, 'Poian', 16),
(5101, 'Reci', 16),
(5102, 'Sita Buzăului', 16),
(5103, 'Sânzieni', 16),
(5104, 'Turia', 16),
(5105, 'Valea Crişului', 16),
(5106, 'Valea Mare', 16),
(5107, 'Vâlcele', 16),
(5108, 'Vârghiş', 16),
(5109, 'Zagon', 16),
(5110, 'Zăbala', 16),
(5111, 'Întorsura Buzăului', 16),
(5112, 'Aita Medie', 16),
(5113, 'Biborţeni', 16),
(5114, 'Bodoş', 16),
(5115, 'Căpeni', 16),
(5116, 'Micloşoara', 16),
(5117, 'Racoşul de Sus', 16),
(5118, 'Lădăuţi', 16),
(5119, 'Sărămăş', 16),
(5120, 'Aita Seacă', 16),
(5121, 'Băţanii Mari', 16),
(5122, 'Băţanii Mici', 16),
(5123, 'Herculian', 16),
(5124, 'Ozunca-Băi', 16),
(5125, 'Belin-Vale', 16),
(5126, 'Olteni', 16),
(5127, 'Zălan', 16),
(5128, 'Boroşneu Mic', 16),
(5129, 'Dobolii de Sus', 16),
(5130, 'Leţ', 16),
(5131, 'Valea Mică', 16),
(5132, 'Ţufalău', 16),
(5133, 'Doboşeni', 16),
(5134, 'Filia', 16),
(5135, 'Tălişoara', 16),
(5136, 'Pachia', 16),
(5137, 'Telechia', 16),
(5138, 'Mărtănuş', 16),
(5139, 'Oituz', 16),
(5140, 'Hătuica', 16),
(5141, 'Imeni', 16),
(5142, 'Mărcuşa', 16),
(5143, 'Mărtineni', 16),
(5144, 'Albiş', 16),
(5145, 'Icafalău', 16),
(5146, 'Băcel', 16),
(5147, 'Chiuruş', 16),
(5148, 'Lunca Mărcuşului', 16),
(5149, 'Mărcuş', 16),
(5150, 'Valea Dobârlăului', 16),
(5151, 'Harale', 16),
(5152, 'Angheluş', 16),
(5153, 'Fotoş', 16),
(5154, 'Zoltan', 16),
(5155, 'Iarăş', 16),
(5156, 'Dobolii de Jos', 16),
(5157, 'Sâncraiu', 16),
(5158, 'Brădet', 16),
(5159, 'Floroaia', 16),
(5160, 'Scrădoasa', 16),
(5161, 'Lutoasa', 16),
(5162, 'Mereni', 16),
(5163, 'Bixad', 16),
(5164, 'Malnaş-Băi', 16),
(5165, 'Micfalău', 16),
(5166, 'Valea Zălanului', 16),
(5167, 'Dalnic', 16),
(5168, 'Pădureni', 16),
(5169, 'Hilib', 16),
(5170, 'Bicfalău', 16),
(5171, 'Lisnău', 16),
(5172, 'Lisnău-Vale', 16),
(5173, 'Lunca Ozunului', 16),
(5174, 'Măgheruş', 16),
(5175, 'Sântionlunca', 16),
(5176, 'Belani', 16),
(5177, 'Cărpinenii', 16),
(5178, 'Estelnic', 16),
(5179, 'Valea Scurtă', 16),
(5180, 'Aninoasa', 16),
(5181, 'Bita', 16),
(5182, 'Saciova', 16),
(5183, 'Caşinu Mic', 16),
(5184, 'Petriceni', 16),
(5185, 'Valea Seacă', 16),
(5186, 'Chilieni', 16),
(5187, 'Coşeni', 16),
(5188, 'Sfântu  Gheorghe', 16),
(5189, 'Crasna', 16),
(5190, 'Merişor', 16),
(5191, 'Zăbrătău', 16),
(5192, 'Lunga', 16),
(5193, 'Târgu Secuiesc', 16),
(5194, 'Alungeni', 16),
(5195, 'Araci', 16),
(5196, 'Ariuşd', 16),
(5197, 'Hetea', 16),
(5198, 'Arcuş', 16),
(5199, 'Calnic', 16),
(5200, 'Peteni', 16),
(5201, 'Surcea', 16),
(5202, 'Tamaşfalău', 16),
(5203, 'Păpăuţi', 16),
(5204, 'Aninoasa', 17),
(5205, 'Bezdead', 17),
(5206, 'Bilciureşti', 17),
(5207, 'Braniştea', 17),
(5208, 'Brezoaele', 17),
(5209, 'Brăneşti', 17),
(5210, 'Buciumeni', 17),
(5211, 'Bucşani', 17),
(5212, 'Butimanu', 17),
(5213, 'Bărbuleţu', 17),
(5214, 'Ciocăneşti', 17),
(5215, 'Cojasca', 17),
(5216, 'Comişani', 17),
(5217, 'Conţeşti', 17),
(5218, 'Corbii Mari', 17),
(5219, 'Corneşti', 17),
(5220, 'Cornăţelu', 17),
(5221, 'Costeştii din Vale', 17),
(5222, 'Crevedia', 17),
(5223, 'Dobra', 17),
(5224, 'Doiceşti', 17),
(5225, 'Dragodana', 17),
(5226, 'Dragomireşti', 17),
(5227, 'Dărmăneşti', 17),
(5228, 'Fieni', 17),
(5229, 'Glodeni', 17),
(5230, 'Gura Foii', 17),
(5231, 'Gura Ocniţei', 17),
(5232, 'Gura Şuţii', 17),
(5233, 'Găeşti', 17),
(5234, 'Hulubeşti', 17),
(5235, 'I. L. Caragiale', 17),
(5236, 'Lucieni', 17),
(5237, 'Ludeşti', 17),
(5238, 'Lunguleţu', 17),
(5239, 'Malu cu Flori', 17),
(5240, 'Mogoşani', 17),
(5241, 'Moreni', 17),
(5242, 'Moroeni', 17),
(5243, 'Morteni', 17),
(5244, 'Moţăieni', 17),
(5245, 'Măneşti', 17),
(5246, 'Mătăsaru', 17),
(5247, 'Niculeşti', 17),
(5248, 'Nucet', 17),
(5249, 'Ocniţa', 17),
(5250, 'Odobeşti', 17),
(5251, 'Petreşti', 17),
(5252, 'Pietroşiţa', 17),
(5253, 'Poiana', 17),
(5254, 'Potlogi', 17),
(5255, 'Produleşti', 17),
(5256, 'Pucheni', 17),
(5257, 'Pucioasa', 17),
(5258, 'Runcu', 17),
(5259, 'Răcari', 17),
(5260, 'Răzvad', 17),
(5261, 'Slobozia Moară', 17),
(5262, 'Sălcioara', 17),
(5263, 'Titu', 17),
(5264, 'Târgovişte', 17),
(5265, 'Tărtăşeşti', 17),
(5266, 'Tătărani', 17),
(5267, 'Ulieşti', 17),
(5268, 'Ulmi', 17),
(5269, 'Valea Mare', 17),
(5270, 'Vişina', 17),
(5271, 'Vişineşti', 17),
(5272, 'Vlădeni', 17),
(5273, 'Voineşti', 17),
(5274, 'Vulcana-Băi', 17),
(5275, 'Vulcana-Pandele', 17),
(5276, 'Văcăreşti', 17),
(5277, 'Şelaru', 17),
(5278, 'Şotânga', 17),
(5279, 'Săteni', 17),
(5280, 'Viforâta', 17),
(5281, 'Băleni-Români', 17),
(5282, 'Băleni-Sârbi', 17),
(5283, 'Aluniş', 17),
(5284, 'Cetăţuia', 17),
(5285, 'După Deal', 17),
(5286, 'Gura Bărbuleţului', 17),
(5287, 'Pietrari', 17),
(5288, 'Râu Alb de Jos', 17),
(5289, 'Râu Alb de Sus', 17),
(5290, 'Valea', 17),
(5291, 'Şipot', 17),
(5292, 'Broşteni', 17),
(5293, 'Costişata', 17),
(5294, 'Măgura', 17),
(5295, 'Tunari', 17),
(5296, 'Valea Morii', 17),
(5297, 'Suseni Socetu', 17),
(5298, 'Priboiu', 17),
(5299, 'Dâmbovicioara', 17),
(5300, 'Săveşti', 17),
(5301, 'Brezoaia', 17),
(5302, 'Dealu Mare', 17),
(5303, 'Valea Leurzii', 17),
(5304, 'Hăbeni', 17),
(5305, 'Racoviţa', 17),
(5306, 'Răţoaia', 17),
(5307, 'Bărbuceanu', 17),
(5308, 'Lucianca', 17),
(5309, 'Ungureni', 17),
(5310, 'Aninoşani', 17),
(5311, 'Cândeşti Deal', 17),
(5312, 'Cândeşti-Vale', 17),
(5313, 'Dragodăneşti', 17),
(5314, 'Valea Mare', 17),
(5315, 'Creţu', 17),
(5316, 'Decindea', 17),
(5317, 'Urziceanca', 17),
(5318, 'Vizureşti', 17),
(5319, 'Blidari', 17),
(5320, 'Cobiuţa', 17),
(5321, 'Crăciuneşti', 17),
(5322, 'Călugăreni', 17),
(5323, 'Căpşuna', 17),
(5324, 'Frasin Deal', 17),
(5325, 'Frasin Vale', 17),
(5326, 'Gherghiţeşti', 17),
(5327, 'Mislea', 17),
(5328, 'Mănăstirea', 17),
(5329, 'Fântânele', 17),
(5330, 'Iazu', 17),
(5331, 'Lazuri', 17),
(5332, 'Boteni', 17),
(5333, 'Bălteni', 17),
(5334, 'Crângaşi', 17),
(5335, 'Călugăreni', 17),
(5336, 'Gămăneşti', 17),
(5337, 'Heleşteu', 17),
(5338, 'Mereni', 17),
(5339, 'Bărăceni', 17),
(5340, 'Grozăveşti', 17),
(5341, 'Moara din Groapă', 17),
(5342, 'Petreşti', 17),
(5343, 'Podu Corbencii', 17),
(5344, 'Satu Nou', 17),
(5345, 'Ungureni', 17),
(5346, 'Vadu Stanchii', 17),
(5347, 'Alunişu', 17),
(5348, 'Bolovani', 17),
(5349, 'Corni', 17),
(5350, 'Slobozia', 17),
(5351, 'Bujoreanca', 17),
(5352, 'Cristeasca', 17),
(5353, 'Crivăţu', 17),
(5354, 'Cătunu', 17),
(5355, 'Frasinu', 17),
(5356, 'Hodărăşti', 17),
(5357, 'Ibrianu', 17),
(5358, 'Postârnacu', 17),
(5359, 'Ungureni', 17),
(5360, 'Mărunţişu', 17),
(5361, 'Tomşani', 17),
(5362, 'Băduleşti', 17),
(5363, 'Crângurile de Jos', 17),
(5364, 'Crângurile de Sus', 17),
(5365, 'Potlogeni Vale', 17),
(5366, 'Pătroaia Deal', 17),
(5367, 'Pătroaia Vale', 17),
(5368, 'Răţeşti', 17),
(5369, 'Voia', 17),
(5370, 'Cocani', 17),
(5371, 'Dârza', 17),
(5372, 'Mânăstirea', 17),
(5373, 'Samurcaşi', 17),
(5374, 'Mărginenii de Sus', 17),
(5375, 'Mărceşti', 17),
(5376, 'Boboci', 17),
(5377, 'Burduca', 17),
(5378, 'Cuparu', 17),
(5379, 'Picior de Munte', 17),
(5380, 'Pădureni', 17),
(5381, 'Străoşti', 17),
(5382, 'Decindeni', 17),
(5383, 'Geangoeşti', 17),
(5384, 'Mogoşeşti', 17),
(5385, 'Râncăciov', 17),
(5386, 'Ungureni', 17),
(5387, 'Berevoeşti', 17),
(5388, 'Costeşti', 17),
(5389, 'Bechineşti', 17),
(5390, 'Finta Mare', 17),
(5391, 'Finta Veche', 17),
(5392, 'Gheboaia', 17),
(5393, 'Guşoiu', 17),
(5394, 'Livezile', 17),
(5395, 'Lăculeţe', 17),
(5396, 'Malu Mierii', 17),
(5397, 'Schela', 17),
(5398, 'Bumbuia', 17),
(5399, 'Catanele', 17),
(5400, 'Făgetu', 17),
(5401, 'Adânca', 17),
(5402, 'Ochiuri', 17),
(5403, 'Săcueni', 17),
(5404, 'Sperieţeni', 17),
(5405, 'Butoiu de Jos', 17),
(5406, 'Butoiu de Sus', 17),
(5407, 'Măgura', 17),
(5408, 'Valea Dadei', 17),
(5409, 'Ghirdoveni', 17),
(5410, 'Mija', 17),
(5411, 'Colibaşi', 17),
(5412, 'Cricovu Dulce', 17),
(5413, 'Iedera de Jos', 17),
(5414, 'Iedera de Sus', 17),
(5415, 'Olteni', 17),
(5416, 'Raciu', 17),
(5417, 'Siliştea', 17),
(5418, 'Şuţa Seacă', 17),
(5419, 'Miloşari', 17),
(5420, 'Potocelu', 17),
(5421, 'Scheiu de Jos', 17),
(5422, 'Scheiu de Sus', 17),
(5423, 'Teleşti', 17),
(5424, 'Oreasca', 17),
(5425, 'Serdanu', 17),
(5426, 'Capu Coastei', 17),
(5427, 'Copăceni', 17),
(5428, 'Micloşanii Mari', 17),
(5429, 'Micloşanii Mici', 17),
(5430, 'Drăgăeşti Pământeni', 17),
(5431, 'Drăgăeşti Ungureni', 17),
(5432, 'Creţuleşti', 17),
(5433, 'Odaia Turcului', 17),
(5434, 'Poroinica', 17),
(5435, 'Puţu cu Salcie', 17),
(5436, 'Sălcioara', 17),
(5437, 'Teţcoiu', 17),
(5438, 'Chirca', 17),
(5439, 'Cojocaru', 17),
(5440, 'Merii', 17),
(5441, 'Zăvoiu', 17),
(5442, 'Dobreşti', 17),
(5443, 'Glod', 17),
(5444, 'Lunca', 17),
(5445, 'Muşcel', 17),
(5446, 'Pucheni', 17),
(5447, 'Neajlovu', 17),
(5448, 'Cucuteni', 17),
(5449, 'Ciocănari', 17),
(5450, 'Movila', 17),
(5451, 'Cazaci', 17),
(5452, 'Ilfoveni', 17),
(5453, 'Brâncoveanu', 17),
(5454, 'Crovu', 17),
(5455, 'Miuleşti', 17),
(5456, 'Zidurile', 17),
(5457, 'Coada Izvorului', 17),
(5458, 'Ghergheşti', 17),
(5459, 'Greci', 17),
(5460, 'Ioneşti', 17),
(5461, 'Potlogeni-Deal', 17),
(5462, 'Puntea de Greci', 17),
(5463, 'Dealu Frumos', 17),
(5464, 'Poieniţa', 17),
(5465, 'Pitaru', 17),
(5466, 'Podu Cristinii', 17),
(5467, 'Româneşti', 17),
(5468, 'Vlăsceni', 17),
(5469, 'Broşteni', 17),
(5470, 'Costeştii din Deal', 17),
(5471, 'Brădăţel', 17),
(5472, 'Meişoare', 17),
(5473, 'Valea Largă', 17),
(5474, 'Vârfureni', 17),
(5475, 'Bela', 17),
(5476, 'Diaconeşti', 17),
(5477, 'Glodeni', 17),
(5478, 'Malurile', 17),
(5479, 'Miculeşti', 17),
(5480, 'Pucioasa-Sat', 17),
(5481, 'Bălăneşti', 17),
(5482, 'Colacu', 17),
(5483, 'Ghergani', 17),
(5484, 'Ghimpaţi', 17),
(5485, 'Mavrodin', 17),
(5486, 'Stăneşti', 17),
(5487, 'Săbieşti', 17),
(5488, 'Gorgota', 17),
(5489, 'Valea Voivozilor', 17),
(5490, 'Brebu', 17),
(5491, 'Bădeni', 17),
(5492, 'Ferestre', 17),
(5493, 'Piatra', 17),
(5494, 'Siliştea', 17),
(5495, 'Băneşti', 17),
(5496, 'Cuza Vodă', 17),
(5497, 'Cătunu', 17),
(5498, 'Ghineşti', 17),
(5499, 'Mircea Vodă', 17),
(5500, 'Moara Nouă', 17),
(5501, 'Movila', 17),
(5502, 'Podu Rizii', 17),
(5503, 'Fierbinţi', 17),
(5504, 'Glogoveanu', 17),
(5505, 'Teiş', 17),
(5506, 'Priseaca', 17),
(5507, 'Bâldana', 17),
(5508, 'Gulia', 17),
(5509, 'Căprioru', 17),
(5510, 'Gheboieni', 17),
(5511, 'Priboiu', 17),
(5512, 'Fusea', 17),
(5513, 'Hagioaica', 17),
(5514, 'Mereni', 17),
(5515, 'Plopu', 17),
(5516, 'Sălcuţa', 17),
(5517, 'Croitori', 17),
(5518, 'Hanu lui Pală', 17),
(5519, 'Jugureni', 17),
(5520, 'Mânăstioara', 17),
(5521, 'Olteni', 17),
(5522, 'Ragu', 17),
(5523, 'Stavropolia', 17),
(5524, 'Colanu', 17),
(5525, 'Dimoiu', 17),
(5526, 'Dumbrava', 17),
(5527, 'Matraca', 17),
(5528, 'Nisipurile', 17),
(5529, 'Udreşti', 17),
(5530, 'Viişoara', 17),
(5531, 'Brăteştii de Jos', 17),
(5532, 'Bungetu', 17),
(5533, 'Perşinari', 17),
(5534, 'Băceşti', 17),
(5535, 'Izvoru', 17),
(5536, 'Moşia Mică', 17),
(5537, 'Valea Lungă Gorgota', 17),
(5538, 'Valea Lungă Ogrea', 17),
(5539, 'Valea Lungă-Cricov', 17),
(5540, 'Valea Mare', 17),
(5541, 'Valea lui Dan', 17),
(5542, 'Şerbăneasa', 17),
(5543, 'Ştubeie Tisa', 17),
(5544, 'Feţeni', 17),
(5545, 'Gârleni', 17),
(5546, 'Livezile', 17),
(5547, 'Saru', 17),
(5548, 'Stratoneşti', 17),
(5549, 'Valea Caselor', 17),
(5550, 'Mesteacăn', 17),
(5551, 'Văleni-Dâmboviţa', 17),
(5552, 'Cojoiu', 17),
(5553, 'Cârlăneşti', 17),
(5554, 'Merişoru', 17),
(5555, 'Stăteşti', 17),
(5556, 'Ulmetu', 17),
(5557, 'Vârfuri', 17),
(5558, 'Şuviţa', 17),
(5559, 'Broşteni', 17),
(5560, 'Izvoru', 17),
(5561, 'Răscăeţi', 17),
(5562, 'Vultureanca', 17),
(5563, 'Dospineşti', 17),
(5564, 'Sultanu', 17),
(5565, 'Urseiu', 17),
(5566, 'Gemenea Brătuleşti', 17),
(5567, 'Izvoarele', 17),
(5568, 'Lunca', 17),
(5569, 'Manga', 17),
(5570, 'Mânjina', 17),
(5571, 'Onceşti', 17),
(5572, 'Suduleni', 17),
(5573, 'Nicolaeşti', 17),
(5574, 'Vulcana de Sus', 17),
(5575, 'Gura Vulcanei', 17),
(5576, 'Lăculeţe-Gară', 17),
(5577, 'Toculeşti', 17),
(5578, 'Afumaţi', 18),
(5579, 'Almăj', 18),
(5580, 'Amărăştii de Jos', 18),
(5581, 'Amărăştii de Sus', 18),
(5582, 'Apele Vii', 18),
(5583, 'Argetoaia', 18),
(5584, 'Bechet', 18),
(5585, 'Bistreţ', 18),
(5586, 'Botoşeşti-Paia', 18),
(5587, 'Brabova', 18),
(5588, 'Braloştiţa', 18),
(5589, 'Bratovoeşti', 18),
(5590, 'Breasta', 18),
(5591, 'Brădeşti', 18),
(5592, 'Bucovăţ', 18),
(5593, 'Bulzeşti', 18),
(5594, 'Băileşti', 18),
(5595, 'Calafat', 18),
(5596, 'Calopăr', 18),
(5597, 'Caraula', 18),
(5598, 'Carpen', 18),
(5599, 'Castranova', 18),
(5600, 'Celaru', 18),
(5601, 'Cernăteşti', 18),
(5602, 'Cerăt', 18),
(5603, 'Cetate', 18),
(5604, 'Cioroiaşi', 18),
(5605, 'Ciupercenii Noi', 18),
(5606, 'Coşoveni', 18),
(5607, 'Coţofenii din Dos', 18),
(5608, 'Craiova', 18),
(5609, 'Călăraşi', 18),
(5610, 'Daneţi', 18),
(5611, 'Desa', 18),
(5612, 'Dioşti', 18),
(5613, 'Dobreşti', 18),
(5614, 'Drăgoteşti', 18),
(5615, 'Drănic', 18),
(5616, 'Dăbuleni', 18),
(5617, 'Filiaşi', 18),
(5618, 'Fărcaş', 18),
(5619, 'Galicea Mare', 18),
(5620, 'Gherceşti', 18),
(5621, 'Gighera', 18),
(5622, 'Giubega', 18),
(5623, 'Giurgiţa', 18),
(5624, 'Gogoşu', 18),
(5625, 'Goicea', 18),
(5626, 'Goieşti', 18),
(5627, 'Greceşti', 18),
(5628, 'Izvoare', 18),
(5629, 'Işalniţa', 18),
(5630, 'Leu', 18),
(5631, 'Lipovu', 18),
(5632, 'Maglavit', 18),
(5633, 'Malu Mare', 18),
(5634, 'Melineşti', 18),
(5635, 'Mischii', 18),
(5636, 'Moţăţei', 18),
(5637, 'Murgaşi', 18),
(5638, 'Mârşani', 18),
(5639, 'Măceşu de Jos', 18),
(5640, 'Măceşu de Sus', 18),
(5641, 'Negoi', 18),
(5642, 'Orodel', 18),
(5643, 'Ostroveni', 18),
(5644, 'Perişor', 18),
(5645, 'Pieleşti', 18),
(5646, 'Piscu Vechi', 18),
(5647, 'Pleniţa', 18),
(5648, 'Podari', 18),
(5649, 'Poiana Mare', 18),
(5650, 'Predeşti', 18),
(5651, 'Radovan', 18),
(5652, 'Rast', 18),
(5653, 'Sadova', 18),
(5654, 'Scăeşti', 18),
(5655, 'Seaca de Câmp', 18),
(5656, 'Seaca de Pădure', 18),
(5657, 'Secu', 18),
(5658, 'Segarcea', 18),
(5659, 'Siliştea Crucii', 18),
(5660, 'Sopot', 18),
(5661, 'Sălcuţa', 18),
(5662, 'Teasc', 18),
(5663, 'Terpeziţa', 18),
(5664, 'Teslui', 18),
(5665, 'Unirea', 18),
(5666, 'Urzicuţa', 18),
(5667, 'Valea Stanciului', 18),
(5668, 'Vela', 18),
(5669, 'Verbiţa', 18),
(5670, 'Vârtop', 18),
(5671, 'Vârvoru de Jos', 18),
(5672, 'Şimnicu de Sus', 18),
(5673, 'Ţuglui', 18),
(5674, 'Boureni', 18),
(5675, 'Covei', 18),
(5676, 'Beharca', 18),
(5677, 'Bogea', 18),
(5678, 'Coţofenii din Faţă', 18),
(5679, 'Moşneni', 18),
(5680, 'Şitoaia', 18),
(5681, 'Ocolna', 18),
(5682, 'Prapor', 18),
(5683, 'Dobroteşti', 18),
(5684, 'Nisipuri', 18),
(5685, 'Zvorsca', 18),
(5686, 'Berbeşu', 18),
(5687, 'Băranu', 18),
(5688, 'Iordăcheşti', 18),
(5689, 'Leordoasa', 18),
(5690, 'Malumnic', 18),
(5691, 'Novac', 18),
(5692, 'Piria', 18),
(5693, 'Poiana Fântânii', 18),
(5694, 'Salcia', 18),
(5695, 'Teascu din Deal', 18),
(5696, 'Ursoaia', 18),
(5697, 'Balasan', 18),
(5698, 'Bârca', 18),
(5699, 'Bistreţu Nou', 18),
(5700, 'Brânduşa', 18),
(5701, 'Plosca', 18),
(5702, 'Caraiman', 18),
(5703, 'Mosna', 18),
(5704, 'Răchita de Jos', 18),
(5705, 'Urdiniţa', 18),
(5706, 'Voita', 18),
(5707, 'Brădeştii Bătrâni', 18),
(5708, 'Meteu', 18),
(5709, 'Piscani', 18),
(5710, 'Răcarii de Jos', 18),
(5711, 'Tatomireşti', 18),
(5712, 'Ciocanele', 18),
(5713, 'Racoviţa', 18),
(5714, 'Schitu', 18),
(5715, 'Sfârcea', 18),
(5716, 'Valea Fântânilor', 18),
(5717, 'Bădoşi', 18),
(5718, 'Georocu Mare', 18),
(5719, 'Prunet', 18),
(5720, 'Rojişte', 18),
(5721, 'Tâmbureşti', 18),
(5722, 'Cotu', 18),
(5723, 'Crovna', 18),
(5724, 'Făget', 18),
(5725, 'Obedin', 18),
(5726, 'Roşieni', 18),
(5727, 'Valea Lungului', 18),
(5728, 'Cârligei', 18),
(5729, 'Italieni', 18),
(5730, 'Leamna de Jos', 18),
(5731, 'Leamna de Sus', 18),
(5732, 'Palilula', 18),
(5733, 'Sărbătoarea', 18),
(5734, 'Frăţila', 18),
(5735, 'Gura Racului', 18),
(5736, 'Piscu Lung', 18),
(5737, 'Poienile', 18),
(5738, 'Prejoi', 18),
(5739, 'Seculeşti', 18),
(5740, 'Stoiceşti', 18),
(5741, 'Sălişte', 18),
(5742, 'Înfrăţirea', 18),
(5743, 'Basarabi', 18),
(5744, 'Ciupercenii Vechi', 18),
(5745, 'Golenţi', 18),
(5746, 'Sărata', 18),
(5747, 'Belcinu', 18),
(5748, 'Bâzdâna', 18),
(5749, 'Panaghia', 18),
(5750, 'Sălcuţa', 18),
(5751, 'Cleanov', 18),
(5752, 'Gebleşti', 18),
(5753, 'Puţuri', 18),
(5754, 'Ghizdăveşti', 18),
(5755, 'Marotinu de Jos', 18),
(5756, 'Marotinu de Sus', 18),
(5757, 'Soreni', 18),
(5758, 'Malaica', 18),
(5759, 'Corniţa', 18),
(5760, 'Rasnicu Bătrân', 18),
(5761, 'Rasnicu Oghian', 18),
(5762, 'Ţiu', 18),
(5763, 'Moreni', 18),
(5764, 'Cetăţuia', 18),
(5765, 'Cioroiu Nou', 18),
(5766, 'Smârdan', 18),
(5767, 'Cârcea', 18),
(5768, 'Mihăiţa', 18),
(5769, 'Potmelţu', 18),
(5770, 'Cernele', 18),
(5771, 'Cernelele de Sus', 18),
(5772, 'Făcăi', 18),
(5773, 'Izvorul Rece', 18),
(5774, 'Mofleni', 18),
(5775, 'Popoveni', 18),
(5776, 'Rovine', 18),
(5777, 'Şimnicu de Jos', 18),
(5778, 'Chiaşu', 18),
(5779, 'Brabeţi', 18),
(5780, 'Branişte', 18),
(5781, 'Locusteni', 18),
(5782, 'Ciocăneşti', 18),
(5783, 'Radomir', 18),
(5784, 'Căciulăteşti', 18),
(5785, 'Georocel', 18),
(5786, 'Murta', 18),
(5787, 'Toceni', 18),
(5788, 'Beneşti', 18),
(5789, 'Bobeanu', 18),
(5790, 'Buzduc', 18),
(5791, 'Popânzăleşti', 18),
(5792, 'Viişoara', 18),
(5793, 'Booveni', 18),
(5794, 'Foişor', 18),
(5795, 'Padea', 18),
(5796, 'Amărăşti', 18),
(5797, 'Golumbelu', 18),
(5798, 'Golumbu', 18),
(5799, 'Mofleşti', 18),
(5800, 'Nistoi', 18),
(5801, 'Plopu Amărăşti', 18),
(5802, 'Puţinei', 18),
(5803, 'Soceni', 18),
(5804, 'Tălpaş', 18),
(5805, 'Almăjel', 18),
(5806, 'Branişte', 18),
(5807, 'Bâlta', 18),
(5808, 'Fratoştiţa', 18),
(5809, 'Răcarii de Sus', 18),
(5810, 'Uscăci', 18),
(5811, 'Gârleşti', 18),
(5812, 'Luncşoru', 18),
(5813, 'Ungureni', 18),
(5814, 'Ungurenii Mici', 18),
(5815, 'Nedeia', 18),
(5816, 'Zăval', 18),
(5817, 'Comoşteni', 18),
(5818, 'Gângiova', 18),
(5819, 'Galiciuica', 18),
(5820, 'Curmătura', 18),
(5821, 'Filaret', 18),
(5822, 'Gogoşiţa', 18),
(5823, 'Ştefănel', 18),
(5824, 'Cârna', 18),
(5825, 'Adâncata', 18),
(5826, 'Fântâni', 18),
(5827, 'Gruiţa', 18),
(5828, 'Mogoşeşti', 18),
(5829, 'Muereni', 18),
(5830, 'Mălăeşti', 18),
(5831, 'Pioreşti', 18),
(5832, 'Pometeşti', 18),
(5833, 'Popeasa', 18),
(5834, 'Vladimir', 18),
(5835, 'Zlătari', 18),
(5836, 'Ţandăra', 18),
(5837, 'Busu', 18),
(5838, 'Busuleţu', 18),
(5839, 'Bărboi', 18),
(5840, 'Gropanele', 18),
(5841, 'Grădiştea', 18),
(5842, 'Corlate', 18),
(5843, 'Domnu Tudor', 18),
(5844, 'Zănoaga', 18),
(5845, 'Lipovu de Sus', 18),
(5846, 'Săpata', 18),
(5847, 'Hunia', 18),
(5848, 'Ghindeni', 18),
(5849, 'Preajba', 18),
(5850, 'Bodăieşti', 18),
(5851, 'Bodăieştii de Sus', 18),
(5852, 'Godeni', 18),
(5853, 'Muieruşu', 18),
(5854, 'Negoieşti', 18),
(5855, 'Odoleni', 18),
(5856, 'Ohaba', 18),
(5857, 'Ploştina', 18),
(5858, 'Popeşti', 18),
(5859, 'Spineni', 18),
(5860, 'Valea Mare', 18),
(5861, 'Valea Muierii de Jos', 18),
(5862, 'Călineşti', 18),
(5863, 'Gogoşeşti', 18),
(5864, 'Mlecăneşti', 18),
(5865, 'Motoci', 18),
(5866, 'Urecheşti', 18),
(5867, 'Dobridor', 18),
(5868, 'Moţăţei Gară', 18),
(5869, 'Balota de Jos', 18),
(5870, 'Balota de Sus', 18),
(5871, 'Buşteni', 18),
(5872, 'Gaia', 18),
(5873, 'Picăturile', 18),
(5874, 'Rupturile', 18),
(5875, 'Velesti', 18),
(5876, 'Catane', 18),
(5877, 'Catanele Noi', 18),
(5878, 'Bechet', 18),
(5879, 'Cornu', 18),
(5880, 'Călugărei', 18),
(5881, 'Teiu', 18),
(5882, 'Lişteava', 18),
(5883, 'Mărăcinele', 18),
(5884, 'Câmpeni', 18),
(5885, 'Lânga', 18),
(5886, 'Ghidici', 18),
(5887, 'Pisculeţ', 18),
(5888, 'Castrele Traiane', 18),
(5889, 'Balta Verde', 18),
(5890, 'Branişte', 18),
(5891, 'Gura Văii', 18),
(5892, 'Livezi', 18),
(5893, 'Tunarii Noi', 18),
(5894, 'Tunarii Vechi', 18),
(5895, 'Bucicani', 18),
(5896, 'Cârstovani', 18),
(5897, 'Frasin', 18),
(5898, 'Milovan', 18),
(5899, 'Pleşoi', 18),
(5900, 'Predeştii Mici', 18),
(5901, 'Fântânele', 18),
(5902, 'Târnava', 18),
(5903, 'Întorsura', 18),
(5904, 'Bojoiu', 18),
(5905, 'Golfin', 18),
(5906, 'Lăcriţa Mare', 18),
(5907, 'Lăcriţa Mică', 18),
(5908, 'Robăneştii de Jos', 18),
(5909, 'Robăneştii de Sus', 18),
(5910, 'Piscu Sadovei', 18),
(5911, 'Mârza', 18),
(5912, 'Plopşor', 18),
(5913, 'Tencănău', 18),
(5914, 'Valea lui Pătru', 18),
(5915, 'Piscu Nou', 18),
(5916, 'Răchita de Sus', 18),
(5917, 'Veleni', 18),
(5918, 'Comănicea', 18),
(5919, 'Smadovicioara de Secu', 18),
(5920, 'Şumandra', 18),
(5921, 'Albeşti', 18),
(5922, 'Cornetu', 18),
(5923, 'Deleni', 18),
(5924, 'Dudoviceşti', 18),
(5925, 'Duţuleşti', 18),
(5926, 'Floreşti', 18),
(5927, 'Izvor', 18),
(5928, 'Jieni', 18),
(5929, 'Leşile', 18),
(5930, 'Mileşti', 18),
(5931, 'Româneşti', 18),
(5932, 'Başcov', 18),
(5933, 'Beloţ', 18),
(5934, 'Cernat', 18),
(5935, 'Pereni', 18),
(5936, 'Pietroaia', 18),
(5937, 'Sârsca', 18),
(5938, 'Secui', 18),
(5939, 'Căciulatu', 18),
(5940, 'Căruia', 18),
(5941, 'Floran', 18),
(5942, 'Lazu', 18),
(5943, 'Coşereni', 18),
(5944, 'Fântânele', 18),
(5945, 'Preajba de Jos', 18),
(5946, 'Preajba de Pădure', 18),
(5947, 'Urieni', 18),
(5948, 'Viişoara Moşneni', 18),
(5949, 'Ţărţăl', 18),
(5950, 'Jiul', 18),
(5951, 'Urzica Mare', 18),
(5952, 'Horezu Poenari', 18),
(5953, 'Bujor', 18),
(5954, 'Ciutura', 18),
(5955, 'Criva', 18),
(5956, 'Dobromira', 18),
(5957, 'Drăgoaia', 18),
(5958, 'Gabru', 18),
(5959, 'Vârvor', 18),
(5960, 'Bucovicior', 18),
(5961, 'Cetăţuia', 18),
(5962, 'Desnăţui', 18),
(5963, 'Gubaucea', 18),
(5964, 'Segleţ', 18),
(5965, 'Suharu', 18),
(5966, 'Ştiubei', 18),
(5967, 'Verbicioara', 18),
(5968, 'Barcea', 19),
(5969, 'Bereşti', 19),
(5970, 'Bereşti-Meria', 19),
(5971, 'Braniştea', 19),
(5972, 'Brăhăşeşti', 19),
(5973, 'Buciumeni', 19),
(5974, 'Băleni', 19),
(5975, 'Bălăbăneşti', 19),
(5976, 'Bălăşeşti', 19),
(5977, 'Băneasa', 19),
(5978, 'Cavadineşti', 19),
(5979, 'Cerţeşti', 19),
(5980, 'Corni', 19),
(5981, 'Corod', 19),
(5982, 'Cosmeşti', 19),
(5983, 'Costache Negri', 19),
(5984, 'Cuca', 19),
(5985, 'Cudalbi', 19),
(5986, 'Drăguşeni', 19),
(5987, 'Drăgăneşti', 19),
(5988, 'Folteşti', 19),
(5989, 'Frumuşiţa', 19),
(5990, 'Fundeni', 19),
(5991, 'Fârţăneşti', 19),
(5992, 'Galaţi', 19),
(5993, 'Ghidigeni', 19),
(5994, 'Gohor', 19),
(5995, 'Griviţa', 19),
(5996, 'Independenţa', 19),
(5997, 'Iveşti', 19),
(5998, 'Jorăşti', 19),
(5999, 'Lieşti', 19),
(6000, 'Matca', 19),
(6001, 'Movileni', 19),
(6002, 'Munteni', 19),
(6003, 'Măstăcani', 19),
(6004, 'Nicoreşti', 19),
(6005, 'Nămoloasa', 19),
(6006, 'Oancea', 19),
(6007, 'Pechea', 19),
(6008, 'Piscu', 19),
(6009, 'Priponeşti', 19),
(6010, 'Rediu', 19),
(6011, 'Schela', 19),
(6012, 'Scânteieşti', 19),
(6013, 'Slobozia Conachi', 19),
(6014, 'Smulţi', 19),
(6015, 'Smârdan', 19),
(6016, 'Suceveni', 19),
(6017, 'Tecuci', 19),
(6018, 'Tudor Vladimirescu', 19),
(6019, 'Tuluceşti', 19),
(6020, 'Târgu Bujor', 19),
(6021, 'Umbrăreşti', 19),
(6022, 'Valea Mărului', 19),
(6023, 'Vlădeşti', 19),
(6024, 'Vânători', 19),
(6025, 'Vărlezi', 19),
(6026, 'Şendreni', 19),
(6027, 'Ţepu', 19),
(6028, 'Bursucani', 19),
(6029, 'Cruceanu', 19),
(6030, 'Lungeşti', 19),
(6031, 'Rădeşti', 19),
(6032, 'Zimbru', 19),
(6033, 'Ciureşti', 19),
(6034, 'Ciureştii Noi', 19),
(6035, 'Pupezeni', 19),
(6036, 'Roşcani', 19),
(6037, 'Podoleni', 19),
(6038, 'Aldeşti', 19),
(6039, 'Balinteşti', 19),
(6040, 'Onciu', 19),
(6041, 'Pleşa', 19),
(6042, 'Prodăneşti', 19),
(6043, 'Puricani', 19),
(6044, 'Slivna', 19),
(6045, 'Săseni', 19),
(6046, 'Şipote', 19),
(6047, 'Corcioveni', 19),
(6048, 'Cosiţeni', 19),
(6049, 'Toflea', 19),
(6050, 'Lozova', 19),
(6051, 'Traian', 19),
(6052, 'Vasile Alecsandri', 19),
(6053, 'Hănţeşti', 19),
(6054, 'Tecucelu Sec', 19),
(6055, 'Vizureşti', 19),
(6056, 'Comăneşti', 19),
(6057, 'Găneşti', 19),
(6058, 'Vădeni', 19),
(6059, 'Cotoroaia', 19),
(6060, 'Cârlomăneşti', 19),
(6061, 'Măcişeni', 19),
(6062, 'Urleşti', 19),
(6063, 'Blânzi', 19),
(6064, 'Brătuleşti', 19),
(6065, 'Cărăpceşti', 19),
(6066, 'Băltăreţi', 19),
(6067, 'Cosmeştii-Vale', 19),
(6068, 'Furcenii Noi', 19),
(6069, 'Furcenii Vechi', 19),
(6070, 'Satu Nou', 19),
(6071, 'Malu Alb', 19),
(6072, 'Adam', 19),
(6073, 'Căuieşti', 19),
(6074, 'Fundeanu', 19),
(6075, 'Ghingheşti', 19),
(6076, 'Nicopole', 19),
(6077, 'Ştieţeşti', 19),
(6078, 'Viile', 19),
(6079, 'Stoicani', 19),
(6080, 'Ijdileni', 19),
(6081, 'Tămăoani', 19),
(6082, 'Fundenii Noi', 19),
(6083, 'Hanu Conachi', 19),
(6084, 'Lungoci', 19),
(6085, 'Gara Ghidigeni', 19),
(6086, 'Gefu', 19),
(6087, 'Gura Gârbovăţului', 19),
(6088, 'Gârbovăţ', 19),
(6089, 'Slobozia Corni', 19),
(6090, 'Tălpigi', 19),
(6091, 'Tăplău', 19),
(6092, 'Gara Berheci', 19),
(6093, 'Ireasca', 19),
(6094, 'Nărteşti', 19),
(6095, 'Poşta', 19),
(6096, 'Călmăţui', 19),
(6097, 'Buceşti', 19),
(6098, 'Lunca', 19),
(6099, 'Zărneşti', 19),
(6100, 'Chiraftei', 19),
(6101, 'Frunzeasca', 19),
(6102, 'Negrileşti', 19),
(6103, 'Slobozia Blăneasa', 19),
(6104, 'Ungureni', 19),
(6105, 'Ţigăneşti', 19),
(6106, 'Crângeni', 19),
(6107, 'Nămoloasa Sat', 19),
(6108, 'Brăniştea', 19),
(6109, 'Coasta Lupei', 19),
(6110, 'Dobrineşti', 19),
(6111, 'Fântâni', 19),
(6112, 'Grozăveşti', 19),
(6113, 'Ionăşeşti', 19),
(6114, 'Mălureni', 19),
(6115, 'Piscu Corbului', 19),
(6116, 'Poiana', 19),
(6117, 'Sârbi', 19),
(6118, 'Vişina', 19),
(6119, 'Slobozia Oancea', 19),
(6120, 'Lupele', 19),
(6121, 'Vameş', 19),
(6122, 'Ciorăşti', 19),
(6123, 'Huştiu', 19),
(6124, 'Lieşti', 19),
(6125, 'Priponeştii de Jos', 19),
(6126, 'Plevna', 19),
(6127, 'Suhurlui', 19),
(6128, 'Fântânele', 19),
(6129, 'Negrea', 19),
(6130, 'Movileni', 19),
(6131, 'Şerbeştii Vechi', 19),
(6132, 'Cuza Vodă', 19),
(6133, 'Izvoarele', 19),
(6134, 'Cişmele', 19),
(6135, 'Mihail Kogălniceanu', 19),
(6136, 'Rogojeni', 19),
(6137, 'Moscu', 19),
(6138, 'Umbrăreşti', 19),
(6139, 'Ţepu de Sus', 19),
(6140, 'Tătarca', 19),
(6141, 'Şiviţa', 19),
(6142, 'Condrea', 19),
(6143, 'Salcia', 19),
(6144, 'Siliştea', 19),
(6145, 'Torceşti', 19),
(6146, 'Umbrăreşti-Deal', 19),
(6147, 'Mândreşti', 19),
(6148, 'Costi', 19),
(6149, 'Odaia Manolache', 19),
(6150, 'Crăieşti', 19),
(6151, 'Brăneşti', 19),
(6152, 'Adunaţii-Copăceni', 20),
(6153, 'Bolintin-Deal', 20),
(6154, 'Bolintin-Vale', 20),
(6155, 'Bucşani', 20),
(6156, 'Bulbucata', 20),
(6157, 'Buturugeni', 20),
(6158, 'Băneasa', 20),
(6159, 'Clejani', 20),
(6160, 'Colibaşi', 20),
(6161, 'Comana', 20),
(6162, 'Crevedia Mare', 20),
(6163, 'Călugăreni', 20),
(6164, 'Daia', 20),
(6165, 'Frăteşti', 20),
(6166, 'Ghimpaţi', 20),
(6167, 'Giurgiu', 20),
(6168, 'Gogoşari', 20),
(6169, 'Gostinari', 20),
(6170, 'Gostinu', 20),
(6171, 'Greaca', 20),
(6172, 'Grădinari', 20),
(6173, 'Găiseni', 20),
(6174, 'Găujani', 20),
(6175, 'Hotarele', 20),
(6176, 'Iepureşti', 20),
(6177, 'Izvoarele', 20),
(6178, 'Joiţa', 20),
(6179, 'Letca Nouă', 20),
(6180, 'Malu', 20),
(6181, 'Mihai Bravu', 20),
(6182, 'Mihăileşti', 20),
(6183, 'Mârşa', 20),
(6184, 'Ogrezeni', 20),
(6185, 'Oinacu', 20),
(6186, 'Prundu', 20),
(6187, 'Putineiu', 20),
(6188, 'Roata de Jos', 20),
(6189, 'Răsuceni', 20),
(6190, 'Schitu', 20),
(6191, 'Singureni', 20),
(6192, 'Slobozia', 20),
(6193, 'Stoeneşti', 20),
(6194, 'Stăneşti', 20),
(6195, 'Toporu', 20),
(6196, 'Ulmi', 20),
(6197, 'Valea Dragului', 20),
(6198, 'Vedea', 20),
(6199, 'Vânătorii Mici', 20),
(6200, 'Vărăşti', 20),
(6201, 'Dărăşti-Vlaşca', 20),
(6202, 'Mogoşeşti', 20),
(6203, 'Varlaam', 20),
(6204, 'Frasinu', 20),
(6205, 'Pietrele', 20),
(6206, 'Sfântu Gheorghe', 20),
(6207, 'Mihai Vodă', 20),
(6208, 'Crivina', 20),
(6209, 'Malu Spart', 20),
(6210, 'Suseni', 20),
(6211, 'Angheleşti', 20),
(6212, 'Goleasca', 20),
(6213, 'Obedeni', 20),
(6214, 'Podişor', 20),
(6215, 'Uieşti', 20),
(6216, 'Vadu Lat', 20),
(6217, 'Coteni', 20),
(6218, 'Făcău', 20),
(6219, 'Teişori', 20),
(6220, 'Podu Ilfovăţului', 20),
(6221, 'Poşta', 20),
(6222, 'Pădureni', 20),
(6223, 'Brăniştari', 20),
(6224, 'Crucea de Piatră', 20),
(6225, 'Hulubeşti', 20),
(6226, 'Uzunu', 20),
(6227, 'Neajlov', 20),
(6228, 'Podu Doamnei', 20),
(6229, 'Sterea', 20),
(6230, 'Câmpurelu', 20),
(6231, 'Budeni', 20),
(6232, 'Falaştoaca', 20),
(6233, 'Grădiştea', 20),
(6234, 'Vlad Ţepeş', 20),
(6235, 'Crevedia Mică', 20),
(6236, 'Dealu', 20),
(6237, 'Găiseanca', 20),
(6238, 'Priboiu', 20),
(6239, 'Sfântu Gheorghe', 20),
(6240, 'Plopşoru', 20),
(6241, 'Floreşti', 20),
(6242, 'Palanca', 20),
(6243, 'Stoeneşti', 20),
(6244, 'Cetatea', 20),
(6245, 'Remuş', 20),
(6246, 'Cărpenişu', 20),
(6247, 'Căscioarele', 20),
(6248, 'Podu Popa Nae', 20),
(6249, 'Cetăţuia', 20),
(6250, 'Pietrişu', 20),
(6251, 'Copaciu', 20),
(6252, 'Naipu', 20),
(6253, 'Valea Plopilor', 20),
(6254, 'Drăghiceanu', 20),
(6255, 'Izvoru', 20),
(6256, 'Răleşti', 20),
(6257, 'Mironeşti', 20),
(6258, 'Tântava', 20),
(6259, 'Zorile', 20),
(6260, 'Puţu Greci', 20),
(6261, 'Zboiu', 20),
(6262, 'Herăşti', 20),
(6263, 'Isvoarele', 20),
(6264, 'Miloşeşti', 20),
(6265, 'Teiuşu', 20),
(6266, 'Băneşti', 20),
(6267, 'Chirculeşti', 20),
(6268, 'Gorneni', 20),
(6269, 'Stâlpu', 20),
(6270, 'Valter Mărăcineanu', 20),
(6271, 'Chiriacu', 20),
(6272, 'Dimitrie Cantemir', 20),
(6273, 'Petru Rareş', 20),
(6274, 'Radu Vodă', 20),
(6275, 'Valea Bujorului', 20),
(6276, 'Bâcu', 20),
(6277, 'Cosoba', 20),
(6278, 'Săbăreni', 20),
(6279, 'Letca Veche', 20),
(6280, 'Milcovăţu', 20),
(6281, 'Drăgănescu', 20),
(6282, 'Novaci', 20),
(6283, 'Popeşti', 20),
(6284, 'Hobaia', 20),
(6285, 'Braniştea', 20),
(6286, 'Comasca', 20),
(6287, 'Puieni', 20),
(6288, 'Hodivoaia', 20),
(6289, 'Vieru', 20),
(6290, 'Carapancea', 20),
(6291, 'Cucuruzu', 20),
(6292, 'Satu Nou', 20),
(6293, 'Cartojani', 20),
(6294, 'Roata Mică', 20),
(6295, 'Sadina', 20),
(6296, 'Bila', 20),
(6297, 'Cămineasca', 20),
(6298, 'Vlaşin', 20),
(6299, 'Crânguri', 20),
(6300, 'Stejaru', 20),
(6301, 'Bălanu', 20),
(6302, 'Ghizdaru', 20),
(6303, 'Onceşti', 20),
(6304, 'Ianculeşti', 20),
(6305, 'Mirău', 20),
(6306, 'Tomuleşti', 20),
(6307, 'Căscioarele', 20),
(6308, 'Drăgăneasca', 20),
(6309, 'Ghionea', 20),
(6310, 'Icoana', 20),
(6311, 'Moşteni', 20),
(6312, 'Poenari', 20),
(6313, 'Trestieni', 20),
(6314, 'Corbeanca', 20),
(6315, 'Cupele', 20),
(6316, 'Izvoru', 20),
(6317, 'Poiana lui Stângă', 20),
(6318, 'Vâlcele', 20),
(6319, 'Vânătorii Mari', 20),
(6320, 'Zădăriciu', 20),
(6321, 'Dobreni', 20),
(6322, 'Albeni', 21),
(6323, 'Alimpeşti', 21),
(6324, 'Aninoasa', 21),
(6325, 'Arcani', 21),
(6326, 'Baia de Fier', 21),
(6327, 'Berleşti', 21),
(6328, 'Bolboşi', 21),
(6329, 'Borăscu', 21),
(6330, 'Brăneşti', 21),
(6331, 'Bumbeşti-Jiu', 21),
(6332, 'Bumbeşti-Piţic', 21),
(6333, 'Bustuchin', 21),
(6334, 'Bâlteni', 21),
(6335, 'Băleşti', 21),
(6336, 'Bălăneşti', 21),
(6337, 'Bărbăteşti', 21),
(6338, 'Ciuperceni', 21),
(6339, 'Crasna', 21),
(6340, 'Cruşet', 21),
(6341, 'Câlnic', 21),
(6342, 'Căpreni', 21),
(6343, 'Cătunele', 21),
(6344, 'Drăgoteşti', 21),
(6345, 'Drăguţeşti', 21),
(6346, 'Dănciuleşti', 21),
(6347, 'Dăneşti', 21),
(6348, 'Fărcăşeşti', 21),
(6349, 'Glogova', 21),
(6350, 'Godineşti', 21),
(6351, 'Hurezani', 21),
(6352, 'Ioneşti', 21),
(6353, 'Jupâneşti', 21),
(6354, 'Leleşti', 21),
(6355, 'Licurici', 21),
(6356, 'Motru', 21),
(6357, 'Muşeteşti', 21),
(6358, 'Mătăsari', 21),
(6359, 'Negomir', 21),
(6360, 'Novaci', 21),
(6361, 'Padeş', 21),
(6362, 'Peştişani', 21),
(6363, 'Plopşoru', 21),
(6364, 'Polovragi', 21),
(6365, 'Prigoria', 21),
(6366, 'Rovinari', 21),
(6367, 'Roşia de Amaradia', 21),
(6368, 'Runcu', 21),
(6369, 'Samarineşti', 21),
(6370, 'Schela', 21),
(6371, 'Scoarţa', 21),
(6372, 'Slivileşti', 21),
(6373, 'Stejari', 21),
(6374, 'Stoina', 21),
(6375, 'Stăneşti', 21),
(6376, 'Săcelu', 21),
(6377, 'Săuleşti', 21),
(6378, 'Teleşti', 21),
(6379, 'Tismana', 21),
(6380, 'Turburea', 21),
(6381, 'Turceni', 21),
(6382, 'Turcineşti', 21),
(6383, 'Târgu Jiu', 21),
(6384, 'Urdari', 21),
(6385, 'Vladimir', 21),
(6386, 'Văgiuleşti', 21),
(6387, 'Ţicleni', 21),
(6388, 'Ţânţăreni', 21),
(6389, 'Bolboceşti', 21),
(6390, 'Bârzeiu de Gilort', 21),
(6391, 'Doseni', 21),
(6392, 'Mirosloveni', 21),
(6393, 'Pruneşti', 21),
(6394, 'Ciupercenii de Olteţ', 21),
(6395, 'Corşoru', 21),
(6396, 'Nistoreşti', 21),
(6397, 'Sârbeşti', 21),
(6398, 'Bobaia', 21),
(6399, 'Costeşti', 21),
(6400, 'Groşerea', 21),
(6401, 'Sterpoaia', 21),
(6402, 'Câmpofeni', 21),
(6403, 'Stroieşti', 21),
(6404, 'Sănăteşti', 21),
(6405, 'Cernădia', 21),
(6406, 'Blidari', 21),
(6407, 'Cânepeşti', 21),
(6408, 'Glodeni', 21),
(6409, 'Ohaba', 21),
(6410, 'Voiteştii de Vale', 21),
(6411, 'Voiteştii din Deal', 21),
(6412, 'Ceauru', 21),
(6413, 'Corneşti', 21),
(6414, 'Găvăneşti', 21),
(6415, 'Rasova', 21),
(6416, 'Stolojani', 21),
(6417, 'Tălpăşeşti', 21),
(6418, 'Tămăşeşti', 21),
(6419, 'Voinigeşti', 21),
(6420, 'Cocoreni', 21),
(6421, 'Moi', 21),
(6422, 'Peşteana Jiu', 21),
(6423, 'Vlăduleni', 21),
(6424, 'Musculeşti', 21),
(6425, 'Petreşti', 21),
(6426, 'Socu', 21),
(6427, 'Bengeşti', 21),
(6428, 'Bircii', 21),
(6429, 'Bălceşti', 21),
(6430, 'Ciocadia', 21),
(6431, 'Bârzeiu', 21),
(6432, 'Gâlceşti', 21),
(6433, 'Lihuleşti', 21),
(6434, 'Pârâu Viu', 21),
(6435, 'Scrada', 21),
(6436, 'Scurtu', 21),
(6437, 'Bolboasa', 21),
(6438, 'Bălăceşti', 21),
(6439, 'Igirosu', 21),
(6440, 'Miclosu', 21),
(6441, 'Ohaba Jiu', 21),
(6442, 'Valea', 21),
(6443, 'Baniu', 21),
(6444, 'Calapăru', 21),
(6445, 'Gura Menţi', 21),
(6446, 'Menţii din Dos', 21),
(6447, 'Miluta', 21),
(6448, 'Scoruşu', 21),
(6449, 'Brebenei', 21),
(6450, 'Bădeşti', 21),
(6451, 'Capu Dealului', 21),
(6452, 'Gilortu', 21),
(6453, 'Pârâu', 21),
(6454, 'Curtişoara', 21),
(6455, 'Lăzăreşti', 21),
(6456, 'Pleşa', 21),
(6457, 'Tetila', 21),
(6458, 'Cârligei', 21),
(6459, 'Poienari', 21),
(6460, 'Cionţi', 21),
(6461, 'Motorgi', 21),
(6462, 'Nămete', 21),
(6463, 'Poiana Seciuri', 21),
(6464, 'Poieniţa', 21),
(6465, 'Pojaru', 21),
(6466, 'Valea Pojarului', 21),
(6467, 'Câlnicu de Sus', 21),
(6468, 'Didileşti', 21),
(6469, 'Găleşoaia', 21),
(6470, 'Hodoreasca', 21),
(6471, 'Pieptani', 21),
(6472, 'Pinoasa', 21),
(6473, 'Stejerei', 21),
(6474, 'Vâlceaua', 21),
(6475, 'Aluniş', 21),
(6476, 'Brăteşti', 21),
(6477, 'Bulbuceni', 21),
(6478, 'Cetatea', 21),
(6479, 'Cornetu', 21),
(6480, 'Dealu Spirei', 21),
(6481, 'Satu Nou', 21),
(6482, 'Dealu Viilor', 21),
(6483, 'Lupoaia', 21),
(6484, 'Steic', 21),
(6485, 'Valea Mânăstirii', 21),
(6486, 'Valea Perilor', 21),
(6487, 'Boboieşti', 21),
(6488, 'Peşteana Vulcan', 21),
(6489, 'Priporu', 21),
(6490, 'Strâmba Vulcan', 21),
(6491, 'Vârtopu', 21),
(6492, 'Zorzila', 21),
(6493, 'Aninişu din Deal', 21),
(6494, 'Aninişu din Vale', 21),
(6495, 'Buzeşti', 21),
(6496, 'Crasna din Deal', 21),
(6497, 'Cărpiniş', 21),
(6498, 'Drăgoieşti', 21),
(6499, 'Dumbrăveni', 21),
(6500, 'Radoşi', 21),
(6501, 'Bojinu', 21),
(6502, 'Marineşti', 21),
(6503, 'Mierea', 21),
(6504, 'Miericeaua', 21),
(6505, 'Măiag', 21),
(6506, 'Slămneşti', 21),
(6507, 'Slăvuţa', 21),
(6508, 'Urda de Jos', 21),
(6509, 'Văluţa', 21),
(6510, 'Bibuleşti', 21),
(6511, 'Hălăngeşti', 21),
(6512, 'Obârşia', 21),
(6513, 'Petrăchei', 21),
(6514, 'Rădineşti', 21),
(6515, 'Zăicoiu', 21),
(6516, 'Barza', 21),
(6517, 'Botorogi', 21),
(6518, 'Brătuia', 21),
(6519, 'Bucureasa', 21),
(6520, 'Merfuleşti', 21),
(6521, 'Trocani', 21),
(6522, 'Ungureni', 21),
(6523, 'Văcarea', 21),
(6524, 'Şasa', 21),
(6525, 'Ţârculeşti', 21),
(6526, 'Corobăi', 21),
(6527, 'Trestioara', 21),
(6528, 'Cârbeşti', 21),
(6529, 'Dâmbova', 21),
(6530, 'Iaşi-Gorj', 21),
(6531, 'Tâlveşti', 21),
(6532, 'Urecheşti', 21),
(6533, 'Fărcăşeşti Moşneni', 21),
(6534, 'Peşteana de Jos', 21),
(6535, 'Rogojel', 21),
(6536, 'Roşia Jiu', 21),
(6537, 'Timişeni', 21),
(6538, 'Valea cu Apă', 21),
(6539, 'Cleşneşti', 21),
(6540, 'Cămuieşti', 21),
(6541, 'Iormăneşti', 21),
(6542, 'Olteanu', 21),
(6543, 'Arjoci', 21),
(6544, 'Chiliu', 21),
(6545, 'Câlceşti', 21),
(6546, 'Pârâu de Pripor', 21),
(6547, 'Pârâu de Vale', 21),
(6548, 'Rătez', 21),
(6549, 'Busuioci', 21),
(6550, 'Pegeni', 21),
(6551, 'Plopu', 21),
(6552, 'Totea de Hurezani', 21),
(6553, 'Gura Şuşiţei', 21),
(6554, 'Ilieşti', 21),
(6555, 'Picu', 21),
(6556, 'Boia', 21),
(6557, 'Pârâu Boia', 21),
(6558, 'Vidin', 21),
(6559, 'Vierşani', 21),
(6560, 'Frăteşti', 21),
(6561, 'Rasoviţa', 21),
(6562, 'Frumuşei', 21),
(6563, 'Negreni', 21),
(6564, 'Totea', 21),
(6565, 'Colţeşti', 21),
(6566, 'Frunza', 21),
(6567, 'Logreşti Moşteni', 21),
(6568, 'Măru', 21),
(6569, 'Popeşti', 21),
(6570, 'Seaca', 21),
(6571, 'Târgu Logreşti', 21),
(6572, 'Brădet', 21),
(6573, 'Brădeţel', 21),
(6574, 'Croici', 21),
(6575, 'Runcurel', 21),
(6576, 'Dealu Pomilor', 21),
(6577, 'Horăşti', 21),
(6578, 'Leurda', 21),
(6579, 'Lupoiţa', 21),
(6580, 'Ploştina', 21),
(6581, 'Roşiuţa', 21),
(6582, 'Râpa', 21),
(6583, 'Însurăţei', 21),
(6584, 'Arşeni', 21),
(6585, 'Bârcaciu', 21),
(6586, 'Grui', 21),
(6587, 'Gămani', 21),
(6588, 'Stănceşti', 21),
(6589, 'Stănceşti Larga', 21),
(6590, 'Artanu', 21),
(6591, 'Bohorel', 21),
(6592, 'Condeieşti', 21),
(6593, 'Nucetu', 21),
(6594, 'Orzu', 21),
(6595, 'Paltinu', 21),
(6596, 'Raci', 21),
(6597, 'Ursoaia', 21),
(6598, 'Valea Racilor', 21),
(6599, 'Berceşti', 21),
(6600, 'Hirişeşti', 21),
(6601, 'Pociovaliştea', 21),
(6602, 'Siteşti', 21),
(6603, 'Apa Neagră', 21),
(6604, 'Cerna-Sat', 21),
(6605, 'Cloşani', 21),
(6606, 'Călugăreni', 21),
(6607, 'Motru Sec', 21),
(6608, 'Orzeşti', 21),
(6609, 'Văieni', 21),
(6610, 'Boroşteni', 21),
(6611, 'Brădiceni', 21),
(6612, 'Frânceşti', 21),
(6613, 'Gureni', 21),
(6614, 'Hobiţa', 21),
(6615, 'Seuca', 21),
(6616, 'Broşteni', 21),
(6617, 'Broştenii de Sus', 21),
(6618, 'Ceplea', 21),
(6619, 'Cursaru', 21),
(6620, 'Deleni', 21),
(6621, 'Izvoarele', 21),
(6622, 'Olari', 21),
(6623, 'Piscuri', 21),
(6624, 'Sărdăneşti', 21),
(6625, 'Văleni', 21),
(6626, 'Racoviţa', 21),
(6627, 'Bucşana', 21),
(6628, 'Burlani', 21),
(6629, 'Călugăreasa', 21),
(6630, 'Dobrana', 21),
(6631, 'Negoieşti', 21),
(6632, 'Zorleşti', 21),
(6633, 'Becheni', 21),
(6634, 'Dealu Viei', 21),
(6635, 'Ruget', 21),
(6636, 'Seciurile', 21),
(6637, 'Stejaru', 21),
(6638, 'Şitoaia', 21),
(6639, 'Vârt', 21),
(6640, 'Bâlta', 21),
(6641, 'Bâltişoara', 21),
(6642, 'Dobriţa', 21),
(6643, 'Răchiţi', 21),
(6644, 'Suseni', 21),
(6645, 'Valea Mare', 21),
(6646, 'Blahniţa de Sus', 21),
(6647, 'Hăieşti', 21),
(6648, 'Jeriştea', 21),
(6649, 'Maghereşti', 21),
(6650, 'Boca', 21),
(6651, 'Băzăvani', 21),
(6652, 'Duculeşti', 21),
(6653, 'Larga', 21),
(6654, 'Valea Bisericii', 21),
(6655, 'Valea Mică', 21),
(6656, 'Valea Poienii', 21),
(6657, 'Ţirioi', 21),
(6658, 'Bibeşti', 21),
(6659, 'Dolceşti', 21),
(6660, 'Purcaru', 21),
(6661, 'Arsuri', 21),
(6662, 'Gornăcel', 21),
(6663, 'Păjiştele', 21),
(6664, 'Sâmbotin', 21),
(6665, 'Bobu', 21),
(6666, 'Budieni', 21),
(6667, 'Cerătu de Copăcioasa', 21),
(6668, 'Colibaşi', 21),
(6669, 'Copăcioasa', 21),
(6670, 'Câmpu Mare', 21),
(6671, 'Lazuri', 21),
(6672, 'Lintea', 21),
(6673, 'Mogoşani', 21),
(6674, 'Pişteştii din Deal', 21),
(6675, 'Cojmăneşti', 21),
(6676, 'Miculeşti', 21),
(6677, 'Strâmtu', 21),
(6678, 'Sura', 21),
(6679, 'Tehomir', 21),
(6680, 'Şiacu', 21),
(6681, 'Ştiucani', 21),
(6682, 'Alexeni', 21),
(6683, 'Bălani', 21),
(6684, 'Curpen', 21),
(6685, 'Căleşti', 21),
(6686, 'Măzăroi', 21),
(6687, 'Obreja', 21),
(6688, 'Pârvuleşti', 21),
(6689, 'Vaidei', 21),
(6690, 'Vălari', 21),
(6691, 'Baloşani', 21),
(6692, 'Băceşti', 21),
(6693, 'Dealu Leului', 21),
(6694, 'Piscoiu', 21),
(6695, 'Popeşti Stejari', 21),
(6696, 'Ciorari', 21),
(6697, 'Mieluşei', 21),
(6698, 'Păişani', 21),
(6699, 'Toiaga', 21),
(6700, 'Ulmet', 21),
(6701, 'Urda de Sus', 21),
(6702, 'Arpadia', 21),
(6703, 'Chiciora', 21),
(6704, 'Floreşti', 21),
(6705, 'Bârseşti', 21),
(6706, 'Drăgoeni', 21),
(6707, 'Iezureni', 21),
(6708, 'Polata', 21),
(6709, 'Preajba Mare', 21),
(6710, 'Romaneşti', 21),
(6711, 'Slobozia', 21),
(6712, 'Ursaţi', 21),
(6713, 'Buduhala', 21),
(6714, 'Şomăneşti', 21),
(6715, 'Blahniţa de Jos', 21),
(6716, 'Cojani', 21),
(6717, 'Creţeşti', 21),
(6718, 'Curteana', 21),
(6719, 'Cărbuneşti-Sat', 21),
(6720, 'Floreşteni', 21),
(6721, 'Măceşu', 21),
(6722, 'Pojogeni', 21),
(6723, 'Rogojeni', 21),
(6724, 'Târgu Cărbuneşti', 21),
(6725, 'Ştefăneşti', 21),
(6726, 'Celei', 21),
(6727, 'Costeni', 21),
(6728, 'Gornoviţa', 21),
(6729, 'Isvarna', 21),
(6730, 'Pocruia', 21),
(6731, 'Racoţi', 21),
(6732, 'Sohodol', 21),
(6733, 'Topeşti', 21),
(6734, 'Vâlcele', 21),
(6735, 'Vânata', 21),
(6736, 'Cocorova', 21),
(6737, 'Poiana', 21),
(6738, 'Spahii', 21),
(6739, 'Şipotu', 21),
(6740, 'Gârbovu', 21),
(6741, 'Jilţu', 21),
(6742, 'Murgeşti', 21),
(6743, 'Strâmba Jiu', 21),
(6744, 'Valea Viei', 21),
(6745, 'Cartiu', 21),
(6746, 'Horezu', 21),
(6747, 'Rugi', 21),
(6748, 'Fântânele', 21),
(6749, 'Hotăroasa', 21),
(6750, 'Covrigi', 21),
(6751, 'Cârciu', 21),
(6752, 'Murgileşti', 21),
(6753, 'Valea Motrului', 21),
(6754, 'Andreeşti', 21),
(6755, 'Frasin', 21),
(6756, 'Valea Deşului', 21),
(6757, 'Atid', 22),
(6758, 'Avrămeşti', 22),
(6759, 'Bilbor', 22),
(6760, 'Borsec', 22),
(6761, 'Brădeşti', 22),
(6762, 'Băile Tuşnad', 22),
(6763, 'Bălan', 22),
(6764, 'Ciucsângeorgiu', 22),
(6765, 'Ciumani', 22),
(6766, 'Corbu', 22),
(6767, 'Corund', 22),
(6768, 'Cozmeni', 22),
(6769, 'Cristuru Secuiesc', 22),
(6770, 'Cârţa', 22),
(6771, 'Căpâlniţa', 22),
(6772, 'Dealu', 22),
(6773, 'Ditrău', 22),
(6774, 'Dârjiu', 22),
(6775, 'Dăneşti', 22),
(6776, 'Frumoasa', 22),
(6777, 'Gheorgheni', 22),
(6778, 'Gălăuţaş', 22),
(6779, 'Joseni', 22),
(6780, 'Lueta', 22),
(6781, 'Lunca de Jos', 22),
(6782, 'Lunca de Sus', 22),
(6783, 'Lupeni', 22),
(6784, 'Lăzarea', 22),
(6785, 'Mereşti', 22),
(6786, 'Miercurea Ciuc', 22),
(6787, 'Mihăileni', 22),
(6788, 'Mugeni', 22),
(6789, 'Mădăraş', 22),
(6790, 'Mărtiniş', 22),
(6791, 'Ocland', 22),
(6792, 'Odorheiu Secuiesc', 22),
(6793, 'Plăieşii de Jos', 22),
(6794, 'Praid', 22),
(6795, 'Păuleni-Ciuc', 22),
(6796, 'Remetea', 22),
(6797, 'Secuieni', 22),
(6798, 'Siculeni', 22),
(6799, 'Subcetate', 22),
(6800, 'Suseni', 22),
(6801, 'Sâncrăieni', 22),
(6802, 'Sândominic', 22),
(6803, 'Sânmartin', 22),
(6804, 'Sânsimion', 22),
(6805, 'Săcel', 22),
(6806, 'Sărmaş', 22),
(6807, 'Tomeşti', 22),
(6808, 'Topliţa', 22),
(6809, 'Tulgheş', 22),
(6810, 'Tuşnad', 22),
(6811, 'Ulieş', 22),
(6812, 'Vlăhiţa', 22),
(6813, 'Voşlăbeni', 22),
(6814, 'Vărşag', 22),
(6815, 'Zetea', 22),
(6816, 'Şimoneşti', 22),
(6817, 'Crişeni', 22),
(6818, 'Cuşmed', 22),
(6819, 'Inlăceni', 22),
(6820, 'Şiclod', 22),
(6821, 'Andreeni', 22),
(6822, 'Cecheşti', 22),
(6823, 'Firtănuş', 22),
(6824, 'Goagiu', 22),
(6825, 'Laz-Firtănuş', 22),
(6826, 'Laz-Şoimuş', 22),
(6827, 'Medişoru Mic', 22),
(6828, 'Carpitus', 22),
(6829, 'Răchitiş', 22),
(6830, 'Satu Mare', 22),
(6831, 'Târnoviţa', 22),
(6832, 'Ineu', 22),
(6833, 'Armăşeni', 22),
(6834, 'Armăşenii Noi', 22),
(6835, 'Bancu', 22),
(6836, 'Ciobăniş', 22),
(6837, 'Cotormani', 22),
(6838, 'Eghersec', 22),
(6839, 'Ghiurche', 22),
(6840, 'Potiond', 22),
(6841, 'Capu Corbului', 22),
(6842, 'Atia', 22),
(6843, 'Calonda', 22),
(6844, 'Fântâna Brazilor', 22),
(6845, 'Valea lui Pavel', 22),
(6846, 'Lăzăreşti', 22),
(6847, 'Filiaş', 22),
(6848, 'Mujna', 22),
(6849, 'Fâncel', 22),
(6850, 'Sâncrai', 22),
(6851, 'Tibod', 22),
(6852, 'Tămaşu', 22),
(6853, 'Ulcani', 22),
(6854, 'Valea Rotundă', 22),
(6855, 'Jolotca', 22),
(6856, 'Ţengheler', 22),
(6857, 'Alexandriţa', 22),
(6858, 'Arvăţeni', 22),
(6859, 'Cireşeni', 22),
(6860, 'Feliceni', 22),
(6861, 'Forţeni', 22),
(6862, 'Hoghia', 22),
(6863, 'Oţeni', 22),
(6864, 'Poloniţa', 22),
(6865, 'Teleac', 22),
(6866, 'Tăureni', 22),
(6867, 'Văleni', 22),
(6868, 'Bârzava', 22),
(6869, 'Făgeţel', 22),
(6870, 'Nicoleşti', 22),
(6871, 'Dealu Armanului', 22),
(6872, 'Gălăuţaş-Pârău', 22),
(6873, 'Nuţeni', 22),
(6874, 'Plopiş', 22),
(6875, 'Preluca', 22),
(6876, 'Toleşeni', 22),
(6877, 'Zăpodea', 22),
(6878, 'Covacipeter', 22),
(6879, 'Lacu Roşu', 22),
(6880, 'Vargatac', 22),
(6881, 'Visafolio', 22),
(6882, 'Borzont', 22),
(6883, 'Bucin', 22),
(6884, 'Ghiduţ', 22),
(6885, 'Băile Chirui', 22),
(6886, 'Baraţcoş', 22),
(6887, 'Poiana Fagului', 22),
(6888, 'Puntea Lupului', 22),
(6889, 'Valea Boroş', 22),
(6890, 'Valea Capelei', 22),
(6891, 'Valea Rece', 22),
(6892, 'Valea lui Antaloc', 22);
INSERT INTO `dashboard_city` (`id`, `name`, `area_id`) VALUES
(6893, 'Valea Întunecoasă', 22),
(6894, 'Comiat', 22),
(6895, 'Izvorul Trotuşului', 22),
(6896, 'Păltiniş-Ciuc', 22),
(6897, 'Valea Gârbea', 22),
(6898, 'Valea Ugra', 22),
(6899, 'Bisericani', 22),
(6900, 'Bulgăreni', 22),
(6901, 'Firtuşu', 22),
(6902, 'Morăreni', 22),
(6903, 'Păltiniş', 22),
(6904, 'Păuleni', 22),
(6905, 'Satu Mic', 22),
(6906, 'Sâncel', 22),
(6907, 'Aldea', 22),
(6908, 'Bădeni', 22),
(6909, 'Chinuşu', 22),
(6910, 'Comăneşti', 22),
(6911, 'Călugăreni', 22),
(6912, 'Ghipeş', 22),
(6913, 'Locodeni', 22),
(6914, 'Orăşeni', 22),
(6915, 'Petreni', 22),
(6916, 'Rareş', 22),
(6917, 'Sânpaul', 22),
(6918, 'Ciba', 22),
(6919, 'Harghita-Băi', 22),
(6920, 'Jigodin-Băi', 22),
(6921, 'Livezi', 22),
(6922, 'Nădejdea', 22),
(6923, 'Văcăreşti', 22),
(6924, 'Aluniş', 22),
(6925, 'Beta', 22),
(6926, 'Beteşti', 22),
(6927, 'Dejuţiu', 22),
(6928, 'Dobeni', 22),
(6929, 'Lutiţa', 22),
(6930, 'Mătişeni', 22),
(6931, 'Porumbenii Mari', 22),
(6932, 'Porumbenii Mici', 22),
(6933, 'Tăietura', 22),
(6934, 'Crăciunel', 22),
(6935, 'Satu Nou', 22),
(6936, 'Delniţa', 22),
(6937, 'Şoimeni', 22),
(6938, 'Casinu Nou', 22),
(6939, 'Iacobeni', 22),
(6940, 'Imper', 22),
(6941, 'Plăieşii de Sus', 22),
(6942, 'Becaş', 22),
(6943, 'Bucin', 22),
(6944, 'Ocna de Jos', 22),
(6945, 'Ocna de Sus', 22),
(6946, 'Şaşvereş', 22),
(6947, 'Făgeţel', 22),
(6948, 'Martonca', 22),
(6949, 'Sineu', 22),
(6950, 'Uilac', 22),
(6951, 'Vidacut', 22),
(6952, 'Şoimuşu Mare', 22),
(6953, 'Şoimuşu Mic', 22),
(6954, 'Fitod', 22),
(6955, 'Hosasău', 22),
(6956, 'Leliceni', 22),
(6957, 'Misentea', 22),
(6958, 'Sântimbru', 22),
(6959, 'Sântimbru-Băi', 22),
(6960, 'Ciucani', 22),
(6961, 'Valea Uzului', 22),
(6962, 'Cetăţuia', 22),
(6963, 'Fundoaia', 22),
(6964, 'Hodoşa', 22),
(6965, 'Platoneşti', 22),
(6966, 'Runc', 22),
(6967, 'Bodogaia', 22),
(6968, 'Eliseni', 22),
(6969, 'Ciaracio', 22),
(6970, 'Ciceu', 22),
(6971, 'Racu', 22),
(6972, 'Satu Nou', 22),
(6973, 'Benţid', 22),
(6974, 'Ceheţel', 22),
(6975, 'Chedia Mare', 22),
(6976, 'Chedia Mică', 22),
(6977, 'Cobăteşti', 22),
(6978, 'Cădaciu Mare', 22),
(6979, 'Cădaciu Mic', 22),
(6980, 'Medişoru Mare', 22),
(6981, 'Mihăileni', 22),
(6982, 'Nicoleni', 22),
(6983, 'Rugăneşti', 22),
(6984, 'Turdeni', 22),
(6985, 'Tărceşti', 22),
(6986, 'Călnaci', 22),
(6987, 'Duda', 22),
(6988, 'Filpea', 22),
(6989, 'Chileni', 22),
(6990, 'Liban', 22),
(6991, 'Senetea', 22),
(6992, 'Valea Strâmbă', 22),
(6993, 'Călimănel', 22),
(6994, 'Luncani', 22),
(6995, 'Moglăneşti', 22),
(6996, 'Măgheruş', 22),
(6997, 'Secu', 22),
(6998, 'Vale', 22),
(6999, 'Vâgani', 22),
(7000, 'Zencani', 22),
(7001, 'Hagota', 22),
(7002, 'Pintic', 22),
(7003, 'Recea', 22),
(7004, 'Tuşnadu Nou', 22),
(7005, 'Vrabia', 22),
(7006, 'Daia', 22),
(7007, 'Iaşu', 22),
(7008, 'Ighiu', 22),
(7009, 'Nicoleşti', 22),
(7010, 'Obrăneşti', 22),
(7011, 'Petecu', 22),
(7012, 'Vasileni', 22),
(7013, 'Băile Homorod', 22),
(7014, 'Minele Lueta', 22),
(7015, 'Izvoru Mureşului', 22),
(7016, 'Desag', 22),
(7017, 'Izvoare', 22),
(7018, 'Poiana Târnavei', 22),
(7019, 'Sub Cetate', 22),
(7020, 'Şicasău', 22),
(7021, 'Aninoasa', 23),
(7022, 'Baia de Criş', 23),
(7023, 'Balşa', 23),
(7024, 'Baru', 23),
(7025, 'Beriu', 23),
(7026, 'Blăjeni', 23),
(7027, 'Boşorod', 23),
(7028, 'Brad', 23),
(7029, 'Bretea Română', 23),
(7030, 'Brănişca', 23),
(7031, 'Buceş', 23),
(7032, 'Bucureşci', 23),
(7033, 'Bulzeştii de Sus', 23),
(7034, 'Bunila', 23),
(7035, 'Burjuc', 23),
(7036, 'Băcia', 23),
(7037, 'Băiţa', 23),
(7038, 'Băniţa', 23),
(7039, 'Bătrâna', 23),
(7040, 'Cerbăl', 23),
(7041, 'Certeju de Sus', 23),
(7042, 'Crişcior', 23),
(7043, 'Cârjiţi', 23),
(7044, 'Călan', 23),
(7045, 'Densuş', 23),
(7046, 'Deva', 23),
(7047, 'Dobra', 23),
(7048, 'General Berthelot', 23),
(7049, 'Geoagiu', 23),
(7050, 'Ghelari', 23),
(7051, 'Gurasada', 23),
(7052, 'Haţeg', 23),
(7053, 'Hunedoara', 23),
(7054, 'Hărău', 23),
(7055, 'Ilia', 23),
(7056, 'Lelese', 23),
(7057, 'Lunca Cernii de Jos', 23),
(7058, 'Luncoiu de Jos', 23),
(7059, 'Lupeni', 23),
(7060, 'Lăpugiu de Jos', 23),
(7061, 'Mărtineşti', 23),
(7062, 'Orăştie', 23),
(7063, 'Orăştioara de Sus', 23),
(7064, 'Pestişu Mic', 23),
(7065, 'Petrila', 23),
(7066, 'Petroşani', 23),
(7067, 'Pui', 23),
(7068, 'Rapoltu Mare', 23),
(7069, 'Ribiţa', 23),
(7070, 'Romos', 23),
(7071, 'Râu de Mori', 23),
(7072, 'Răchitova', 23),
(7073, 'Sarmizegetusa', 23),
(7074, 'Simeria', 23),
(7075, 'Sântămăria-Orlea', 23),
(7076, 'Sălaşu de Sus', 23),
(7077, 'Teliucu Inferior', 23),
(7078, 'Tomeşti', 23),
(7079, 'Topliţa', 23),
(7080, 'Toteşti', 23),
(7081, 'Turdaş', 23),
(7082, 'Uricani', 23),
(7083, 'Vaţa de Jos', 23),
(7084, 'Veţel', 23),
(7085, 'Vorţa', 23),
(7086, 'Vulcan', 23),
(7087, 'Vălişoara', 23),
(7088, 'Zam', 23),
(7089, 'Şoimuş', 23),
(7090, 'Iscroni', 23),
(7091, 'Petreni', 23),
(7092, 'Totia', 23),
(7093, 'Tâmpa', 23),
(7094, 'Baldovin', 23),
(7095, 'Căraci', 23),
(7096, 'Cărăstău', 23),
(7097, 'Lunca', 23),
(7098, 'Rişca', 23),
(7099, 'Rişculiţa', 23),
(7100, 'Văleni', 23),
(7101, 'Ţebea', 23),
(7102, 'Barbura', 23),
(7103, 'Crăciuneşti', 23),
(7104, 'Căinelu de Sus', 23),
(7105, 'Fizeş', 23),
(7106, 'Hărţăgani', 23),
(7107, 'Lunca', 23),
(7108, 'Ormindea', 23),
(7109, 'Peştera', 23),
(7110, 'Sălişte', 23),
(7111, 'Trestia', 23),
(7112, 'Almaşu Mic de Munte', 23),
(7113, 'Ardeu', 23),
(7114, 'Buneşti', 23),
(7115, 'Galbina', 23),
(7116, 'Mada', 23),
(7117, 'Oprişeşti', 23),
(7118, 'Poiana', 23),
(7119, 'Poieniţa', 23),
(7120, 'Roşia', 23),
(7121, 'Stăuini', 23),
(7122, 'Techereu', 23),
(7123, 'Voia', 23),
(7124, 'Vălişoara', 23),
(7125, 'Crivadia', 23),
(7126, 'Merişor', 23),
(7127, 'Livadia', 23),
(7128, 'Petros', 23),
(7129, 'Valea Lupului', 23),
(7130, 'Faţa Roşie', 23),
(7131, 'Piatra', 23),
(7132, 'Răchiţaua', 23),
(7133, 'Cucuiş', 23),
(7134, 'Căstău', 23),
(7135, 'Măgureni', 23),
(7136, 'Orăştioara de Jos', 23),
(7137, 'Poieni', 23),
(7138, 'Sereca', 23),
(7139, 'Sibişel', 23),
(7140, 'Blăjeni-Vulcan', 23),
(7141, 'Criş', 23),
(7142, 'Dragu-Brad', 23),
(7143, 'Groşuri', 23),
(7144, 'Plai', 23),
(7145, 'Reţ', 23),
(7146, 'Sălătruc', 23),
(7147, 'Alun', 23),
(7148, 'Bobaia', 23),
(7149, 'Chitid', 23),
(7150, 'Cioclovina', 23),
(7151, 'Luncani', 23),
(7152, 'Prihodişte', 23),
(7153, 'Târsa', 23),
(7154, 'Ursici', 23),
(7155, 'Mesteacăn', 23),
(7156, 'Potingani', 23),
(7157, 'Ruda-Brad', 23),
(7158, 'Valea Bradului', 23),
(7159, 'Ţărăţel', 23),
(7160, 'Boz', 23),
(7161, 'Bărăştii Iliei', 23),
(7162, 'Căbeşti', 23),
(7163, 'Furcşoara', 23),
(7164, 'Gialacuta', 23),
(7165, 'Rovina', 23),
(7166, 'Târnava', 23),
(7167, 'Târnăviţa', 23),
(7168, 'Bercu', 23),
(7169, 'Bretea Streiului', 23),
(7170, 'Băţălar', 23),
(7171, 'Covragiu', 23),
(7172, 'Gânţaga', 23),
(7173, 'Măceu', 23),
(7174, 'Ocolişu Mare', 23),
(7175, 'Plopi', 23),
(7176, 'Ruşi', 23),
(7177, 'Vâlcele', 23),
(7178, 'Vâlcelele Bune', 23),
(7179, 'Vâlceluţa', 23),
(7180, 'Buceş-Vulcan', 23),
(7181, 'Dupăpiatră', 23),
(7182, 'Grohoţele', 23),
(7183, 'Mihăileni', 23),
(7184, 'Stănija', 23),
(7185, 'Tarniţa', 23),
(7186, 'Curechiu', 23),
(7187, 'Merişor', 23),
(7188, 'Rovina', 23),
(7189, 'Şesuri', 23),
(7190, 'Bulzeştii de Jos', 23),
(7191, 'Giurgeşti', 23),
(7192, 'Grohot', 23),
(7193, 'Păuleşti', 23),
(7194, 'Ruseşti', 23),
(7195, 'Stănculeşti', 23),
(7196, 'Ticera', 23),
(7197, 'Tomnatec', 23),
(7198, 'Alun', 23),
(7199, 'Cernişoara Florese', 23),
(7200, 'Poieniţa Voinii', 23),
(7201, 'Vadu Dobrii', 23),
(7202, 'Brădăţel', 23),
(7203, 'Glodghileşti', 23),
(7204, 'Petreşti', 23),
(7205, 'Tisa', 23),
(7206, 'Tătărăşti', 23),
(7207, 'Batiz', 23),
(7208, 'Călanu Mic', 23),
(7209, 'Grid', 23),
(7210, 'Nădăştia de Jos', 23),
(7211, 'Nădăştia de Sus', 23),
(7212, 'Ohaba Streiului', 23),
(7213, 'Strei', 23),
(7214, 'Strei-Săcel', 23),
(7215, 'Streisângeorgiu', 23),
(7216, 'Sâncrai', 23),
(7217, 'Sântămăria de Piatră', 23),
(7218, 'Valea Sângeorgiului', 23),
(7219, 'Almaşu Sec', 23),
(7220, 'Chergheş', 23),
(7221, 'Cozia', 23),
(7222, 'Popeşti', 23),
(7223, 'Arănieş', 23),
(7224, 'Feregi', 23),
(7225, 'Merişoru de Munte', 23),
(7226, 'Poiana Răchiţelii', 23),
(7227, 'Poieniţa Tomii', 23),
(7228, 'Socet', 23),
(7229, 'Ulm', 23),
(7230, 'Bocşa Mare', 23),
(7231, 'Bocşa Mică', 23),
(7232, 'Hondol', 23),
(7233, 'Măgura-Topliţa', 23),
(7234, 'Nojag', 23),
(7235, 'Săcărâmb', 23),
(7236, 'Topliţa Mureşului', 23),
(7237, 'Vărmaga', 23),
(7238, 'Barza', 23),
(7239, 'Valea Arsului', 23),
(7240, 'Zdrapţi', 23),
(7241, 'Criva', 23),
(7242, 'Hăţăgel', 23),
(7243, 'Peşteana', 23),
(7244, 'Peşteniţa', 23),
(7245, 'Poieni', 23),
(7246, 'Ştei', 23),
(7247, 'Archia', 23),
(7248, 'Bârcea Mică', 23),
(7249, 'Cristur', 23),
(7250, 'Sântuhalm', 23),
(7251, 'Abucea', 23),
(7252, 'Bujoru', 23),
(7253, 'Făgeţel', 23),
(7254, 'Lăpuşnic', 23),
(7255, 'Mihăieşti', 23),
(7256, 'Panc', 23),
(7257, 'Panc-Sălişte', 23),
(7258, 'Roşcani', 23),
(7259, 'Răduleşti', 23),
(7260, 'Stretea', 23),
(7261, 'Stânceşti', 23),
(7262, 'Stânceşti-Ohaba', 23),
(7263, 'Crăguiş', 23),
(7264, 'Fărcădin', 23),
(7265, 'Livezi', 23),
(7266, 'Tuştea', 23),
(7267, 'Aurel Vlaicu', 23),
(7268, 'Bacâia', 23),
(7269, 'Bozeş', 23),
(7270, 'Cigmău', 23),
(7271, 'Gelmar', 23),
(7272, 'Geoagiu-Băi', 23),
(7273, 'Homorod', 23),
(7274, 'Mermezeu-Văleni', 23),
(7275, 'Renghet', 23),
(7276, 'Văleni', 23),
(7277, 'Govăjdia', 23),
(7278, 'Plop', 23),
(7279, 'Ruda', 23),
(7280, 'Boiu de Jos', 23),
(7281, 'Boiu de Sus', 23),
(7282, 'Câmpuri de Sus', 23),
(7283, 'Câmpuri-Surduc', 23),
(7284, 'Cărmăzăneşti', 23),
(7285, 'Dănuleşti', 23),
(7286, 'Gothatea', 23),
(7287, 'Runcşor', 23),
(7288, 'Ulieş', 23),
(7289, 'Vica', 23),
(7290, 'Banpotoc', 23),
(7291, 'Bârsău', 23),
(7292, 'Chimindia', 23),
(7293, 'Nălaţvad', 23),
(7294, 'Silvaşu de Jos', 23),
(7295, 'Silvaşu de Sus', 23),
(7296, 'Boş', 23),
(7297, 'Groş', 23),
(7298, 'Hăşdat', 23),
(7299, 'Peştişu Mare', 23),
(7300, 'Răcăştia', 23),
(7301, 'Bacea', 23),
(7302, 'Bretea Mureşană', 23),
(7303, 'Brâznic', 23),
(7304, 'Cuieş', 23),
(7305, 'Dumbrăviţa', 23),
(7306, 'Sârbi', 23),
(7307, 'Săcămaş', 23),
(7308, 'Valea Lungă', 23),
(7309, 'Baştea', 23),
(7310, 'Coseşti', 23),
(7311, 'Fintoag', 23),
(7312, 'Grind', 23),
(7313, 'Holdea', 23),
(7314, 'Lăpugiu de Sus', 23),
(7315, 'Lăsău', 23),
(7316, 'Ohaba', 23),
(7317, 'Teiu', 23),
(7318, 'Cerişor', 23),
(7319, 'Runcu Mare', 23),
(7320, 'Sohodol', 23),
(7321, 'Ciumiţa', 23),
(7322, 'Fântâna', 23),
(7323, 'Gura Bordului', 23),
(7324, 'Lunca Cernii de Sus', 23),
(7325, 'Meria', 23),
(7326, 'Negoiu', 23),
(7327, 'Valea Babii', 23),
(7328, 'Dudeşti', 23),
(7329, 'Luncoiu de Sus', 23),
(7330, 'Podele', 23),
(7331, 'Stejărel', 23),
(7332, 'Dâncu Mare', 23),
(7333, 'Dâncu Mic', 23),
(7334, 'Jeledinţi', 23),
(7335, 'Măgura', 23),
(7336, 'Turmaş', 23),
(7337, 'Tămăşasa', 23),
(7338, 'Bucium', 23),
(7339, 'Costeşti', 23),
(7340, 'Costeşti-Deal', 23),
(7341, 'Grădiştea de Munte', 23),
(7342, 'Ludeştii de Jos', 23),
(7343, 'Ludeştii de Sus', 23),
(7344, 'Ocolişu Mic', 23),
(7345, 'Almaşu Mic', 23),
(7346, 'Ciulpăz', 23),
(7347, 'Cutin', 23),
(7348, 'Dumbrava', 23),
(7349, 'Josani', 23),
(7350, 'Mănerău', 23),
(7351, 'Nandru', 23),
(7352, 'Valea Nandrului', 23),
(7353, 'Cimpa', 23),
(7354, 'Jieţ', 23),
(7355, 'Răscoala', 23),
(7356, 'Tirici', 23),
(7357, 'Dâlja Mare', 23),
(7358, 'Dâlja Mică', 23),
(7359, 'Peştera', 23),
(7360, 'Slătinioara', 23),
(7361, 'Băieşti', 23),
(7362, 'Federi', 23),
(7363, 'Fizeşti', 23),
(7364, 'Galaţi', 23),
(7365, 'Hobiţa', 23),
(7366, 'Ohaba-Ponor', 23),
(7367, 'Ponor', 23),
(7368, 'Ruşor', 23),
(7369, 'Râu Bărbat', 23),
(7370, 'Uric', 23),
(7371, 'Şerel', 23),
(7372, 'Boiţa', 23),
(7373, 'Ciula Mare', 23),
(7374, 'Ciula Mică', 23),
(7375, 'Goteşti', 23),
(7376, 'Mesteacăn', 23),
(7377, 'Vălioara', 23),
(7378, 'Bobâlna', 23),
(7379, 'Boiu', 23),
(7380, 'Folt', 23),
(7381, 'Rapolţel', 23),
(7382, 'Brazi', 23),
(7383, 'Clopotiva', 23),
(7384, 'Ohaba-Sibişel', 23),
(7385, 'Ostrov', 23),
(7386, 'Ostrovel', 23),
(7387, 'Ostrovu Mic', 23),
(7388, 'Sibişel', 23),
(7389, 'Suseni', 23),
(7390, 'Unciuc', 23),
(7391, 'Valea Dâljii', 23),
(7392, 'Crişan', 23),
(7393, 'Dumbrava de Jos', 23),
(7394, 'Dumbrava de Sus', 23),
(7395, 'Ribicioara', 23),
(7396, 'Uibăreşti', 23),
(7397, 'Ciungu Mare', 23),
(7398, 'Pişchinţi', 23),
(7399, 'Romoşel', 23),
(7400, 'Vaidei', 23),
(7401, 'Coroieşti', 23),
(7402, 'Mălăieşti', 23),
(7403, 'Nucşoara', 23),
(7404, 'Ohaba de Sub Piatră', 23),
(7405, 'Paroş', 23),
(7406, 'Peştera', 23),
(7407, 'Râu Alb', 23),
(7408, 'Râu Mic', 23),
(7409, 'Sălaşu de Jos', 23),
(7410, 'Zăvoi', 23),
(7411, 'Balomir', 23),
(7412, 'Bucium-Orlea', 23),
(7413, 'Bărăştii Haţegului', 23),
(7414, 'Ciopeia', 23),
(7415, 'Subcetate', 23),
(7416, 'Sânpetru', 23),
(7417, 'Săcel', 23),
(7418, 'Vadu', 23),
(7419, 'Breazova', 23),
(7420, 'Hobiţa-Grădişte', 23),
(7421, 'Păucineşti', 23),
(7422, 'Zeicani', 23),
(7423, 'Bârcea Mare', 23),
(7424, 'Cărpiniş', 23),
(7425, 'Simeria Veche', 23),
(7426, 'Sântandrei', 23),
(7427, 'Uroi', 23),
(7428, 'Şăuleşti', 23),
(7429, 'Bejan', 23),
(7430, 'Bejan-Târnăviţa', 23),
(7431, 'Boholţ', 23),
(7432, 'Bălata', 23),
(7433, 'Chişcădaga', 23),
(7434, 'Căinelu de Jos', 23),
(7435, 'Fornădia', 23),
(7436, 'Păuliş', 23),
(7437, 'Sulighete', 23),
(7438, 'Cinciş-Cerna', 23),
(7439, 'Izvoarele', 23),
(7440, 'Teliucu Superior', 23),
(7441, 'Dobroţ', 23),
(7442, 'Leauţ', 23),
(7443, 'Livada', 23),
(7444, 'Obârşa', 23),
(7445, 'Steia', 23),
(7446, 'Tiuleşti', 23),
(7447, 'Valea Mare de Criş', 23),
(7448, 'Curpenii Silvaşului', 23),
(7449, 'Dealu Mic', 23),
(7450, 'Dăbâca', 23),
(7451, 'Goleş', 23),
(7452, 'Hăşdău', 23),
(7453, 'Mosoru', 23),
(7454, 'Vălari', 23),
(7455, 'Copaci', 23),
(7456, 'Cârneşti', 23),
(7457, 'Păclişa', 23),
(7458, 'Reea', 23),
(7459, 'Pricaz', 23),
(7460, 'Râpaş', 23),
(7461, 'Spini', 23),
(7462, 'Câmpu lui Neag', 23),
(7463, 'Valea de Brazi', 23),
(7464, 'Dealu Mare', 23),
(7465, 'Stoieneasa', 23),
(7466, 'Săliştioara', 23),
(7467, 'Basarabasa', 23),
(7468, 'Birtin', 23),
(7469, 'Brotuna', 23),
(7470, 'Ciungani', 23),
(7471, 'Căzăneşti', 23),
(7472, 'Ociu', 23),
(7473, 'Ocişor', 23),
(7474, 'Prihodişte', 23),
(7475, 'Prăvăleni', 23),
(7476, 'Târnava de Criş', 23),
(7477, 'Tătărăştii de Criş', 23),
(7478, 'Vaţa de Sus', 23),
(7479, 'Boia Bârzii', 23),
(7480, 'Bretelin', 23),
(7481, 'Căoi', 23),
(7482, 'Herepeia', 23),
(7483, 'Leşnic', 23),
(7484, 'Mintia', 23),
(7485, 'Muncelu Mare', 23),
(7486, 'Muncelu Mic', 23),
(7487, 'Runcu Mic', 23),
(7488, 'Certeju de Jos', 23),
(7489, 'Coaja', 23),
(7490, 'Dumeşti', 23),
(7491, 'Luncşoara', 23),
(7492, 'Valea Poienii', 23),
(7493, 'Visca', 23),
(7494, 'Dealu Babii', 23),
(7495, 'Jiu-Paroşeni', 23),
(7496, 'Almaş-Sălişte', 23),
(7497, 'Almăşel', 23),
(7498, 'Brăşeu', 23),
(7499, 'Cerbia', 23),
(7500, 'Deleni', 23),
(7501, 'Godineşti', 23),
(7502, 'Micăneşti', 23),
(7503, 'Pogăneşti', 23),
(7504, 'Pojoga', 23),
(7505, 'Sălciva', 23),
(7506, 'Tămăşeşti', 23),
(7507, 'Valea', 23),
(7508, 'Adâncata', 24),
(7509, 'Albeşti', 24),
(7510, 'Alexeni', 24),
(7511, 'Amara', 24),
(7512, 'Andrăşeşti', 24),
(7513, 'Armăşeşti', 24),
(7514, 'Axintele', 24),
(7515, 'Balaciu', 24),
(7516, 'Borduşani', 24),
(7517, 'Brazii', 24),
(7518, 'Bucu', 24),
(7519, 'Bărcăneşti', 24),
(7520, 'Ciochina', 24),
(7521, 'Ciocârlia', 24),
(7522, 'Ciulniţa', 24),
(7523, 'Cocora', 24),
(7524, 'Cosâmbeşti', 24),
(7525, 'Coşereni', 24),
(7526, 'Căzăneşti', 24),
(7527, 'Dridu', 24),
(7528, 'Drăgoeşti', 24),
(7529, 'Feteşti', 24),
(7530, 'Fierbinţi-Târg', 24),
(7531, 'Făcăeni', 24),
(7532, 'Gheorghe Doja', 24),
(7533, 'Gheorghe Lazăr', 24),
(7534, 'Giurgeni', 24),
(7535, 'Grindu', 24),
(7536, 'Griviţa', 24),
(7537, 'Gârbovi', 24),
(7538, 'Ion Roată', 24),
(7539, 'Jilavele', 24),
(7540, 'Manasia', 24),
(7541, 'Mihail Kogălniceanu', 24),
(7542, 'Miloşeşti', 24),
(7543, 'Movila', 24),
(7544, 'Moviliţa', 24),
(7545, 'Munteni-Buzău', 24),
(7546, 'Perieţi', 24),
(7547, 'Reviga', 24),
(7548, 'Scânteia', 24),
(7549, 'Sfântu Gheorghe', 24),
(7550, 'Sineşti', 24),
(7551, 'Slobozia', 24),
(7552, 'Stelnica', 24),
(7553, 'Sudiţi', 24),
(7554, 'Sălcioara', 24),
(7555, 'Săveni', 24),
(7556, 'Traian', 24),
(7557, 'Urziceni', 24),
(7558, 'Valea Ciorii', 24),
(7559, 'Valea Măcrişului', 24),
(7560, 'Vlădeni', 24),
(7561, 'Ţăndărei', 24),
(7562, 'Patru Fraţi', 24),
(7563, 'Bataluri', 24),
(7564, 'Bueşti', 24),
(7565, 'Marsilieni', 24),
(7566, 'Amara Nouă', 24),
(7567, 'Orboeşti', 24),
(7568, 'Bărbuleşti', 24),
(7569, 'Malu Roşu', 24),
(7570, 'Nenişori', 24),
(7571, 'Bărbătescu', 24),
(7572, 'Horia', 24),
(7573, 'Copuzu', 24),
(7574, 'Crăsanii de Jos', 24),
(7575, 'Crăsanii de Sus', 24),
(7576, 'Sărăţeni', 24),
(7577, 'Condeeşti', 24),
(7578, 'Cegani', 24),
(7579, 'Maia', 24),
(7580, 'Movileanca', 24),
(7581, 'Răsimnicea', 24),
(7582, 'Ograda', 24),
(7583, 'Cotorca', 24),
(7584, 'Borduşelu', 24),
(7585, 'Orezu', 24),
(7586, 'Piersica', 24),
(7587, 'Ion Ghica', 24),
(7588, 'Ivăneşti', 24),
(7589, 'Poiana', 24),
(7590, 'Colelia', 24),
(7591, 'Gimbăşani', 24),
(7592, 'Mărculeşti', 24),
(7593, 'Borăneşti', 24),
(7594, 'Sinteşti', 24),
(7595, 'Chiroiu-Pamânteni', 24),
(7596, 'Chiroiu-Satu Nou', 24),
(7597, 'Chiroiu-Ungureni', 24),
(7598, 'Valea Bisericii', 24),
(7599, 'Dridu-Snagov', 24),
(7600, 'Moldoveni', 24),
(7601, 'Progresu', 24),
(7602, 'Buliga', 24),
(7603, 'Feteşti-Gară', 24),
(7604, 'Vlaşca', 24),
(7605, 'Fierbinţii de Jos', 24),
(7606, 'Fierbinţii de Sus', 24),
(7607, 'Grecii de Jos', 24),
(7608, 'Smirna', 24),
(7609, 'Broşteni', 24),
(7610, 'Slătioarele', 24),
(7611, 'Gura Ialomiţei', 24),
(7612, 'Hagieni', 24),
(7613, 'Luciu', 24),
(7614, 'Nicoleşti', 24),
(7615, 'Tovărăşia', 24),
(7616, 'Biţina-Pământeni', 24),
(7617, 'Biţina-Ungureni', 24),
(7618, 'Roşiori', 24),
(7619, 'Fundata', 24),
(7620, 'Misleanu', 24),
(7621, 'Păltinişu', 24),
(7622, 'Stejaru', 24),
(7623, 'Crunţi', 24),
(7624, 'Mircea cel Bătrân', 24),
(7625, 'Rovine', 24),
(7626, 'Raşi', 24),
(7627, 'Frăţileşti', 24),
(7628, 'Lăcusteni', 24),
(7629, 'Platoneşti', 24),
(7630, 'Iazu', 24),
(7631, 'Butoiu', 24),
(7632, 'Malu', 24),
(7633, 'Boteni', 24),
(7634, 'Cătruneşti', 24),
(7635, 'Hagieşti', 24),
(7636, 'Lilieci', 24),
(7637, 'Livedea', 24),
(7638, 'Bora', 24),
(7639, 'Slobozia Nouă', 24),
(7640, 'Maltezi', 24),
(7641, 'Retezatu', 24),
(7642, 'Gura Văii', 24),
(7643, 'Bucşa', 24),
(7644, 'Dumitreşti', 24),
(7645, 'Murgeanca', 24),
(7646, 'Grindaşi', 24),
(7647, 'Alexandru I. Cuza', 25),
(7648, 'Andrieşeni', 25),
(7649, 'Aroneanu', 25),
(7650, 'Balş', 25),
(7651, 'Belceşti', 25),
(7652, 'Bivolari', 25),
(7653, 'Brăeşti', 25),
(7654, 'Butea', 25),
(7655, 'Bârnova', 25),
(7656, 'Bălţaţi', 25),
(7657, 'Cepleniţa', 25),
(7658, 'Ciorteşti', 25),
(7659, 'Ciurea', 25),
(7660, 'Coarnele Caprei', 25),
(7661, 'Comarna', 25),
(7662, 'Costeşti', 25),
(7663, 'Costuleni', 25),
(7664, 'Cotnari', 25),
(7665, 'Cozmeşti', 25),
(7666, 'Cristeşti', 25),
(7667, 'Cucuteni', 25),
(7668, 'Dagâţa', 25),
(7669, 'Deleni', 25),
(7670, 'Dobrovăţ', 25),
(7671, 'Dolheşti', 25),
(7672, 'Drăguşeni', 25),
(7673, 'Dumeşti', 25),
(7674, 'Erbiceni', 25),
(7675, 'Focuri', 25),
(7676, 'Golăieşti', 25),
(7677, 'Gorban', 25),
(7678, 'Grajduri', 25),
(7679, 'Gropniţa', 25),
(7680, 'Grozeşti', 25),
(7681, 'Heleşteni', 25),
(7682, 'Holboca', 25),
(7683, 'Horleşti', 25),
(7684, 'Hârlău', 25),
(7685, 'Hălăuceşti', 25),
(7686, 'Iaşi', 25),
(7687, 'Ipatele', 25),
(7688, 'Lespezi', 25),
(7689, 'Leţcani', 25),
(7690, 'Lungani', 25),
(7691, 'Mirceşti', 25),
(7692, 'Mironeasa', 25),
(7693, 'Miroslava', 25),
(7694, 'Mirosloveşti', 25),
(7695, 'Mogoşeşti', 25),
(7696, 'Mogoşeşti-Siret', 25),
(7697, 'Movileni', 25),
(7698, 'Moşna', 25),
(7699, 'Moţca', 25),
(7700, 'Mădârjac', 25),
(7701, 'Oţeleni', 25),
(7702, 'Paşcani', 25),
(7703, 'Plugari', 25),
(7704, 'Podu Iloaiei', 25),
(7705, 'Popeşti', 25),
(7706, 'Popricani', 25),
(7707, 'Prisăcani', 25),
(7708, 'Probota', 25),
(7709, 'Rediu', 25),
(7710, 'Româneşti', 25),
(7711, 'Ruginoasa', 25),
(7712, 'Răchiteni', 25),
(7713, 'Răducăneni', 25),
(7714, 'Schitu Duca', 25),
(7715, 'Scobinţi', 25),
(7716, 'Scânteia', 25),
(7717, 'Sineşti', 25),
(7718, 'Sireţel', 25),
(7719, 'Stolniceni-Prăjescu', 25),
(7720, 'Strunga', 25),
(7721, 'Tansa', 25),
(7722, 'Todireşti', 25),
(7723, 'Tomeşti', 25),
(7724, 'Trifeşti', 25),
(7725, 'Târgu Frumos', 25),
(7726, 'Tătăruşi', 25),
(7727, 'Ungheni', 25),
(7728, 'Valea Lupului', 25),
(7729, 'Valea Seacă', 25),
(7730, 'Victoria', 25),
(7731, 'Vlădeni', 25),
(7732, 'Voineşti', 25),
(7733, 'Vânători', 25),
(7734, 'Şcheia', 25),
(7735, 'Şipote', 25),
(7736, 'Ţibana', 25),
(7737, 'Ţibăneşti', 25),
(7738, 'Ţigănăşi', 25),
(7739, 'Ţuţora', 25),
(7740, 'Kogălniceni', 25),
(7741, 'Scheia', 25),
(7742, 'Volintireşti', 25),
(7743, 'Buhăeni', 25),
(7744, 'Drăgăneşti', 25),
(7745, 'Fântânele', 25),
(7746, 'Glăvăneşti', 25),
(7747, 'Iepureni', 25),
(7748, 'Spineni', 25),
(7749, 'Dorobanţ', 25),
(7750, 'Rediu Aldei', 25),
(7751, 'Şorogani', 25),
(7752, 'Boureni', 25),
(7753, 'Cotârgaci', 25),
(7754, 'Filiaşi', 25),
(7755, 'Mădârjeşti', 25),
(7756, 'Podişu', 25),
(7757, 'Sârca', 25),
(7758, 'Valea Oilor', 25),
(7759, 'Cercu', 25),
(7760, 'Pietrăria', 25),
(7761, 'Păun', 25),
(7762, 'Todirel', 25),
(7763, 'Vişan', 25),
(7764, 'Liteni', 25),
(7765, 'Munteni', 25),
(7766, 'Satu Nou', 25),
(7767, 'Tansa', 25),
(7768, 'Ulmi', 25),
(7769, 'Buruieneşti', 25),
(7770, 'Soloneţ', 25),
(7771, 'Tabăra', 25),
(7772, 'Traian', 25),
(7773, 'Albeşti', 25),
(7774, 'Buda', 25),
(7775, 'Cristeşti', 25),
(7776, 'Rediu', 25),
(7777, 'Miclăuşeni', 25),
(7778, 'Buhalniţa', 25),
(7779, 'Poiana Mărului', 25),
(7780, 'Zlodica', 25),
(7781, 'Coropceni', 25),
(7782, 'Deleni', 25),
(7783, 'Rotăria', 25),
(7784, 'Şerbeşti', 25),
(7785, 'Curături', 25),
(7786, 'Dumbrava', 25),
(7787, 'Hlincea', 25),
(7788, 'Lunca Cetăţuii', 25),
(7789, 'Picioru Lupului', 25),
(7790, 'Slobozia', 25),
(7791, 'Arama', 25),
(7792, 'Petroşica', 25),
(7793, 'Curagău', 25),
(7794, 'Osoi', 25),
(7795, 'Stânca', 25),
(7796, 'Covasna', 25),
(7797, 'Cozia', 25),
(7798, 'Hiliţa', 25),
(7799, 'Bahluiu', 25),
(7800, 'Cireşeni', 25),
(7801, 'Cârjoaia', 25),
(7802, 'Făgăt', 25),
(7803, 'Hodora', 25),
(7804, 'Horodiştea', 25),
(7805, 'Iosupeni', 25),
(7806, 'Lupăria', 25),
(7807, 'Valea Racului', 25),
(7808, 'Zbereni', 25),
(7809, 'Podolenii de Jos', 25),
(7810, 'Podolenii de Sus', 25),
(7811, 'Homiţa', 25),
(7812, 'Băiceni', 25),
(7813, 'Bărbăteşti', 25),
(7814, 'Săcăreşti', 25),
(7815, 'Boatca', 25),
(7816, 'Buzdug', 25),
(7817, 'Băluşeşti', 25),
(7818, 'Mănăstirea', 25),
(7819, 'Piscu Rusului', 25),
(7820, 'Poienile', 25),
(7821, 'Tarniţa', 25),
(7822, 'Zece Prăjini', 25),
(7823, 'Feredeni', 25),
(7824, 'Leahu-Nacu', 25),
(7825, 'Maxut', 25),
(7826, 'Poiana', 25),
(7827, 'Slobozia', 25),
(7828, 'Brădiceşti', 25),
(7829, 'Pietriş', 25),
(7830, 'Banu', 25),
(7831, 'Chilişoaia', 25),
(7832, 'Hoiseşti', 25),
(7833, 'Păuşeşti', 25),
(7834, 'Bârleşti', 25),
(7835, 'Spinoasa', 25),
(7836, 'Sprânceana', 25),
(7837, 'Totoeşti', 25),
(7838, 'Fântânele', 25),
(7839, 'Bran', 25),
(7840, 'Cilibiu', 25),
(7841, 'Cotu lui Ivan', 25),
(7842, 'Grădinari', 25),
(7843, 'Medeleni', 25),
(7844, 'Petreşti', 25),
(7845, 'Podu Jijiei', 25),
(7846, 'Gura Bohotin', 25),
(7847, 'Podu Hagiului', 25),
(7848, 'Scoposeni', 25),
(7849, 'Zberoaia', 25),
(7850, 'Corcodel', 25),
(7851, 'Cărbunari', 25),
(7852, 'Lunca', 25),
(7853, 'Poiana cu Cetate', 25),
(7854, 'Pădureni', 25),
(7855, 'Valea Satului', 25),
(7856, 'Bulbucani', 25),
(7857, 'Forăşti', 25),
(7858, 'Mălăeşti', 25),
(7859, 'Sângeri', 25),
(7860, 'Săveni', 25),
(7861, 'Colţu Cornii', 25),
(7862, 'Sălăgeni', 25),
(7863, 'Luncaşi', 25),
(7864, 'Pârcovaci', 25),
(7865, 'Hărmăneasa', 25),
(7866, 'Movileni', 25),
(7867, 'Oboroceni', 25),
(7868, 'Cristeşti', 25),
(7869, 'Dancu', 25),
(7870, 'Orzeni', 25),
(7871, 'Rusenii Noi', 25),
(7872, 'Rusenii Vechi', 25),
(7873, 'Valea Lungă', 25),
(7874, 'Bogdăneşti', 25),
(7875, 'Scoposeni', 25),
(7876, 'Buznea', 25),
(7877, 'Prigoreni', 25),
(7878, 'Războieni', 25),
(7879, 'Alexeşti', 25),
(7880, 'Bâcu', 25),
(7881, 'Cuza Vodă', 25),
(7882, 'Buda', 25),
(7883, 'Bursuc-Deal', 25),
(7884, 'Bursuc-Vale', 25),
(7885, 'Dumbrava', 25),
(7886, 'Heci', 25),
(7887, 'Bogonos', 25),
(7888, 'Cogeasca', 25),
(7889, 'Cucuteni', 25),
(7890, 'Crucea', 25),
(7891, 'Goeşti', 25),
(7892, 'Zmeu', 25),
(7893, 'Bojila', 25),
(7894, 'Frumuşica', 25),
(7895, 'Iugani', 25),
(7896, 'Ursăreşti', 25),
(7897, 'Schitu Hadâmbului', 25),
(7898, 'Urşiţa', 25),
(7899, 'Balciu', 25),
(7900, 'Brătuleni', 25),
(7901, 'Ciurbeşti', 25),
(7902, 'Corneşti', 25),
(7903, 'Dancaş', 25),
(7904, 'Găureni', 25),
(7905, 'Horpaz', 25),
(7906, 'Proselnici', 25),
(7907, 'Uricani', 25),
(7908, 'Valea Adâncă', 25),
(7909, 'Valea Ursului', 25),
(7910, 'Voroveşti', 25),
(7911, 'Ciohorăni', 25),
(7912, 'Miteşti', 25),
(7913, 'Soci', 25),
(7914, 'Verşeni', 25),
(7915, 'Budeşti', 25),
(7916, 'Hadâmbu', 25),
(7917, 'Mânjeşti', 25),
(7918, 'Muncelu de Sus', 25),
(7919, 'Tudor Vladimirescu', 25),
(7920, 'Boureni', 25),
(7921, 'Iepureni', 25),
(7922, 'Larga-Jijia', 25),
(7923, 'Potângeni', 25),
(7924, 'Hândreşti', 25),
(7925, 'Blăgeşti', 25),
(7926, 'Boşteni', 25),
(7927, 'Gâşteşti', 25),
(7928, 'Lunca', 25),
(7929, 'Sodomeni', 25),
(7930, 'Borosoaia', 25),
(7931, 'Oneşti', 25),
(7932, 'Budăi', 25),
(7933, 'Cosiţeni', 25),
(7934, 'Holm', 25),
(7935, 'Scobâlţeni', 25),
(7936, 'Doroşcani', 25),
(7937, 'Hărpăşeşti', 25),
(7938, 'Obrijeni', 25),
(7939, 'Pădureni', 25),
(7940, 'Vama', 25),
(7941, 'Cotu Morii', 25),
(7942, 'Cuza Vodă', 25),
(7943, 'Cârlig', 25),
(7944, 'Moimeşti', 25),
(7945, 'Rediu Mitropoliei', 25),
(7946, 'Vulturi', 25),
(7947, 'Vânători', 25),
(7948, 'Ţipileşti', 25),
(7949, 'Moreni', 25),
(7950, 'Măcăreşti', 25),
(7951, 'Bălteni', 25),
(7952, 'Perieni', 25),
(7953, 'Izvoarele', 25),
(7954, 'Bohotin', 25),
(7955, 'Isaiia', 25),
(7956, 'Roşu', 25),
(7957, 'Breazu', 25),
(7958, 'Horleşti', 25),
(7959, 'Tăuteşti', 25),
(7960, 'Avântu', 25),
(7961, 'Ursoaia', 25),
(7962, 'Rădeni', 25),
(7963, 'Dumbrăviţa', 25),
(7964, 'Rediu', 25),
(7965, 'Vascani', 25),
(7966, 'Bodeşti', 25),
(7967, 'Boroşeşti', 25),
(7968, 'Ciocârleşti', 25),
(7969, 'Lunca Rateş', 25),
(7970, 'Rediu', 25),
(7971, 'Tufeştii de Sus', 25),
(7972, 'Cioca-Boca', 25),
(7973, 'Căueşti', 25),
(7974, 'Frenciugi', 25),
(7975, 'Poiana Şcheii', 25),
(7976, 'Satu Nou', 25),
(7977, 'Blaga', 25),
(7978, 'Dumitreştii Gălăţii', 25),
(7979, 'Pocreaca', 25),
(7980, 'Poiana', 25),
(7981, 'Poieni', 25),
(7982, 'Satu Nou', 25),
(7983, 'Slobozia', 25),
(7984, 'Bădeni', 25),
(7985, 'Feteşti', 25),
(7986, 'Sticlăria', 25),
(7987, 'Zagavia', 25),
(7988, 'Bocniţa', 25),
(7989, 'Osoi', 25),
(7990, 'Storneşti', 25),
(7991, 'Chişcăreni', 25),
(7992, 'Hălceni', 25),
(7993, 'Iazu Nou', 25),
(7994, 'Iazu Vechi', 25),
(7995, 'Mitoc', 25),
(7996, 'Berezlogi', 25),
(7997, 'Humosu', 25),
(7998, 'Satu Nou', 25),
(7999, 'Slobozia', 25),
(8000, 'Brăteşti', 25),
(8001, 'Cozmeşti', 25),
(8002, 'Brătuleşti', 25),
(8003, 'Criveşti', 25),
(8004, 'Cucova', 25),
(8005, 'Fedeleşeni', 25),
(8006, 'Fărcăşeni', 25),
(8007, 'Gura Văii', 25),
(8008, 'Hăbăşeşti', 25),
(8009, 'Suhuleţ', 25),
(8010, 'Coasta Măgurii', 25),
(8011, 'Dădeşti', 25),
(8012, 'Giurgeşti', 25),
(8013, 'Găneşti', 25),
(8014, 'Ion Neculce', 25),
(8015, 'Iorcani', 25),
(8016, 'Pietrosu', 25),
(8017, 'Uda', 25),
(8018, 'Vâlcica', 25),
(8019, 'Alexeni', 25),
(8020, 'Domniţa', 25),
(8021, 'Gârbeşti', 25),
(8022, 'Moara Ciornei', 25),
(8023, 'Oproaia', 25),
(8024, 'Poiana Mănăstirii', 25),
(8025, 'Poiana de Sus', 25),
(8026, 'Runcu', 25),
(8027, 'Vadu Vejei', 25),
(8028, 'Glodenii Gândului', 25),
(8029, 'Grieşti', 25),
(8030, 'Jigoreni', 25),
(8031, 'Recea', 25),
(8032, 'Răsboieni', 25),
(8033, 'Tungujei', 25),
(8034, 'Vălenii', 25),
(8035, 'Cârniceni', 25),
(8036, 'Mihail Kogălniceanu', 25),
(8037, 'Stejarii', 25),
(8038, 'Boldeşti', 25),
(8039, 'Băiceni', 25),
(8040, 'Hărmăneştii Noi', 25),
(8041, 'Hărmăneştii Vechi', 25),
(8042, 'Stroeşti', 25),
(8043, 'Chicerea', 25),
(8044, 'Goruni', 25),
(8045, 'Vlădiceni', 25),
(8046, 'Hermeziu', 25),
(8047, 'Roşcani', 25),
(8048, 'Vladomira', 25),
(8049, 'Zaboloteni', 25),
(8050, 'Chipereşti', 25),
(8051, 'Oprişeni', 25),
(8052, 'Bosia', 25),
(8053, 'Coada Stâncii', 25),
(8054, 'Mânzăteşti', 25),
(8055, 'Conţeşti', 25),
(8056, 'Topile', 25),
(8057, 'Criveşti', 25),
(8058, 'Gura Bâdiliţei', 25),
(8059, 'Hârtoape', 25),
(8060, 'Vlădnicuţ', 25),
(8061, 'Frăsuleni', 25),
(8062, 'Icuşeni', 25),
(8063, 'Luceni', 25),
(8064, 'Sculeni', 25),
(8065, 'Stânca', 25),
(8066, 'Şendreni', 25),
(8067, 'Alexandru cel Bun', 25),
(8068, 'Borşa', 25),
(8069, 'Broşteni', 25),
(8070, 'Iacobeni', 25),
(8071, 'Vâlcelele', 25),
(8072, 'Lungani', 25),
(8073, 'Schitu Stavnic', 25),
(8074, 'Slobozia', 25),
(8075, 'Vocoteşti', 25),
(8076, '1 Decembrie', 26),
(8077, 'Afumaţi', 26),
(8078, 'Baloteşti', 26),
(8079, 'Berceni', 26),
(8080, 'Bragadiru', 26),
(8081, 'Brăneşti', 26),
(8082, 'Buftea', 26),
(8083, 'Cernica', 26),
(8084, 'Chiajna', 26),
(8085, 'Chitila', 26),
(8086, 'Ciolpani', 26),
(8087, 'Ciorogârla', 26),
(8088, 'Clinceni', 26),
(8089, 'Corbeanca', 26),
(8090, 'Cornetu', 26),
(8091, 'Dascălu', 26),
(8092, 'Domneşti', 26),
(8093, 'Dragomireşti-Vale', 26),
(8094, 'Dărăşti-Ilfov', 26),
(8095, 'Glina', 26),
(8096, 'Gruiu', 26),
(8097, 'Grădiştea', 26),
(8098, 'Găneasa', 26),
(8099, 'Jilava', 26),
(8100, 'Moara Vlăsiei', 26),
(8101, 'Mogoşoaia', 26),
(8102, 'Măgurele', 26),
(8103, 'Nuci', 26),
(8104, 'Otopeni', 26),
(8105, 'Pantelimon', 26),
(8106, 'Periş', 26),
(8107, 'Petrăchioaia', 26),
(8108, 'Popeşti Leordeni', 26),
(8109, 'Snagov', 26),
(8110, 'Tunari', 26),
(8111, 'Vidra', 26),
(8112, 'Voluntari', 26),
(8113, 'Ştefăneştii de Jos', 26),
(8114, 'Copăceni', 26),
(8115, 'Dumbrăveni', 26),
(8116, 'Săftica', 26),
(8117, 'Islaz', 26),
(8118, 'Pasărea', 26),
(8119, 'Vadu Anei', 26),
(8120, 'Buciumeni', 26),
(8121, 'Bălăceanca', 26),
(8122, 'Căldăraru', 26),
(8123, 'Poşta', 26),
(8124, 'Tânganu', 26),
(8125, 'Dudu', 26),
(8126, 'Roşu', 26),
(8127, 'Rudeni', 26),
(8128, 'Izvorani', 26),
(8129, 'Lupăria', 26),
(8130, 'Piscu', 26),
(8131, 'Dârvari', 26),
(8132, 'Olteni', 26),
(8133, 'Ordoreanu', 26),
(8134, 'Ostratu', 26),
(8135, 'Petreşti', 26),
(8136, 'Tamaşi', 26),
(8137, 'Buda', 26),
(8138, 'Creaţa', 26),
(8139, 'Gagu', 26),
(8140, 'Runcu', 26),
(8141, 'Dobroeşti', 26),
(8142, 'Fundeni', 26),
(8143, 'Ţegheş', 26),
(8144, 'Dragomireşti-Deal', 26),
(8145, 'Zurbaua', 26),
(8146, 'Cozieni', 26),
(8147, 'Moara Domnească', 26),
(8148, 'Piteasca', 26),
(8149, 'Şindriliţa', 26),
(8150, 'Căţelu', 26),
(8151, 'Manolache', 26),
(8152, 'Sitaru', 26),
(8153, 'Lipia', 26),
(8154, 'Siliştea Snagovului', 26),
(8155, 'Şanţu Floreşti', 26),
(8156, 'Alunişu', 26),
(8157, 'Dumitrana', 26),
(8158, 'Pruni', 26),
(8159, 'Vârteju', 26),
(8160, 'Căciulaţi', 26),
(8161, 'Balta Neagră', 26),
(8162, 'Merii Petchii', 26),
(8163, 'Micşuneştii Mari', 26),
(8164, 'Micşuneştii-Moară', 26),
(8165, 'Odăile', 26),
(8166, 'Buriaş', 26),
(8167, 'Bălteni', 26),
(8168, 'Măineasca', 26),
(8169, 'Surlari', 26),
(8170, 'Vânători', 26),
(8171, 'Cioflinceni', 26),
(8172, 'Ghermăneşti', 26),
(8173, 'Tâncăbeşti', 26),
(8174, 'Vlădiceasca', 26),
(8175, 'Creţuleasca', 26),
(8176, 'Ştefăneştii de Sus', 26),
(8177, 'Dimieni', 26),
(8178, 'Creţeşti', 26),
(8179, 'Sinteşti', 26),
(8180, 'Ardusat', 27),
(8181, 'Ariniş', 27),
(8182, 'Asuaju de Sus', 27),
(8183, 'Baia Mare', 27),
(8184, 'Baia Sprie', 27),
(8185, 'Bicaz', 27),
(8186, 'Bistra', 27),
(8187, 'Bocicoiu Mare', 27),
(8188, 'Bogdan Vodă', 27),
(8189, 'Boiu Mare', 27),
(8190, 'Borşa', 27),
(8191, 'Botiza', 27),
(8192, 'Budeşti', 27),
(8193, 'Bârsana', 27),
(8194, 'Băiuţ', 27),
(8195, 'Băiţa de Sub Codru', 27),
(8196, 'Băseşti', 27),
(8197, 'Cavnic', 27),
(8198, 'Cerneşti', 27),
(8199, 'Cicârlău', 27),
(8200, 'Copalnic-Mănăştur', 27),
(8201, 'Coroieni', 27),
(8202, 'Cupşeni', 27),
(8203, 'Câmpulung la Tisa', 27),
(8204, 'Călineşti', 27),
(8205, 'Deseşti', 27),
(8206, 'Dragomireşti', 27),
(8207, 'Dumbrăviţa', 27),
(8208, 'Fărcaşa', 27),
(8209, 'Giuleşti', 27),
(8210, 'Groşi', 27),
(8211, 'Groşii Ţibleşului', 27),
(8212, 'Ieud', 27),
(8213, 'Leordina', 27),
(8214, 'Lăpuş', 27),
(8215, 'Mireşu Mare', 27),
(8216, 'Moisei', 27),
(8217, 'Oarţa de Jos', 27),
(8218, 'Ocna Şugatag', 27),
(8219, 'Petrova', 27),
(8220, 'Poienile Izei', 27),
(8221, 'Poienile de Sub Munte', 27),
(8222, 'Recea', 27),
(8223, 'Remetea Chioarului', 27),
(8224, 'Remeţi', 27),
(8225, 'Repedea', 27),
(8226, 'Rona de Jos', 27),
(8227, 'Rona de Sus', 27),
(8228, 'Rozavlea', 27),
(8229, 'Ruscova', 27),
(8230, 'Sarasău', 27),
(8231, 'Satulung', 27),
(8232, 'Seini', 27),
(8233, 'Sighetu Marmaţiei', 27),
(8234, 'Strâmtura', 27),
(8235, 'Suciu de Sus', 27),
(8236, 'Săcel', 27),
(8237, 'Săcălăşeni', 27),
(8238, 'Săliştea de Sus', 27),
(8239, 'Sălsig', 27),
(8240, 'Săpânţa', 27),
(8241, 'Târgu Lăpuş', 27),
(8242, 'Tăuţii-Măgherăuş', 27),
(8243, 'Ulmeni', 27),
(8244, 'Vadu Izei', 27),
(8245, 'Valea Chioarului', 27),
(8246, 'Vima Mică', 27),
(8247, 'Vişeu de Jos', 27),
(8248, 'Vişeu de Sus', 27),
(8249, 'Şieu', 27),
(8250, 'Şiseşti', 27),
(8251, 'Şomcuţa Mare', 27),
(8252, 'Arieşu de Câmp', 27),
(8253, 'Colţirea', 27),
(8254, 'Rodina', 27),
(8255, 'Tămăşeşti', 27),
(8256, 'Asuaju de Jos', 27),
(8257, 'Blidari', 27),
(8258, 'Firiza', 27),
(8259, 'Valea Neagră', 27),
(8260, 'Chiuzbaia', 27),
(8261, 'Satu Nou de Sus', 27),
(8262, 'Tăuţii de Sus', 27),
(8263, 'Urmeniş', 27),
(8264, 'Poiana Botizii', 27),
(8265, 'Strâmbu-Băiuţ', 27),
(8266, 'Năneşti', 27),
(8267, 'Onceşti', 27),
(8268, 'Odeşti', 27),
(8269, 'Stremţ', 27),
(8270, 'Sălişte', 27),
(8271, 'Ciuta', 27),
(8272, 'Corni', 27),
(8273, 'Crasna Vişeului', 27),
(8274, 'Valea Vişeului', 27),
(8275, 'Crăciuneşti', 27),
(8276, 'Lunca la Tisa', 27),
(8277, 'Tisa', 27),
(8278, 'Bocicoel', 27),
(8279, 'Frâncenii Boiului', 27),
(8280, 'Prislop', 27),
(8281, 'Romăneşti', 27),
(8282, 'Băile Borşa', 27),
(8283, 'Sârbi', 27),
(8284, 'Corneşti', 27),
(8285, 'Văleni', 27),
(8286, 'Brebeni', 27),
(8287, 'Ciocotiş', 27),
(8288, 'Fânaţe', 27),
(8289, 'Izvoarele', 27),
(8290, 'Măgureni', 27),
(8291, 'Trestia', 27),
(8292, 'Bârgău', 27),
(8293, 'Handalu Ilbei', 27),
(8294, 'Ilba', 27),
(8295, 'Berinţa', 27),
(8296, 'Copalnic', 27),
(8297, 'Copalnic-Deal', 27),
(8298, 'Curtuiuşu Mic', 27),
(8299, 'Cărpiniş', 27),
(8300, 'Făureşti', 27),
(8301, 'Lăschia', 27),
(8302, 'Preluca Nouă', 27),
(8303, 'Preluca Veche', 27),
(8304, 'Ruşor', 27),
(8305, 'Vad', 27),
(8306, 'Baba', 27),
(8307, 'Dealu Mare', 27),
(8308, 'Drăghia', 27),
(8309, 'Vălenii Lăpuşului', 27),
(8310, 'Costeni', 27),
(8311, 'Libotin', 27),
(8312, 'Ungureni', 27),
(8313, 'Hărniceşti', 27),
(8314, 'Mara', 27),
(8315, 'Chechiş', 27),
(8316, 'Cărbunari', 27),
(8317, 'Rus', 27),
(8318, 'Unguraş', 27),
(8319, 'Şindreşti', 27),
(8320, 'Buzeşti', 27),
(8321, 'Sârbi', 27),
(8322, 'Tămaia', 27),
(8323, 'Berbeşti', 27),
(8324, 'Fereşti', 27),
(8325, 'Mănăstirea', 27),
(8326, 'Ocoliş', 27),
(8327, 'Satu Nou de Jos', 27),
(8328, 'Dăneştii Chioarului', 27),
(8329, 'Iadăra', 27),
(8330, 'Lucăceşti', 27),
(8331, 'Remeţi pe Someş', 27),
(8332, 'Stejera', 27),
(8333, 'Tulghieş', 27),
(8334, 'Oarţa de Sus', 27),
(8335, 'Orţiţa', 27),
(8336, 'Breb', 27),
(8337, 'Hoteni', 27),
(8338, 'Sat-Şugatag', 27),
(8339, 'Bozânta Mică', 27),
(8340, 'Lăpuşel', 27),
(8341, 'Mocira', 27),
(8342, 'Săsar', 27),
(8343, 'Berchez', 27),
(8344, 'Berchezoaia', 27),
(8345, 'Posta', 27),
(8346, 'Remecioara', 27),
(8347, 'Piatra', 27),
(8348, 'Teceu Mic', 27),
(8349, 'Coştiui', 27),
(8350, 'Salta', 27),
(8351, 'Coaş', 27),
(8352, 'Coltău', 27),
(8353, 'Coruia', 27),
(8354, 'Culcea', 27),
(8355, 'Cătălina', 27),
(8356, 'Întrerâuri', 27),
(8357, 'Gârdani', 27),
(8358, 'Arieşu de Pădure', 27),
(8359, 'Fersig', 27),
(8360, 'Finteuşu Mic', 27),
(8361, 'Hideaga', 27),
(8362, 'Mogoşeşti', 27),
(8363, 'Pribileşti', 27),
(8364, 'Săbişa', 27),
(8365, 'Viile Apei', 27),
(8366, 'Iapa', 27),
(8367, 'Lazu Baciului', 27),
(8368, 'Valea Cufundoasă', 27),
(8369, 'Valea Hotarului', 27),
(8370, 'Şugău', 27),
(8371, 'Bontăieni', 27),
(8372, 'Cetăţele', 27),
(8373, 'Dăneşti', 27),
(8374, 'Negreia', 27),
(8375, 'Plopiş', 27),
(8376, 'Şurdeşti', 27),
(8377, 'Buciumi', 27),
(8378, 'Buteasa', 27),
(8379, 'Ciolt', 27),
(8380, 'Codru Butesii', 27),
(8381, 'Finteuşu Mare', 27),
(8382, 'Hovrila', 27),
(8383, 'Vălenii Şomcutei', 27),
(8384, 'Glod', 27),
(8385, 'Slătioara', 27),
(8386, 'Larga', 27),
(8387, 'Suciu de Jos', 27),
(8388, 'Boiereni', 27),
(8389, 'Borcut', 27),
(8390, 'Cufoaia', 27),
(8391, 'Dobricu Lăpuşului', 27),
(8392, 'Dumbrava', 27),
(8393, 'Dămăcuşeni', 27),
(8394, 'Fântânele', 27),
(8395, 'Groape', 27),
(8396, 'Inău', 27),
(8397, 'Rogoz', 27),
(8398, 'Rohia', 27),
(8399, 'Răzoare', 27),
(8400, 'Stoiceni', 27),
(8401, 'Bozânta Mare', 27),
(8402, 'Buşag', 27),
(8403, 'Băiţa', 27),
(8404, 'Merişor', 27),
(8405, 'Nistru', 27),
(8406, 'Ulmoasa', 27),
(8407, 'Arduzel', 27),
(8408, 'Chelinţa', 27),
(8409, 'Mânău', 27),
(8410, 'Someş-Uileac', 27),
(8411, 'Tohat', 27),
(8412, 'Vicea', 27),
(8413, 'Ţicău', 27),
(8414, 'Valea Stejarului', 27),
(8415, 'Curtuiuşu Mare', 27),
(8416, 'Duruşa', 27),
(8417, 'Fericea', 27),
(8418, 'Mesteacăn', 27),
(8419, 'Vărai', 27),
(8420, 'Aspra', 27),
(8421, 'Dealu Corbului', 27),
(8422, 'Jugăstreni', 27),
(8423, 'Peteritea', 27),
(8424, 'Sălniţa', 27),
(8425, 'Vima Mare', 27),
(8426, 'Vişeu de Mijloc', 27),
(8427, 'Baia de Aramă', 28),
(8428, 'Bala', 28),
(8429, 'Balta', 28),
(8430, 'Brezniţa-Motru', 28),
(8431, 'Brezniţa-Ocol', 28),
(8432, 'Broşteni', 28),
(8433, 'Burila Mare', 28),
(8434, 'Butoieşti', 28),
(8435, 'Bâcleş', 28),
(8436, 'Bâlvăneşti', 28),
(8437, 'Bălăciţa', 28),
(8438, 'Cireşu', 28),
(8439, 'Corcova', 28),
(8440, 'Corlăţel', 28),
(8441, 'Cujmir', 28),
(8442, 'Căzăneşti', 28),
(8443, 'Devesel', 28),
(8444, 'Drobeta-Turnu Severin', 28),
(8445, 'Dubova', 28),
(8446, 'Dârvari', 28),
(8447, 'Eşelniţa', 28),
(8448, 'Floreşti', 28),
(8449, 'Godeanu', 28),
(8450, 'Gogoşu', 28),
(8451, 'Greci', 28),
(8452, 'Grozeşti', 28),
(8453, 'Gruia', 28),
(8454, 'Gârla Mare', 28),
(8455, 'Hinova', 28),
(8456, 'Husnicioara', 28),
(8457, 'Iloviţa', 28),
(8458, 'Ilovăţ', 28),
(8459, 'Isverna', 28),
(8460, 'Izvoru Bârzii', 28),
(8461, 'Jiana', 28),
(8462, 'Livezile', 28),
(8463, 'Malovăţ', 28),
(8464, 'Obârşia de Câmp', 28),
(8465, 'Obârşia-Cloşani', 28),
(8466, 'Oprişor', 28),
(8467, 'Orşova', 28),
(8468, 'Podeni', 28),
(8469, 'Ponoarele', 28),
(8470, 'Poroina Mare', 28),
(8471, 'Pristol', 28),
(8472, 'Prunişor', 28),
(8473, 'Punghina', 28),
(8474, 'Pătulele', 28),
(8475, 'Rogova', 28),
(8476, 'Salcia', 28),
(8477, 'Strehaia', 28),
(8478, 'Stângăceaua', 28),
(8479, 'Sviniţa', 28),
(8480, 'Tâmna', 28),
(8481, 'Vlădaia', 28),
(8482, 'Voloiac', 28),
(8483, 'Vânju Mare', 28),
(8484, 'Vânjuleţ', 28),
(8485, 'Vânători', 28),
(8486, 'Şimian', 28),
(8487, 'Şişeşti', 28),
(8488, 'Şovarna', 28),
(8489, 'Corzu', 28),
(8490, 'Giura', 28),
(8491, 'Petra', 28),
(8492, 'Podu Grosului', 28),
(8493, 'Seliştiuţa', 28),
(8494, 'Smadoviţa', 28),
(8495, 'Bratilovu', 28),
(8496, 'Brebina', 28),
(8497, 'Dealu Mare', 28),
(8498, 'Mărăşeşti', 28),
(8499, 'Negoeşti', 28),
(8500, 'Pistriţa', 28),
(8501, 'Stăneşti', 28),
(8502, 'Titerleşti', 28),
(8503, 'Bala de Sus', 28),
(8504, 'Brateşul', 28),
(8505, 'Brativoeşti', 28),
(8506, 'Comăneşti', 28),
(8507, 'Crainici', 28),
(8508, 'Câmpu Mare', 28),
(8509, 'Cârşu', 28),
(8510, 'Dâlma', 28),
(8511, 'Iupca', 28),
(8512, 'Molani', 28),
(8513, 'Rudina', 28),
(8514, 'Runcuşoru', 28),
(8515, 'Sărdăneşti', 28),
(8516, 'Vidimireşti', 28),
(8517, 'Dobra', 28),
(8518, 'Gvardiniţa', 28),
(8519, 'Coada Cornetului', 28),
(8520, 'Costeşti', 28),
(8521, 'Gornoviţa', 28),
(8522, 'Nevăţu', 28),
(8523, 'Prejna', 28),
(8524, 'Sfodea', 28),
(8525, 'Bâlvăneştii de Jos', 28),
(8526, 'Călineştii de Jos', 28),
(8527, 'Călineştii de Sus', 28),
(8528, 'Pârlagele', 28),
(8529, 'Cosovăţ', 28),
(8530, 'Deleni', 28),
(8531, 'Făuroaia', 28),
(8532, 'Plai', 28),
(8533, 'Tălăpanu', 28),
(8534, 'Valea Teiului', 28),
(8535, 'Jidoştiţa', 28),
(8536, 'Magheru', 28),
(8537, 'Şuşiţa', 28),
(8538, 'Căpăţâneşti', 28),
(8539, 'Luncşoara', 28),
(8540, 'Lupşa de Jos', 28),
(8541, 'Lupşa de Sus', 28),
(8542, 'Meriş', 28),
(8543, 'Crivina', 28),
(8544, 'Izvoru Frumos', 28),
(8545, 'Vrancea', 28),
(8546, 'Ţigănaşi', 28),
(8547, 'Argineşti', 28),
(8548, 'Buiceşti', 28),
(8549, 'Gura Motrului', 28),
(8550, 'Jugastru', 28),
(8551, 'Pluta', 28),
(8552, 'Răduţeşti', 28),
(8553, 'Tânţaru', 28),
(8554, 'Ercea', 28),
(8555, 'Govodarva', 28),
(8556, 'Gârbovăţu de Sus', 28),
(8557, 'Ilovu', 28),
(8558, 'Jigniţa', 28),
(8559, 'Poiana', 28),
(8560, 'Păltinişu', 28),
(8561, 'Roşia', 28),
(8562, 'Severineşti', 28),
(8563, 'Suharu', 28),
(8564, 'Valea Coşuştei', 28),
(8565, 'Bunoaica', 28),
(8566, 'Jupâneşti', 28),
(8567, 'Negruşa', 28),
(8568, 'Breţa', 28),
(8569, 'Cernaia', 28),
(8570, 'Cordun', 28),
(8571, 'Croica', 28),
(8572, 'Gârbovăţu de Jos', 28),
(8573, 'Imoasa', 28),
(8574, 'Jirov', 28),
(8575, 'Măru Roşu', 28),
(8576, 'Puşcaşu', 28),
(8577, 'Pârvuleşti', 28),
(8578, 'Stejaru', 28),
(8579, 'Vlădăşeşti', 28),
(8580, 'Valea Anilor', 28),
(8581, 'Aurora', 28),
(8582, 'Cujmiru Mic', 28),
(8583, 'Gemeni', 28),
(8584, 'Batoţi', 28),
(8585, 'Bistreţu', 28),
(8586, 'Dunărea Mică', 28),
(8587, 'Scăpău', 28),
(8588, 'Tismana', 28),
(8589, 'Dudaşu Schelei', 28),
(8590, 'Gura Văii', 28),
(8591, 'Schela Cladovei', 28),
(8592, 'Baia Nouă', 28),
(8593, 'Eibenthal', 28),
(8594, 'Albuleşti', 28),
(8595, 'Brâgleasa', 28),
(8596, 'Dumbrava de Jos', 28),
(8597, 'Dumbrava de Mijloc', 28),
(8598, 'Dumbrava de Sus', 28),
(8599, 'Golineasa', 28),
(8600, 'Higiu', 28),
(8601, 'Rocşoreni', 28),
(8602, 'Valea Marcului', 28),
(8603, 'Varodia', 28),
(8604, 'Vlădica', 28),
(8605, 'Copăcioasa', 28),
(8606, 'Gârdoaia', 28),
(8607, 'Livezi', 28),
(8608, 'Moşneni', 28),
(8609, 'Peşteana', 28),
(8610, 'Peştenuţa', 28),
(8611, 'Stroeşti', 28),
(8612, 'Zegujani', 28),
(8613, 'Vrata', 28),
(8614, 'Marga', 28),
(8615, 'Păuneşti', 28),
(8616, 'Şiroca', 28),
(8617, 'Balta Verde', 28),
(8618, 'Burila Mică', 28),
(8619, 'Ostrovu Mare', 28),
(8620, 'Blidaru', 28),
(8621, 'Bâltanele', 28),
(8622, 'Sălătruc', 28),
(8623, 'Valea Petrii', 28),
(8624, 'Vişina', 28),
(8625, 'Cârceni', 28),
(8626, 'Păsărani', 28),
(8627, 'Şuşiţa', 28),
(8628, 'Izvoarele', 28),
(8629, 'Poiana Gruii', 28),
(8630, 'Bistriţa', 28),
(8631, 'Cârjei', 28),
(8632, 'Ostrovu Corbului', 28),
(8633, 'Alunişul', 28),
(8634, 'Borogea', 28),
(8635, 'Bădiţeşti', 28),
(8636, 'Celnata', 28),
(8637, 'Dumbrăviţa', 28),
(8638, 'Marmanu', 28),
(8639, 'Oprăneşti', 28),
(8640, 'Peri', 28),
(8641, 'Priboieşti', 28),
(8642, 'Selişteni', 28),
(8643, 'Budăneşti', 28),
(8644, 'Cracu Lung', 28),
(8645, 'Dâlbociţa', 28),
(8646, 'Firizu', 28),
(8647, 'Racova', 28),
(8648, 'Bahna', 28),
(8649, 'Moiseşti', 28),
(8650, 'Buseşti', 28),
(8651, 'Cerna-Vârf', 28),
(8652, 'Drăgheşti', 28),
(8653, 'Giurgiani', 28),
(8654, 'Nadanova', 28),
(8655, 'Seliştea', 28),
(8656, 'Turtaba', 28),
(8657, 'Baloteşti', 28),
(8658, 'Halânga', 28),
(8659, 'Puţinei', 28),
(8660, 'Răscoleşti', 28),
(8661, 'Schinteieşti', 28),
(8662, 'Schitu Topolniţei', 28),
(8663, 'Cioroboreni', 28),
(8664, 'Dănceu', 28),
(8665, 'Jiana Mare', 28),
(8666, 'Jiana Veche', 28),
(8667, 'Izvoru Aneştilor', 28),
(8668, 'Izvorălu de Jos', 28),
(8669, 'Petriş', 28),
(8670, 'Ştefan Odobleja', 28),
(8671, '23 August', 28),
(8672, 'Bobaiţa', 28),
(8673, 'Bârda', 28),
(8674, 'Colibaşi', 28),
(8675, 'Lazu', 28),
(8676, 'Negreşti', 28),
(8677, 'Izimşa', 28),
(8678, 'Godeanu', 28),
(8679, 'Prisăceaua', 28),
(8680, 'Biban', 28),
(8681, 'Iablaniţa', 28),
(8682, 'Olteanca', 28),
(8683, 'Pădina Mare', 28),
(8684, 'Pădina Mică', 28),
(8685, 'Slaşoma', 28),
(8686, 'Viaşu', 28),
(8687, 'Gornenţi', 28),
(8688, 'Mălărişca', 28),
(8689, 'Brânzeni', 28),
(8690, 'Buicani', 28),
(8691, 'Bârâiacu', 28),
(8692, 'Băluţa', 28),
(8693, 'Ceptureni', 28),
(8694, 'Cracu Muntelui', 28),
(8695, 'Delureni', 28),
(8696, 'Gheorgheşti', 28),
(8697, 'Gărdăneasa', 28),
(8698, 'Ludu', 28),
(8699, 'Proiteşti', 28),
(8700, 'Răiculeşti', 28),
(8701, 'Valea Ursului', 28),
(8702, 'Şipotu', 28),
(8703, 'Fântânile Negre', 28),
(8704, 'Stigniţa', 28),
(8705, 'Şipotu', 28),
(8706, 'Cozia', 28),
(8707, 'Arvăteşti', 28),
(8708, 'Balota', 28),
(8709, 'Bâltanele', 28),
(8710, 'Cerveniţa', 28),
(8711, 'Dragoteşti', 28),
(8712, 'Fântâna Domnească', 28),
(8713, 'Ghelmegioaia', 28),
(8714, 'Gutu', 28),
(8715, 'Gârniţa', 28),
(8716, 'Igiroasa', 28),
(8717, 'Lumnic', 28),
(8718, 'Mijarca', 28),
(8719, 'Prunaru', 28),
(8720, 'Zegaia', 28),
(8721, 'Cearângu', 28),
(8722, 'Drincea', 28),
(8723, 'Măgurele', 28),
(8724, 'Recea', 28),
(8725, 'Satu Nou', 28),
(8726, 'Poroiniţa', 28),
(8727, 'Cerneţi', 28),
(8728, 'Dedoviţa Nouă', 28),
(8729, 'Dedoviţa Veche', 28),
(8730, 'Dudaşu', 28),
(8731, 'Ergheviţa', 28),
(8732, 'Poroina', 28),
(8733, 'Valea Copcii', 28),
(8734, 'Ciovârnăşani', 28),
(8735, 'Cocorova', 28),
(8736, 'Crăgueşti', 28),
(8737, 'Cărămidaru', 28),
(8738, 'Noapteşa', 28),
(8739, 'Ohaba', 28),
(8740, 'Studina', 28),
(8741, 'Breznicioara', 28),
(8742, 'Bârlogeni', 28),
(8743, 'Cerânganul', 28),
(8744, 'Faţa Motrului', 28),
(8745, 'Poşta Veche', 28),
(8746, 'Satu Mare', 28),
(8747, 'Târsa', 28),
(8748, 'Ciochiuţa', 28),
(8749, 'Comanda', 28),
(8750, 'Hurduceşti', 28),
(8751, 'Lunca Banului', 28),
(8752, 'Menţi', 28),
(8753, 'Motruleni', 28),
(8754, 'Slătinicu Mare', 28),
(8755, 'Slătinicu Mic', 28),
(8756, 'Stănceşti', 28),
(8757, 'Adunaţii Teiului', 28),
(8758, 'Boceni', 28),
(8759, 'Colareţ', 28),
(8760, 'Cremenea', 28),
(8761, 'Faţa Cremenii', 28),
(8762, 'Izvorălu', 28),
(8763, 'Manu', 28),
(8764, 'Pavăţ', 28),
(8765, 'Plopi', 28),
(8766, 'Valea Ursului', 28),
(8767, 'Braniştea', 28),
(8768, 'Goanţa', 28),
(8769, 'Roşiori', 28),
(8770, 'Bucura', 28),
(8771, 'Nicolae Bălcescu', 28),
(8772, 'Oreviţa Mare', 28),
(8773, 'Traian', 28),
(8774, 'Hotărani', 28),
(8775, 'Almăjel', 28),
(8776, 'Scorila', 28),
(8777, 'Ştircoviţa', 28),
(8778, 'Cotoroaia', 28),
(8779, 'Lac', 28),
(8780, 'Ruptura', 28),
(8781, 'Sperleşti', 28),
(8782, 'Valea Bună', 28),
(8783, 'Voloicel', 28),
(8784, 'Ţiţirigi', 28),
(8785, 'Acăţari', 29),
(8786, 'Adămuş', 29),
(8787, 'Albeşti', 29),
(8788, 'Aluniş', 29),
(8789, 'Apold', 29),
(8790, 'Aţintiş', 29),
(8791, 'Bahnea', 29),
(8792, 'Band', 29),
(8793, 'Batoş', 29),
(8794, 'Beica de Jos', 29),
(8795, 'Bichiş', 29),
(8796, 'Bogata', 29),
(8797, 'Breaza', 29),
(8798, 'Brâncoveneşti', 29),
(8799, 'Băgaciu', 29),
(8800, 'Băla', 29),
(8801, 'Bălăuşeri', 29),
(8802, 'Ceuaşu de Câmpie', 29),
(8803, 'Cheţani', 29),
(8804, 'Chibed', 29),
(8805, 'Chiheru de Jos', 29),
(8806, 'Coroisânmărtin', 29),
(8807, 'Cozma', 29),
(8808, 'Cristeşti', 29),
(8809, 'Crăciuneşti', 29),
(8810, 'Crăieşti', 29),
(8811, 'Cucerdea', 29),
(8812, 'Cuci', 29),
(8813, 'Daneş', 29),
(8814, 'Deda', 29),
(8815, 'Eremitu', 29),
(8816, 'Ernei', 29),
(8817, 'Fântânele', 29),
(8818, 'Fărăgău', 29),
(8819, 'Gheorghe Doja', 29),
(8820, 'Ghindari', 29),
(8821, 'Glodeni', 29),
(8822, 'Gorneşti', 29),
(8823, 'Grebenişu de Câmpie', 29),
(8824, 'Gurghiu', 29),
(8825, 'Găleşti', 29),
(8826, 'Găneşti', 29),
(8827, 'Hodac', 29),
(8828, 'Hodoşa', 29),
(8829, 'Ibăneşti', 29),
(8830, 'Iclănzel', 29),
(8831, 'Ideciu de Jos', 29),
(8832, 'Iernut', 29),
(8833, 'Livezeni', 29),
(8834, 'Luduş', 29),
(8835, 'Lunca', 29),
(8836, 'Lunca Bradului', 29),
(8837, 'Mica', 29),
(8838, 'Miercurea Nirajului', 29),
(8839, 'Miheşu de Câmpie', 29),
(8840, 'Măgherani', 29),
(8841, 'Nadeş', 29),
(8842, 'Neaua', 29),
(8843, 'Ogra', 29),
(8844, 'Papiu Ilarian', 29),
(8845, 'Petelea', 29),
(8846, 'Pogăceaua', 29),
(8847, 'Pănet', 29),
(8848, 'Păsăreni', 29),
(8849, 'Reghin', 29),
(8850, 'Ruşii-Munţi', 29),
(8851, 'Răstoliţa', 29),
(8852, 'Sarmaşu', 29),
(8853, 'Saschiz', 29),
(8854, 'Sighişoara', 29),
(8855, 'Solovăstru', 29),
(8856, 'Sovata', 29),
(8857, 'Stânceni', 29),
(8858, 'Suplac', 29),
(8859, 'Suseni', 29),
(8860, 'Sâncraiu de Mureş', 29),
(8861, 'Sângeorgiu de Mureş', 29),
(8862, 'Sângeorgiu de Pădure', 29),
(8863, 'Sânger', 29),
(8864, 'Sânpaul', 29),
(8865, 'Sânpetru de Câmpie', 29),
(8866, 'Sântana de Mureş', 29),
(8867, 'Târgu Mureş', 29),
(8868, 'Târnăveni', 29),
(8869, 'Tăureni', 29),
(8870, 'Ungheni', 29),
(8871, 'Valea Largă', 29),
(8872, 'Veţca', 29),
(8873, 'Viişoara', 29),
(8874, 'Voivodeni', 29),
(8875, 'Vânători', 29),
(8876, 'Vărgata', 29),
(8877, 'Vătava', 29),
(8878, 'Zagăr', 29),
(8879, 'Zau de Câmpie', 29),
(8880, 'Şincai', 29),
(8881, 'Şăulia', 29),
(8882, 'Corbeşti', 29),
(8883, 'Gruişor', 29),
(8884, 'Găieşti', 29),
(8885, 'Murgeşti', 29),
(8886, 'Roteni', 29),
(8887, 'Stejeriş', 29),
(8888, 'Suveica', 29),
(8889, 'Vălenii', 29),
(8890, 'Chinciuş', 29),
(8891, 'Corneşti', 29),
(8892, 'Crăieşti', 29),
(8893, 'Dâmbău', 29),
(8894, 'Herepea', 29),
(8895, 'Boiu', 29),
(8896, 'Bârlibăşoaia', 29),
(8897, 'Jacu', 29),
(8898, 'Valea Albeştiului', 29),
(8899, 'Valea Dăii', 29),
(8900, 'Valea Şapartocului', 29),
(8901, 'Şapartoc', 29),
(8902, 'Ţopa', 29),
(8903, 'Fiţcău', 29),
(8904, 'Lunca Mureşului', 29),
(8905, 'Daia', 29),
(8906, 'Vulcan', 29),
(8907, 'Şaeş', 29),
(8908, 'Botez', 29),
(8909, 'Cecălaca', 29),
(8910, 'Iştihaza', 29),
(8911, 'Maldaoci', 29),
(8912, 'Sâniacob', 29),
(8913, 'Delenii', 29),
(8914, 'Bernadea', 29),
(8915, 'Cund', 29),
(8916, 'Daia', 29),
(8917, 'Gogan', 29),
(8918, 'Idiciu', 29),
(8919, 'Lepindea', 29),
(8920, 'Ercea', 29),
(8921, 'Agrişteu', 29),
(8922, 'Chendu', 29),
(8923, 'Dumitreni', 29),
(8924, 'Filitelnic', 29),
(8925, 'Senereuş', 29),
(8926, 'Drăculea Bandului', 29),
(8927, 'Fânaţe', 29),
(8928, 'Fânaţele Mădăraşului', 29),
(8929, 'Iştan-Tău', 29),
(8930, 'Mădăraş', 29),
(8931, 'Mărăşeşti', 29),
(8932, 'Negrenii de Câmpie', 29),
(8933, 'Oroiu', 29),
(8934, 'Petea', 29),
(8935, 'Valea Mare', 29),
(8936, 'Valea Rece', 29),
(8937, 'Ţiptelnic', 29),
(8938, 'Dedrad', 29),
(8939, 'Goreni', 29),
(8940, 'Uila', 29),
(8941, 'Beica de Sus', 29),
(8942, 'Căcuciu', 29),
(8943, 'Nadăşa', 29),
(8944, 'Sânmihai de Pădure', 29),
(8945, 'Şerbeni', 29),
(8946, 'Gâmbuţ', 29),
(8947, 'Nandra', 29),
(8948, 'Ozd', 29),
(8949, 'Ranta', 29),
(8950, 'Idicel', 29),
(8951, 'Idicel-Pădure', 29),
(8952, 'Săcalu de Pădure', 29),
(8953, 'Vălenii de Mureş', 29),
(8954, 'Filpişu Mare', 29),
(8955, 'Filpişu Mic', 29),
(8956, 'Bozed', 29),
(8957, 'Culpiu', 29),
(8958, 'Câmpeniţa', 29),
(8959, 'Herghelia', 29),
(8960, 'Porumbeni', 29),
(8961, 'Săbed', 29),
(8962, 'Voiniceni', 29),
(8963, 'Coasta Grindului', 29),
(8964, 'Cordoş', 29),
(8965, 'Giurgiş', 29),
(8966, 'Grindeni', 29),
(8967, 'Hădăreni', 29),
(8968, 'Linţ', 29),
(8969, 'Chiheru de Sus', 29),
(8970, 'Urisiu de Jos', 29),
(8971, 'Urisiu de Sus', 29),
(8972, 'Coroi', 29),
(8973, 'Odrihei', 29),
(8974, 'Şoimuş', 29),
(8975, 'Fânaţele Socolului', 29),
(8976, 'Socolu de Câmpie', 29),
(8977, 'Valea Sasului', 29),
(8978, 'Valea Ungurului', 29),
(8979, 'Budiu Mic', 29),
(8980, 'Cinta', 29),
(8981, 'Corneşti', 29),
(8982, 'Tirimioara', 29),
(8983, 'Lefaia', 29),
(8984, 'Milăşel', 29),
(8985, 'Nima Milăşelului', 29),
(8986, 'Vălureni', 29),
(8987, 'Ciba', 29),
(8988, 'Foi', 29),
(8989, 'Nicoleşti', 29),
(8990, 'Bord', 29),
(8991, 'Şeulia de Mureş', 29),
(8992, 'După Deal', 29),
(8993, 'Dătăşeni', 29),
(8994, 'Orosia', 29),
(8995, 'Petrilaca', 29),
(8996, 'Criş', 29),
(8997, 'Seleuş', 29),
(8998, 'Stejărenii', 29),
(8999, 'Bistra Mureşului', 29),
(9000, 'Filea', 29),
(9001, 'Pietriş', 29),
(9002, 'Câmpu Cetăţii', 29),
(9003, 'Călugăreni', 29),
(9004, 'Dămieni', 29),
(9005, 'Mătrici', 29),
(9006, 'Căluşeri', 29),
(9007, 'Dumbrăvioara', 29),
(9008, 'Icland', 29),
(9009, 'Sângeru de Pădure', 29),
(9010, 'Săcăreni', 29),
(9011, 'Bordoşiu', 29),
(9012, 'Cibu', 29),
(9013, 'Călimăneşti', 29),
(9014, 'Roua', 29),
(9015, 'Viforoasa', 29),
(9016, 'Fânaţe', 29),
(9017, 'Hodaia', 29),
(9018, 'Onuca', 29),
(9019, 'Poarta', 29),
(9020, 'Tonciu', 29),
(9021, 'Adrianu Mare', 29),
(9022, 'Adrianu Mic', 29),
(9023, 'Bedeni', 29),
(9024, 'Maiad', 29),
(9025, 'Troiţa', 29),
(9026, 'Păucişoara', 29),
(9027, 'Sub Pădure', 29),
(9028, 'Ilieni', 29),
(9029, 'Leordeni', 29),
(9030, 'Satu Nou', 29),
(9031, 'Tirimia', 29),
(9032, 'Abud', 29),
(9033, 'Ceie', 29),
(9034, 'Solocma', 29),
(9035, 'Trei Sate', 29),
(9036, 'Merişor', 29),
(9037, 'Moişa', 29),
(9038, 'Păcureni', 29),
(9039, 'Păingeni', 29),
(9040, 'Iara de Mureş', 29),
(9041, 'Ilioara', 29),
(9042, 'Mura Mare', 29),
(9043, 'Mura Mică', 29),
(9044, 'Periş', 29),
(9045, 'Petrilaca de Mureş', 29),
(9046, 'Pădureni', 29),
(9047, 'Teleac', 29),
(9048, 'Leorinţa', 29),
(9049, 'Valea Sânpetrului', 29),
(9050, 'Adrian', 29),
(9051, 'Caşva', 29),
(9052, 'Comori', 29),
(9053, 'Fundoaia', 29),
(9054, 'Glăjărie', 29),
(9055, 'Larga', 29),
(9056, 'Orşova', 29),
(9057, 'Orşova-Pădure', 29),
(9058, 'Păuloaia', 29),
(9059, 'Sânvăsii', 29),
(9060, 'Seuca', 29),
(9061, 'Arşiţa', 29),
(9062, 'Bicaşu', 29),
(9063, 'Dubiştea de Pădure', 29),
(9064, 'Mirigioaia', 29),
(9065, 'Toaca', 29),
(9066, 'Uricea', 29),
(9067, 'Ihod', 29),
(9068, 'Isla', 29),
(9069, 'Sâmbriaş', 29),
(9070, 'Blidireasa', 29),
(9071, 'Brădeţelu', 29),
(9072, 'Dulcea', 29),
(9073, 'Ibăneşti-Pădure', 29),
(9074, 'Lăpuşna', 29),
(9075, 'Pârâu Mare', 29),
(9076, 'Tireu', 29),
(9077, 'Tisieu', 29),
(9078, 'Zimţi', 29),
(9079, 'Chisăliţa', 29),
(9080, 'Căpuşu de Câmpie', 29),
(9081, 'După Deal', 29),
(9082, 'Fânaţe', 29),
(9083, 'Fânaţele Căpuşului', 29),
(9084, 'Ghidaşteu', 29),
(9085, 'Iclandu Mare', 29),
(9086, 'Mădărăşeni', 29),
(9087, 'Tăblăşeni', 29),
(9088, 'Valea Iclandului', 29),
(9089, 'Deleni', 29),
(9090, 'Ideciu de Sus', 29),
(9091, 'Cipău', 29),
(9092, 'Deag', 29),
(9093, 'Lechinţa', 29),
(9094, 'Oarba de Mureş', 29),
(9095, 'Porumbac', 29),
(9096, 'Racameţ', 29),
(9097, 'Sfântu Gheorghe', 29),
(9098, 'Sălcud', 29),
(9099, 'Bozeni', 29),
(9100, 'Corunca', 29),
(9101, 'Ivăneşti', 29),
(9102, 'Poieniţa', 29),
(9103, 'Sânişor', 29),
(9104, 'Avrămeşti', 29),
(9105, 'Cioarga', 29),
(9106, 'Ciurgău', 29),
(9107, 'Fundătura', 29),
(9108, 'Gheja', 29),
(9109, 'Roşiori', 29),
(9110, 'Băiţa', 29),
(9111, 'Frunzeni', 29),
(9112, 'Logig', 29),
(9113, 'Sântu', 29),
(9114, 'Neagra', 29);
INSERT INTO `dashboard_city` (`id`, `name`, `area_id`) VALUES
(9115, 'Sălard', 29),
(9116, 'Bereni', 29),
(9117, 'Bâra', 29),
(9118, 'Cându', 29),
(9119, 'Drojdii', 29),
(9120, 'Eremieni', 29),
(9121, 'Maia', 29),
(9122, 'Mărculeni', 29),
(9123, 'Torba', 29),
(9124, 'Şilea Nirajului', 29),
(9125, 'Abuş', 29),
(9126, 'Ceuaş', 29),
(9127, 'Căpâlna de Sus', 29),
(9128, 'Deaj', 29),
(9129, 'Hărănglab', 29),
(9130, 'Şomoştelnic', 29),
(9131, 'Beu', 29),
(9132, 'Dumitreştii', 29),
(9133, 'Lăureni', 29),
(9134, 'Moşuni', 29),
(9135, 'Tâmpa', 29),
(9136, 'Veţa', 29),
(9137, 'Şardu Nirajului', 29),
(9138, 'Bujor', 29),
(9139, 'Cirhagău', 29),
(9140, 'Groapa Rădăii', 29),
(9141, 'Mogoaia', 29),
(9142, 'Răzoare', 29),
(9143, 'Ştefanca', 29),
(9144, 'Şăuliţa', 29),
(9145, 'Măgheruş', 29),
(9146, 'Pipea', 29),
(9147, 'Ţigmandru', 29),
(9148, 'Ghineşti', 29),
(9149, 'Rigmani', 29),
(9150, 'Sânsimion', 29),
(9151, 'Vădaş', 29),
(9152, 'Dileu Vechi', 29),
(9153, 'Giuluş', 29),
(9154, 'Lăscud', 29),
(9155, 'Vaideiu', 29),
(9156, 'Berghia', 29),
(9157, 'Cuieşd', 29),
(9158, 'Hărţău', 29),
(9159, 'Sântioana de Mureş', 29),
(9160, 'Dobra', 29),
(9161, 'Merişoru', 29),
(9162, 'Ursoaia', 29),
(9163, 'Şandru', 29),
(9164, 'Bolintineni', 29),
(9165, 'Gălăţeni', 29),
(9166, 'Habic', 29),
(9167, 'Bologaia', 29),
(9168, 'Ciulea', 29),
(9169, 'Deleni', 29),
(9170, 'Fântâna Babii', 29),
(9171, 'Pârâu Crucii', 29),
(9172, 'Scurta', 29),
(9173, 'Sicele', 29),
(9174, 'Valea Sânpetrului', 29),
(9175, 'Văleni', 29),
(9176, 'Andreneasa', 29),
(9177, 'Borzia', 29),
(9178, 'Gălăoaia', 29),
(9179, 'Iod', 29),
(9180, 'Apalina', 29),
(9181, 'Iernuţeni', 29),
(9182, 'Coasta Mare', 29),
(9183, 'Cotorinău', 29),
(9184, 'Cureţe', 29),
(9185, 'Căciulata', 29),
(9186, 'Hagău', 29),
(9187, 'Leniş', 29),
(9188, 'Nima Râciului', 29),
(9189, 'Obârşie', 29),
(9190, 'Pârâu Crucii', 29),
(9191, 'Râciu', 29),
(9192, 'Sânmărtinu de Câmpie', 29),
(9193, 'Ulieş', 29),
(9194, 'Valea Seacă', 29),
(9195, 'Valea Sânmărtinului', 29),
(9196, 'Valea Ulieşului', 29),
(9197, 'Maioreşti', 29),
(9198, 'Morăreni', 29),
(9199, 'Sebeş', 29),
(9200, 'Nazna', 29),
(9201, 'Cotuş', 29),
(9202, 'Tofalău', 29),
(9203, 'Bezid', 29),
(9204, 'Bezidu Nou', 29),
(9205, 'Loţu', 29),
(9206, 'Bârza', 29),
(9207, 'Cipăieni', 29),
(9208, 'Dalu', 29),
(9209, 'Pripoare', 29),
(9210, 'Vălişoara', 29),
(9211, 'Zăpodea', 29),
(9212, 'Chirileu', 29),
(9213, 'Dileu Nou', 29),
(9214, 'Sânmărghita', 29),
(9215, 'Valea Izvoarelor', 29),
(9216, 'Bârlibaş', 29),
(9217, 'Dâmbu', 29),
(9218, 'Satu Nou', 29),
(9219, 'Sângeorgiu de Câmpie', 29),
(9220, 'Tuşinu', 29),
(9221, 'Bărdeşti', 29),
(9222, 'Chinari', 29),
(9223, 'Curteni', 29),
(9224, 'Balda', 29),
(9225, 'Larga', 29),
(9226, 'Moruţ', 29),
(9227, 'Sărmăşel', 29),
(9228, 'Sărmăşel-Gară', 29),
(9229, 'Titiana', 29),
(9230, 'Vişinelu', 29),
(9231, 'Cloaşterf', 29),
(9232, 'Mihai Viteazu', 29),
(9233, 'Leorinţa-Şăulia', 29),
(9234, 'Măcicăşeşti', 29),
(9235, 'Pădurea', 29),
(9236, 'Angofa', 29),
(9237, 'Aurel Vlaicu', 29),
(9238, 'Hetiur', 29),
(9239, 'Rora', 29),
(9240, 'Venchi', 29),
(9241, 'Viilor', 29),
(9242, 'Şoromiclea', 29),
(9243, 'Lechincioara', 29),
(9244, 'Pusta', 29),
(9245, 'Şincai-Fânaţe', 29),
(9246, 'Jabeniţa', 29),
(9247, 'Căpeţi', 29),
(9248, 'Ilieşi', 29),
(9249, 'Săcădat', 29),
(9250, 'Sărăţeni', 29),
(9251, 'Ciobotani', 29),
(9252, 'Meştera', 29),
(9253, 'Idrifaia', 29),
(9254, 'Laslău Mare', 29),
(9255, 'Laslău Mic', 29),
(9256, 'Vaidacuţa', 29),
(9257, 'Luieriu', 29),
(9258, 'Mureşeni', 29),
(9259, 'Remetea', 29),
(9260, 'Bobohalma', 29),
(9261, 'Botorca', 29),
(9262, 'Cuştelnic', 29),
(9263, 'Fânaţe', 29),
(9264, 'Moara de Jos', 29),
(9265, 'Cerghid', 29),
(9266, 'Cerghizel', 29),
(9267, 'Moreşti', 29),
(9268, 'Recea', 29),
(9269, 'Vidrasău', 29),
(9270, 'Şăuşa', 29),
(9271, 'Grădini', 29),
(9272, 'Mălăeşti', 29),
(9273, 'Poduri', 29),
(9274, 'Valea Frăţiei', 29),
(9275, 'Valea Glodului', 29),
(9276, 'Valea Pădurii', 29),
(9277, 'Valea Urieşului', 29),
(9278, 'Valea Şurii', 29),
(9279, 'Archita', 29),
(9280, 'Feleag', 29),
(9281, 'Mureni', 29),
(9282, 'Şoard', 29),
(9283, 'Grâuşorul', 29),
(9284, 'Mitreşti', 29),
(9285, 'Vadu', 29),
(9286, 'Valea', 29),
(9287, 'Dumbrava', 29),
(9288, 'Râpa de Jos', 29),
(9289, 'Jacodu', 29),
(9290, 'Sălaşuri', 29),
(9291, 'Ormeniş', 29),
(9292, 'Sântioana', 29),
(9293, 'Toldal', 29),
(9294, 'Seleuş', 29),
(9295, 'Botei', 29),
(9296, 'Bujor-Hodaie', 29),
(9297, 'Bărboşi', 29),
(9298, 'Ciretea', 29),
(9299, 'Gaura Sângerului', 29),
(9300, 'Malea', 29),
(9301, 'Tău', 29),
(9302, 'Ştefăneaca', 29),
(9303, 'Agapia', 30),
(9304, 'Bahna', 30),
(9305, 'Bicaz', 30),
(9306, 'Bicaz-Chei', 30),
(9307, 'Bicazu Ardelean', 30),
(9308, 'Bira', 30),
(9309, 'Bodeşti', 30),
(9310, 'Borca', 30),
(9311, 'Borleşti', 30),
(9312, 'Boteşti', 30),
(9313, 'Bozieni', 30),
(9314, 'Bârgauani', 30),
(9315, 'Bălţăteşti', 30),
(9316, 'Ceahlău', 30),
(9317, 'Cordun', 30),
(9318, 'Costişa', 30),
(9319, 'Crăcăoani', 30),
(9320, 'Cândesti', 30),
(9321, 'Dobreni', 30),
(9322, 'Dochia', 30),
(9323, 'Doljeşti', 30),
(9324, 'Dragomireşti', 30),
(9325, 'Dulceşti', 30),
(9326, 'Dumbrava Roşie', 30),
(9327, 'Dămuc', 30),
(9328, 'Farcaşa', 30),
(9329, 'Făurei', 30),
(9330, 'Gherăeşti', 30),
(9331, 'Ghindăoani', 30),
(9332, 'Girov', 30),
(9333, 'Grinţieş', 30),
(9334, 'Grumăzeşti', 30),
(9335, 'Gârcina', 30),
(9336, 'Hangu', 30),
(9337, 'Horia', 30),
(9338, 'Icuşeşti', 30),
(9339, 'Ion Creangă', 30),
(9340, 'Moldoveni', 30),
(9341, 'Mărgineni', 30),
(9342, 'Oniceni', 30),
(9343, 'Petricani', 30),
(9344, 'Piatra Şoimului', 30),
(9345, 'Pipirig', 30),
(9346, 'Podoleni', 30),
(9347, 'Poiana Teiului', 30),
(9348, 'Poienari', 30),
(9349, 'Pângaraţi', 30),
(9350, 'Păstrăveni', 30),
(9351, 'Rediu', 30),
(9352, 'Roman', 30),
(9353, 'Români', 30),
(9354, 'Roznov', 30),
(9355, 'Ruginoasa', 30),
(9356, 'Răuceşti', 30),
(9357, 'Războieni', 30),
(9358, 'Sagna', 30),
(9359, 'Secuieni', 30),
(9360, 'Stăniţa', 30),
(9361, 'Săbăoani', 30),
(9362, 'Săvineşti', 30),
(9363, 'Tarcău', 30),
(9364, 'Tazlău', 30),
(9365, 'Taşca', 30),
(9366, 'Timişeşti', 30),
(9367, 'Trifeşti', 30),
(9368, 'Tupilaţi', 30),
(9369, 'Târgu Neamţ', 30),
(9370, 'Tămăşeni', 30),
(9371, 'Urecheni', 30),
(9372, 'Valea Ursului', 30),
(9373, 'Vânători-Neamţ', 30),
(9374, 'Zăneşti', 30),
(9375, 'Ştefan cel Mare', 30),
(9376, 'Ţibucani', 30),
(9377, 'Filioara', 30),
(9378, 'Săcăluşeşti', 30),
(9379, 'Varatec', 30),
(9380, 'Agârcia', 30),
(9381, 'Bisericani', 30),
(9382, 'Bistriţa', 30),
(9383, 'Scăricica', 30),
(9384, 'Vaduri', 30),
(9385, 'Viişoara', 30),
(9386, 'Vădurele', 30),
(9387, 'Arămeşti', 30),
(9388, 'Broşteni', 30),
(9389, 'Băhnişoara', 30),
(9390, 'Izvoare', 30),
(9391, 'Liliac', 30),
(9392, 'Ţuţcanii din Deal', 30),
(9393, 'Ţuţcanii din Vale', 30),
(9394, 'Valea Arini', 30),
(9395, 'Valea Seacă', 30),
(9396, 'Bahna Mare', 30),
(9397, 'Baratca', 30),
(9398, 'Breaza', 30),
(9399, 'Bălăneşti', 30),
(9400, 'Certieni', 30),
(9401, 'Chilia', 30),
(9402, 'Dârloaia', 30),
(9403, 'Ghelăieşti', 30),
(9404, 'Homiceni', 30),
(9405, 'Hârtop', 30),
(9406, 'Talpa', 30),
(9407, 'Vlădiceni', 30),
(9408, 'Capşa', 30),
(9409, 'Dodeni', 30),
(9410, 'Izvoru Muntelui', 30),
(9411, 'Izvorul Alb', 30),
(9412, 'Potoci', 30),
(9413, 'Secu', 30),
(9414, 'Bârnadu', 30),
(9415, 'Gherman', 30),
(9416, 'Ivaneş', 30),
(9417, 'Telec', 30),
(9418, 'Ticoş', 30),
(9419, 'Boghicea', 30),
(9420, 'Căuşeni', 30),
(9421, 'Negreşti', 30),
(9422, 'Nistria', 30),
(9423, 'Rediu', 30),
(9424, 'Slobozia', 30),
(9425, 'Bodeştii de Jos', 30),
(9426, 'Corni', 30),
(9427, 'Oşlobeni', 30),
(9428, 'Lunca', 30),
(9429, 'Mădei', 30),
(9430, 'Pârâul Cârjei', 30),
(9431, 'Pârâul Pântei', 30),
(9432, 'Sabasa', 30),
(9433, 'Soci', 30),
(9434, 'Mastacăn', 30),
(9435, 'Nechit', 30),
(9436, 'Ruseni', 30),
(9437, 'Şovoaia', 30),
(9438, 'Barticeşti', 30),
(9439, 'David', 30),
(9440, 'Moreni', 30),
(9441, 'Munteni', 30),
(9442, 'Nisiporeşti', 30),
(9443, 'Văleni', 30),
(9444, 'Băneasa', 30),
(9445, 'Crăieşti', 30),
(9446, 'Cuci', 30),
(9447, 'Iucşa', 30),
(9448, 'Brusturi', 30),
(9449, 'Drăgăneşti', 30),
(9450, 'Groşi', 30),
(9451, 'Orţăşti', 30),
(9452, 'Poiana', 30),
(9453, 'Râşca', 30),
(9454, 'Târzia', 30),
(9455, 'Şoimăreşti', 30),
(9456, 'Bărcăneşti', 30),
(9457, 'Dragova', 30),
(9458, 'Pădureni', 30),
(9459, 'Vădurele', 30),
(9460, 'Ţârdenii Mici', 30),
(9461, 'Bistricioara', 30),
(9462, 'Pârâul Mare', 30),
(9463, 'Pildeşti', 30),
(9464, 'Simioneşti', 30),
(9465, 'Dorneşti', 30),
(9466, 'Frunzeni', 30),
(9467, 'Mănoaia', 30),
(9468, 'Cracăul Negru', 30),
(9469, 'Magazia', 30),
(9470, 'Mitocu Bălan', 30),
(9471, 'Poiana Crăcăoani', 30),
(9472, 'Huisurez', 30),
(9473, 'Trei Fântâni', 30),
(9474, 'Căşăria', 30),
(9475, 'Negreşti', 30),
(9476, 'Poiana', 30),
(9477, 'Sărata', 30),
(9478, 'Băluşeşti', 30),
(9479, 'Buhonca', 30),
(9480, 'Buruieneşti', 30),
(9481, 'Rotunda', 30),
(9482, 'Borniş', 30),
(9483, 'Hlăpeşti', 30),
(9484, 'Mastacăn', 30),
(9485, 'Unghi', 30),
(9486, 'Vad', 30),
(9487, 'Briţcani', 30),
(9488, 'Corhana', 30),
(9489, 'Cârlig', 30),
(9490, 'Poiana', 30),
(9491, 'Roşiori', 30),
(9492, 'Brăşăuţi', 30),
(9493, 'Cut', 30),
(9494, 'Izvoare', 30),
(9495, 'Buşmei', 30),
(9496, 'Frumosu', 30),
(9497, 'Popeşti', 30),
(9498, 'Stejaru', 30),
(9499, 'Budeşti', 30),
(9500, 'Climeşti', 30),
(9501, 'Micşuneşti', 30),
(9502, 'Almaş', 30),
(9503, 'Cuejdiu', 30),
(9504, 'Gherăeştii Noi', 30),
(9505, 'Teţcani', 30),
(9506, 'Boţeşti', 30),
(9507, 'Căciuleşti', 30),
(9508, 'Doina', 30),
(9509, 'Dăneşti', 30),
(9510, 'Gura Văii', 30),
(9511, 'Popeşti', 30),
(9512, 'Turtureşti', 30),
(9513, 'Verşeşti', 30),
(9514, 'Bradu', 30),
(9515, 'Poiana', 30),
(9516, 'Curechiştea', 30),
(9517, 'Netezi', 30),
(9518, 'Topoliţa', 30),
(9519, 'Buhalniţa', 30),
(9520, 'Chiriţeni', 30),
(9521, 'Grozăveşti', 30),
(9522, 'Rugineşti', 30),
(9523, 'Cotu Vameş', 30),
(9524, 'Băluşeşti', 30),
(9525, 'Bătrâneşti', 30),
(9526, 'Mesteacăn', 30),
(9527, 'Rocna', 30),
(9528, 'Spiridoneşti', 30),
(9529, 'Tabăra', 30),
(9530, 'Avereşti', 30),
(9531, 'Izvoru', 30),
(9532, 'Muncelu', 30),
(9533, 'Recea', 30),
(9534, 'Stejaru', 30),
(9535, 'Hoiseşti', 30),
(9536, 'Hârţeşti', 30),
(9537, 'Itrineşti', 30),
(9538, 'Hociungi', 30),
(9539, 'Ciornei', 30),
(9540, 'Gorun', 30),
(9541, 'Linseşti', 30),
(9542, 'Lunca', 30),
(9543, 'Mărmureni', 30),
(9544, 'Pietrosu', 30),
(9545, 'Poiana Humei', 30),
(9546, 'Pustieta', 30),
(9547, 'Solca', 30),
(9548, 'Valea Enei', 30),
(9549, 'Oanţu', 30),
(9550, 'Poiana', 30),
(9551, 'Preluca', 30),
(9552, 'Pângărăcior', 30),
(9553, 'Stejaru', 30),
(9554, 'Lunca Moldovei', 30),
(9555, 'Rădeni', 30),
(9556, 'Spieşti', 30),
(9557, 'Boiştea', 30),
(9558, 'Târpeşti', 30),
(9559, 'Ţolici', 30),
(9560, 'Ciritei', 30),
(9561, 'Doamna', 30),
(9562, 'Piatra-Neamţ', 30),
(9563, 'Văleni', 30),
(9564, 'Luminiş', 30),
(9565, 'Neguleşti', 30),
(9566, 'Poieni', 30),
(9567, 'Boboieşti', 30),
(9568, 'Dolheşti', 30),
(9569, 'Leghin', 30),
(9570, 'Pluton', 30),
(9571, 'Pâţâligeni', 30),
(9572, 'Stânca', 30),
(9573, 'Negriteşti', 30),
(9574, 'Călugăreni', 30),
(9575, 'Dreptu', 30),
(9576, 'Galu', 30),
(9577, 'Petru Vodă', 30),
(9578, 'Poiana Largului', 30),
(9579, 'Pârâul Fagului', 30),
(9580, 'Roşeni', 30),
(9581, 'Ruseni', 30),
(9582, 'Săvineşti', 30),
(9583, 'Topoliceni', 30),
(9584, 'Bunghi', 30),
(9585, 'Ciurea', 30),
(9586, 'Holm', 30),
(9587, 'Patricheni', 30),
(9588, 'Pânceşti', 30),
(9589, 'Săcăleni', 30),
(9590, 'Tălpălăi', 30),
(9591, 'Oglinzi', 30),
(9592, 'Săveşti', 30),
(9593, 'Ungheni', 30),
(9594, 'Borşeni', 30),
(9595, 'Războienii de Jos', 30),
(9596, 'Valea Albă', 30),
(9597, 'Valea Mare', 30),
(9598, 'Beţeşti', 30),
(9599, 'Poloboc', 30),
(9600, 'Socea', 30),
(9601, 'Goşmani', 30),
(9602, 'Siliştea', 30),
(9603, 'Chintinici', 30),
(9604, 'Slobozia', 30),
(9605, 'Bozienii de Sus', 30),
(9606, 'Traian', 30),
(9607, 'Gâdinţi', 30),
(9608, 'Luţca', 30),
(9609, 'Vulpăşeşti', 30),
(9610, 'Dumbrava Deal', 30),
(9611, 'Başta', 30),
(9612, 'Bogzeşti', 30),
(9613, 'Butnăreşti', 30),
(9614, 'Bârjoveni', 30),
(9615, 'Giuleşti', 30),
(9616, 'Prăjeşti', 30),
(9617, 'Secuienii Noi', 30),
(9618, 'Unceşti', 30),
(9619, 'Chicerea', 30),
(9620, 'Ghidion', 30),
(9621, 'Poienile Oancei', 30),
(9622, 'Todireni', 30),
(9623, 'Veja', 30),
(9624, 'Vlădnicele', 30),
(9625, 'Bordea', 30),
(9626, 'Cârligi', 30),
(9627, 'Deleni', 30),
(9628, 'Duşeşti', 30),
(9629, 'Ghigoieşti', 30),
(9630, 'Soci', 30),
(9631, 'Adjudeni', 30),
(9632, 'Ardeluţa', 30),
(9633, 'Brateş', 30),
(9634, 'Cazaci', 30),
(9635, 'Schitu Tarcău', 30),
(9636, 'Straja', 30),
(9637, 'Blebea', 30),
(9638, 'Humuleşti', 30),
(9639, 'Humuleştii Noi', 30),
(9640, 'Hamzoaia', 30),
(9641, 'Neagra', 30),
(9642, 'Ticoş-Floarea', 30),
(9643, 'Davideni', 30),
(9644, 'Ţibucanii de Jos', 30),
(9645, 'Dumbrava', 30),
(9646, 'Plăieşu', 30),
(9647, 'Preuteşti', 30),
(9648, 'Zvorăneşti', 30),
(9649, 'Miron Costin', 30),
(9650, 'Arămoaia', 30),
(9651, 'Hanul Ancuţei', 30),
(9652, 'Totoieşti', 30),
(9653, 'Ingăreşti', 30),
(9654, 'Plugari', 30),
(9655, 'Bucium', 30),
(9656, 'Chilii', 30),
(9657, 'Giurgeni', 30),
(9658, 'Muncelu de Jos', 30),
(9659, 'Lunca', 30),
(9660, 'Mânăstirea Neamţ', 30),
(9661, 'Nemţişor', 30),
(9662, 'Traian', 30),
(9663, 'Baldovineşti', 31),
(9664, 'Balş', 31),
(9665, 'Bobiceşti', 31),
(9666, 'Brastavăţu', 31),
(9667, 'Brebeni', 31),
(9668, 'Brâncoveni', 31),
(9669, 'Bucinişu', 31),
(9670, 'Bârza', 31),
(9671, 'Băbiciu', 31),
(9672, 'Caracal', 31),
(9673, 'Cezieni', 31),
(9674, 'Cilieni', 31),
(9675, 'Coloneşti', 31),
(9676, 'Corabia', 31),
(9677, 'Corbu', 31),
(9678, 'Coteana', 31),
(9679, 'Crâmpoia', 31),
(9680, 'Cungrea', 31),
(9681, 'Curtişoara', 31),
(9682, 'Cârlogani', 31),
(9683, 'Deveselu', 31),
(9684, 'Dobreţu', 31),
(9685, 'Dobrosloveni', 31),
(9686, 'Dobroteasa', 31),
(9687, 'Dobrun', 31),
(9688, 'Drăghiceni', 31),
(9689, 'Drăgăneşti-Olt', 31),
(9690, 'Dăneasa', 31),
(9691, 'Făgeţelu', 31),
(9692, 'Fălcoiu', 31),
(9693, 'Fărcaşele', 31),
(9694, 'Giuvărăşti', 31),
(9695, 'Gostavăţu', 31),
(9696, 'Grojdibodu', 31),
(9697, 'Grădinari', 31),
(9698, 'Gârcov', 31),
(9699, 'Găneasa', 31),
(9700, 'Ianca', 31),
(9701, 'Iancu Jianu', 31),
(9702, 'Icoana', 31),
(9703, 'Izbiceni', 31),
(9704, 'Izvoarele', 31),
(9705, 'Leleasca', 31),
(9706, 'Mihăeşti', 31),
(9707, 'Morunglav', 31),
(9708, 'Movileni', 31),
(9709, 'Mărunţei', 31),
(9710, 'Nicolae Titulescu', 31),
(9711, 'Oboga', 31),
(9712, 'Obârşia', 31),
(9713, 'Oporelu', 31),
(9714, 'Orlea', 31),
(9715, 'Osica de Sus', 31),
(9716, 'Perieţi', 31),
(9717, 'Piatra-Olt', 31),
(9718, 'Pleşoiu', 31),
(9719, 'Poboru', 31),
(9720, 'Potcoava', 31),
(9721, 'Priseaca', 31),
(9722, 'Radomireşti', 31),
(9723, 'Redea', 31),
(9724, 'Rotunda', 31),
(9725, 'Rusăneşti', 31),
(9726, 'Schitu', 31),
(9727, 'Scorniceşti', 31),
(9728, 'Scărişoara', 31),
(9729, 'Seaca', 31),
(9730, 'Slatina', 31),
(9731, 'Slătioara', 31),
(9732, 'Spineni', 31),
(9733, 'Sprâncenata', 31),
(9734, 'Stoeneşti', 31),
(9735, 'Stoicăneşti', 31),
(9736, 'Strejeşti', 31),
(9737, 'Studina', 31),
(9738, 'Sâmbureşti', 31),
(9739, 'Teslui', 31),
(9740, 'Tia Mare', 31),
(9741, 'Topana', 31),
(9742, 'Traian', 31),
(9743, 'Tufeni', 31),
(9744, 'Tătuleşti', 31),
(9745, 'Urzica', 31),
(9746, 'Valea Mare', 31),
(9747, 'Verguleasa', 31),
(9748, 'Vitomireşti', 31),
(9749, 'Vişina', 31),
(9750, 'Vlădila', 31),
(9751, 'Voineasa', 31),
(9752, 'Vulpeni', 31),
(9753, 'Vultureşti', 31),
(9754, 'Vâlcele', 31),
(9755, 'Vădastra', 31),
(9756, 'Vădăstriţa', 31),
(9757, 'Văleni', 31),
(9758, 'Şerbăneşti', 31),
(9759, 'Ştefan cel Mare', 31),
(9760, 'Broşteni', 31),
(9761, 'Băleasa', 31),
(9762, 'Dâmburile', 31),
(9763, 'Gubandru', 31),
(9764, 'Găvăneşti', 31),
(9765, 'Pietriş', 31),
(9766, 'Corbeni', 31),
(9767, 'Româna', 31),
(9768, 'Teiş', 31),
(9769, 'Boroeşti', 31),
(9770, 'Bărăştii de Cepturi', 31),
(9771, 'Bărăştii de Vede', 31),
(9772, 'Ciocăneşti', 31),
(9773, 'Lăzăreşti', 31),
(9774, 'Mereni', 31),
(9775, 'Moţoeşti', 31),
(9776, 'Popeşti', 31),
(9777, 'Braneţ', 31),
(9778, 'Bechet', 31),
(9779, 'Belgun', 31),
(9780, 'Chinteşti', 31),
(9781, 'Comăneşti', 31),
(9782, 'Govora', 31),
(9783, 'Leoteşti', 31),
(9784, 'Mirila', 31),
(9785, 'Mărgheni', 31),
(9786, 'Ociogi', 31),
(9787, 'Văleni', 31),
(9788, 'Cruşovu', 31),
(9789, 'Teiuşu', 31),
(9790, 'Bucinişu Mic', 31),
(9791, 'Beculeşti', 31),
(9792, 'Cepari', 31),
(9793, 'Scorbura', 31),
(9794, 'Stupina', 31),
(9795, 'Bondrea', 31),
(9796, 'Corlăteşti', 31),
(9797, 'Bărăşti', 31),
(9798, 'Bătăreni', 31),
(9799, 'Chelbeşti', 31),
(9800, 'Cârstani', 31),
(9801, 'Gueşti', 31),
(9802, 'Mărunţei', 31),
(9803, 'Năvârgeni', 31),
(9804, 'Vlaici', 31),
(9805, 'Tudor Vladimirescu', 31),
(9806, 'Vârtopu', 31),
(9807, 'Burduleşti', 31),
(9808, 'Buzeşti', 31),
(9809, 'Ciureşti', 31),
(9810, 'Milcoveni', 31),
(9811, 'Buta', 31),
(9812, 'Cepeşti', 31),
(9813, 'Ibăneşti', 31),
(9814, 'Mieşti', 31),
(9815, 'Oteştii de Jos', 31),
(9816, 'Oteştii de Sus', 31),
(9817, 'Spătaru', 31),
(9818, 'Dobrotinet', 31),
(9819, 'Linia din Vale', 31),
(9820, 'Pietrişu', 31),
(9821, 'Proaspeţi', 31),
(9822, 'Raiţiu', 31),
(9823, 'Berindei', 31),
(9824, 'Cioflanu', 31),
(9825, 'Pestra', 31),
(9826, 'Zănoaga', 31),
(9827, 'Comanca', 31),
(9828, 'Curtişoara', 31),
(9829, 'Horezu', 31),
(9830, 'Frăsinetu', 31),
(9831, 'Potopinu', 31),
(9832, 'Reşca', 31),
(9833, 'Reşcuţa', 31),
(9834, 'Batia', 31),
(9835, 'Câmpu Mare', 31),
(9836, 'Vulpeşti', 31),
(9837, 'Bobu', 31),
(9838, 'Chilii', 31),
(9839, 'Osica de Jos', 31),
(9840, 'Roşienii Mari', 31),
(9841, 'Roşienii Mici', 31),
(9842, 'Ulmet', 31),
(9843, 'Comani', 31),
(9844, 'Grozăveşti', 31),
(9845, 'Liiceni', 31),
(9846, 'Bâgeşti', 31),
(9847, 'Chilia', 31),
(9848, 'Gruiu', 31),
(9849, 'Isaci', 31),
(9850, 'Pielcani', 31),
(9851, 'Cioroiaşu', 31),
(9852, 'Cioroiu', 31),
(9853, 'Fărcaşu de Jos', 31),
(9854, 'Ghimpaţi', 31),
(9855, 'Hotărani', 31),
(9856, 'Dranovăţu', 31),
(9857, 'Grădiştea', 31),
(9858, 'Izvoru', 31),
(9859, 'Oltişoru', 31),
(9860, 'Ursa', 31),
(9861, 'Slăveni', 31),
(9862, 'Petculeşti', 31),
(9863, 'Runcu Mare', 31),
(9864, 'Satu Nou', 31),
(9865, 'Hotaru', 31),
(9866, 'Potelu', 31),
(9867, 'Dobriceni', 31),
(9868, 'Preoteşti', 31),
(9869, 'Floru', 31),
(9870, 'Ursoaia', 31),
(9871, 'Alimăneşti', 31),
(9872, 'Afumaţi', 31),
(9873, 'Greereşti', 31),
(9874, 'Mierliceşti', 31),
(9875, 'Toneşti', 31),
(9876, 'Tufaru', 31),
(9877, 'Urşi', 31),
(9878, 'Bălăneşti', 31),
(9879, 'Malu Roşu', 31),
(9880, 'Buşca', 31),
(9881, 'Ipoteşti', 31),
(9882, 'Milcovu din Deal', 31),
(9883, 'Milcovu din Vale', 31),
(9884, 'Stejaru', 31),
(9885, 'Ulmi', 31),
(9886, 'Bărăşti', 31),
(9887, 'Ghioşani', 31),
(9888, 'Moruneşti', 31),
(9889, 'Poiana Mare', 31),
(9890, 'Bacea', 31),
(9891, 'Ghimpeţeni', 31),
(9892, 'Ghimpeţenii Noi', 31),
(9893, 'Coteni', 31),
(9894, 'Câmpu Părului', 31),
(9895, 'Obârşia Nouă', 31),
(9896, 'Tabonu', 31),
(9897, 'Călui', 31),
(9898, 'Gura Căluiu', 31),
(9899, 'Beria de Jos', 31),
(9900, 'Beria de Sus', 31),
(9901, 'Rădeşti', 31),
(9902, 'Optaşi', 31),
(9903, 'Vităneşti', 31),
(9904, 'Gura Padinii', 31),
(9905, 'Orlea Nouă', 31),
(9906, 'Satu Nou', 31),
(9907, 'Greci', 31),
(9908, 'Ostrov', 31),
(9909, 'Peretu', 31),
(9910, 'Tomeni', 31),
(9911, 'Vlăduleni', 31),
(9912, 'Butoi', 31),
(9913, 'Olari', 31),
(9914, 'Pîrşcoveni', 31),
(9915, 'Şopârliţa', 31),
(9916, 'Bălteni', 31),
(9917, 'Mierleştii de Sus', 31),
(9918, 'Măgura', 31),
(9919, 'Bistriţa Nouă', 31),
(9920, 'Criva de Jos', 31),
(9921, 'Criva de Sus', 31),
(9922, 'Enoşeşti', 31),
(9923, 'Piatra', 31),
(9924, 'Arceşti', 31),
(9925, 'Arceşti Cot', 31),
(9926, 'Cocorăşti', 31),
(9927, 'Doba', 31),
(9928, 'Schitu din Deal', 31),
(9929, 'Schitu din Vale', 31),
(9930, 'Albeşti', 31),
(9931, 'Cornăţelu', 31),
(9932, 'Creţi', 31),
(9933, 'Seaca', 31),
(9934, 'Surpeni', 31),
(9935, 'Potcoava Fălcoeni', 31),
(9936, 'Sineşti', 31),
(9937, 'Trufineşti', 31),
(9938, 'Valea Merilor', 31),
(9939, 'Buiceşti', 31),
(9940, 'Săltăneşti', 31),
(9941, 'Crăciunei', 31),
(9942, 'Călineşti', 31),
(9943, 'Poiana', 31),
(9944, 'Redişoara', 31),
(9945, 'Valea Soarelui', 31),
(9946, 'Jieni', 31),
(9947, 'Cerbeni', 31),
(9948, 'Ioniceşti', 31),
(9949, 'Lăunele', 31),
(9950, 'Mănuleşti', 31),
(9951, 'Stănuleasa', 31),
(9952, 'Toneşti', 31),
(9953, 'Plăviceni', 31),
(9954, 'Rudari', 31),
(9955, 'Catanele', 31),
(9956, 'Greci', 31),
(9957, 'Lisa', 31),
(9958, 'Moşteni', 31),
(9959, 'Bircii', 31),
(9960, 'Bălţaţi', 31),
(9961, 'Chiţeasca', 31),
(9962, 'Constantineşti', 31),
(9963, 'Jitaru', 31),
(9964, 'Mihăileşti Popeşti', 31),
(9965, 'Mogoşeşti', 31),
(9966, 'Mărgineni Slobozia', 31),
(9967, 'Negreni', 31),
(9968, 'Piscani', 31),
(9969, 'Rusciori', 31),
(9970, 'Teiuş', 31),
(9971, 'Şuica', 31),
(9972, 'Strugurelu', 31),
(9973, 'Şerbăneştii de Sus', 31),
(9974, 'Cireaşov', 31),
(9975, 'Salcia', 31),
(9976, 'Alunişu', 31),
(9977, 'Cuza Vodă', 31),
(9978, 'Davideşti', 31),
(9979, 'Optăşani', 31),
(9980, 'Profa', 31),
(9981, 'Vineţi', 31),
(9982, 'Bârseştii de Sus', 31),
(9983, 'Frunzaru', 31),
(9984, 'Uria', 31),
(9985, 'Ianca Nouă', 31),
(9986, 'Colibaşi', 31),
(9987, 'Mamura', 31),
(9988, 'Strejeştii de Sus', 31),
(9989, 'Arvăteasca', 31),
(9990, 'Grădinile', 31),
(9991, 'Plăviceanca', 31),
(9992, 'Studiniţa', 31),
(9993, 'Bărbălăi', 31),
(9994, 'Lunca', 31),
(9995, 'Mirceşti', 31),
(9996, 'Momaiu', 31),
(9997, 'Măgura', 31),
(9998, 'Cherleştii Moşteni', 31),
(9999, 'Cherleştii din Deal', 31),
(10000, 'Comăniţa', 31),
(10001, 'Corbu', 31),
(10002, 'Deleni', 31),
(10003, 'Schitu Deleni', 31),
(10004, 'Doanca', 31),
(10005, 'Potlogeni', 31),
(10006, 'Ciorâca', 31),
(10007, 'Cojgărei', 31),
(10008, 'Cândeleşti', 31),
(10009, 'Ungureni', 31),
(10010, 'Barza', 31),
(10011, 'Stoborăşti', 31),
(10012, 'Stăvaru', 31),
(10013, 'Vişina Nouă', 31),
(10014, 'Bărcăneşti', 31),
(10015, 'Vâlcelele de Sus', 31),
(10016, 'Bârca', 31),
(10017, 'Recea', 31),
(10018, 'Turia', 31),
(10019, 'Zorleasca', 31),
(10020, 'Mandra', 31),
(10021, 'Popeşti', 31),
(10022, 'Tirişneag', 31),
(10023, 'Cucueţi', 31),
(10024, 'Căzăneşti', 31),
(10025, 'Dumitreşti', 31),
(10026, 'Poganu', 31),
(10027, 'Valea Fetei', 31),
(10028, 'Vâneşti', 31),
(10029, 'Bulimanu', 31),
(10030, 'Dejeşti', 31),
(10031, 'Doneşti', 31),
(10032, 'Stănuleasa', 31),
(10033, 'Trepteni', 31),
(10034, 'Frăsinet Gară', 31),
(10035, 'Vlădila Nouă', 31),
(10036, 'Blaj', 31),
(10037, 'Mărgăriteşti', 31),
(10038, 'Racoviţa', 31),
(10039, 'Rusăneştii de Sus', 31),
(10040, 'Cotorbeşti', 31),
(10041, 'Gropşani', 31),
(10042, 'Mardale', 31),
(10043, 'Pescăreşti', 31),
(10044, 'Plopşorelu', 31),
(10045, 'Prisaca', 31),
(10046, 'Simniceni', 31),
(10047, 'Tabaci', 31),
(10048, 'Valea Satului', 31),
(10049, 'Dienci', 31),
(10050, 'Valea lui Alb', 31),
(10051, 'Vlăngăreşti', 31),
(10052, 'Adunaţi', 32),
(10053, 'Albeşti-Paleologu', 32),
(10054, 'Aluniş', 32),
(10055, 'Apostolache', 32),
(10056, 'Ariceştii Rahtivani', 32),
(10057, 'Ariceştii Zeletin', 32),
(10058, 'Azuga', 32),
(10059, 'Baba Ana', 32),
(10060, 'Balta Doamnei', 32),
(10061, 'Berceni', 32),
(10062, 'Bertea', 32),
(10063, 'Blejoi', 32),
(10064, 'Boldeşti-Scăeni', 32),
(10065, 'Bucov', 32),
(10066, 'Buşteni', 32),
(10067, 'Băicoi', 32),
(10068, 'Bălţeşti', 32),
(10069, 'Băneşti', 32),
(10070, 'Bărcăneşti', 32),
(10071, 'Ceraşu', 32),
(10072, 'Chiojdeanca', 32),
(10073, 'Cocorăştii Mislii', 32),
(10074, 'Colceag', 32),
(10075, 'Comarnic', 32),
(10076, 'Câmpina', 32),
(10077, 'Călugăreni', 32),
(10078, 'Cărbuneşti', 32),
(10079, 'Drăgăneşti', 32),
(10080, 'Dumbrava', 32),
(10081, 'Dumbrăveşti', 32),
(10082, 'Filipeştii de Pădure', 32),
(10083, 'Filipeştii de Târg', 32),
(10084, 'Floreşti', 32),
(10085, 'Fântânele', 32),
(10086, 'Gherghiţa', 32),
(10087, 'Gorgota', 32),
(10088, 'Gornet', 32),
(10089, 'Gornet-Cricov', 32),
(10090, 'Gura Vadului', 32),
(10091, 'Gura Vitioarei', 32),
(10092, 'Iordăcheanu', 32),
(10093, 'Izvoarele', 32),
(10094, 'Jugureni', 32),
(10095, 'Lapoş', 32),
(10096, 'Lipăneşti', 32),
(10097, 'Mizil', 32),
(10098, 'Măgurele', 32),
(10099, 'Măgureni', 32),
(10100, 'Măneşti', 32),
(10101, 'Ploieşti', 32),
(10102, 'Plopeni', 32),
(10103, 'Plopu', 32),
(10104, 'Podenii Noi', 32),
(10105, 'Poiana Câmpina', 32),
(10106, 'Poienarii Burchii', 32),
(10107, 'Proviţa de Jos', 32),
(10108, 'Proviţa de Sus', 32),
(10109, 'Puchenii Mari', 32),
(10110, 'Păcureţi', 32),
(10111, 'Păuleşti', 32),
(10112, 'Râfov', 32),
(10113, 'Salcia', 32),
(10114, 'Scorţeni', 32),
(10115, 'Secăria', 32),
(10116, 'Sinaia', 32),
(10117, 'Slănic', 32),
(10118, 'Starchiojd', 32),
(10119, 'Surani', 32),
(10120, 'Sângeru', 32),
(10121, 'Sălciile', 32),
(10122, 'Talea', 32),
(10123, 'Teişani', 32),
(10124, 'Telega', 32),
(10125, 'Tinosu', 32),
(10126, 'Tomşani', 32),
(10127, 'Târgşoru Vechi', 32),
(10128, 'Tătaru', 32),
(10129, 'Urlaţi', 32),
(10130, 'Valea Călugărească', 32),
(10131, 'Vâlcăneşti', 32),
(10132, 'Vălenii de Munte', 32),
(10133, 'Vărbilău', 32),
(10134, 'Şirna', 32),
(10135, 'Şoimari', 32),
(10136, 'Şotrile', 32),
(10137, 'Ştefeşti', 32),
(10138, 'Ocina de Jos', 32),
(10139, 'Ocina de Sus', 32),
(10140, 'Albeşti-Muru', 32),
(10141, 'Cioceni', 32),
(10142, 'Vadu Părului', 32),
(10143, 'Ostrovu', 32),
(10144, 'Buzota', 32),
(10145, 'Mârlogea', 32),
(10146, 'Udreşti', 32),
(10147, 'Valea Cricovului', 32),
(10148, 'Buda', 32),
(10149, 'Nedelea', 32),
(10150, 'Stoeneşti', 32),
(10151, 'Târgşoru Nou', 32),
(10152, 'Albinari', 32),
(10153, 'Cireşanu', 32),
(10154, 'Conduratu', 32),
(10155, 'Crângurile', 32),
(10156, 'Satu Nou', 32),
(10157, 'Dâmbu', 32),
(10158, 'Lilieşti', 32),
(10159, 'Schela', 32),
(10160, 'Tufeni', 32),
(10161, 'Ţintea', 32),
(10162, 'Bâra', 32),
(10163, 'Curcubeu', 32),
(10164, 'Lacu Turcului', 32),
(10165, 'Izeşti', 32),
(10166, 'Podenii Vechi', 32),
(10167, 'Urleta', 32),
(10168, 'Ghighiu', 32),
(10169, 'Puşcaşi', 32),
(10170, 'Româneşti', 32),
(10171, 'Tătărani', 32),
(10172, 'Cartierul Dâmbu', 32),
(10173, 'Corlăteşti', 32),
(10174, 'Cătunu', 32),
(10175, 'Moara Nouă', 32),
(10176, 'Lutu Roşu', 32),
(10177, 'Ploieştiori', 32),
(10178, 'Ţânţăreni', 32),
(10179, 'Boldeşti', 32),
(10180, 'Gradiştea', 32),
(10181, 'Seciu', 32),
(10182, 'Brazii de Jos', 32),
(10183, 'Brazii de Sus', 32),
(10184, 'Băteşti', 32),
(10185, 'Negoieşti', 32),
(10186, 'Popeşti', 32),
(10187, 'Stejaru', 32),
(10188, 'Breaza de Jos', 32),
(10189, 'Breaza de Sus', 32),
(10190, 'Frăsinet', 32),
(10191, 'Gura Beliei', 32),
(10192, 'Irimeşti', 32),
(10193, 'Nistoreşti', 32),
(10194, 'Podu Corbului', 32),
(10195, 'Podu Vadului', 32),
(10196, 'Surdeşti', 32),
(10197, 'Valea Târsei', 32),
(10198, 'Brebu Megieşesc', 32),
(10199, 'Brebu Mânăstirei', 32),
(10200, 'Pietriceaua', 32),
(10201, 'Podu Cheii', 32),
(10202, 'Bighilin', 32),
(10203, 'Chiţorani', 32),
(10204, 'Pleaşa', 32),
(10205, 'Valea Orlei', 32),
(10206, 'Poiana Ţapului', 32),
(10207, 'Valea Scheilor', 32),
(10208, 'Gogeasca', 32),
(10209, 'Ceptura de Jos', 32),
(10210, 'Ceptura de Sus', 32),
(10211, 'Malu Roşu', 32),
(10212, 'Rotari', 32),
(10213, 'Şoimeşti', 32),
(10214, 'Slon', 32),
(10215, 'Valea Borului', 32),
(10216, 'Valea Brădetului', 32),
(10217, 'Valea Lespezii', 32),
(10218, 'Valea Tocii', 32),
(10219, 'Nucet', 32),
(10220, 'Trenu', 32),
(10221, 'Cioranii de Jos', 32),
(10222, 'Cioranii de Sus', 32),
(10223, 'Goruna', 32),
(10224, 'Ţipăreşti', 32),
(10225, 'Inoteşti', 32),
(10226, 'Parepa-Ruşani', 32),
(10227, 'Vâlcelele', 32),
(10228, 'Ghioşeşti', 32),
(10229, 'Podu Lung', 32),
(10230, 'Poiana', 32),
(10231, 'Posada', 32),
(10232, 'Cornu de Jos', 32),
(10233, 'Cornu de Sus', 32),
(10234, 'Valea Oprii', 32),
(10235, 'Cosmina de Jos', 32),
(10236, 'Cosmina de Sus', 32),
(10237, 'Drăghiceşti', 32),
(10238, 'Poiana Trestiei', 32),
(10239, 'Belciug', 32),
(10240, 'Bărăitaru', 32),
(10241, 'Cornu de Jos', 32),
(10242, 'Hătcărău', 32),
(10243, 'Meri', 32),
(10244, 'Tufani', 32),
(10245, 'Ciocrac', 32),
(10246, 'Cătunu', 32),
(10247, 'Drajna de Jos', 32),
(10248, 'Drajna de Sus', 32),
(10249, 'Făget', 32),
(10250, 'Ogretin', 32),
(10251, 'Piatra', 32),
(10252, 'Piţigoi', 32),
(10253, 'Plai', 32),
(10254, 'Podurile', 32),
(10255, 'Poiana Mierlei', 32),
(10256, 'Ciupelniţa', 32),
(10257, 'Cornu de Sus', 32),
(10258, 'Trestienii de Jos', 32),
(10259, 'Trestienii de Sus', 32),
(10260, 'Zănoaga', 32),
(10261, 'Găvănel', 32),
(10262, 'Mălăeştii de Jos', 32),
(10263, 'Mălăeştii de Sus', 32),
(10264, 'Plopeni', 32),
(10265, 'Sfârleanca', 32),
(10266, 'Bozieni', 32),
(10267, 'Ghinoaica', 32),
(10268, 'Ungureni', 32),
(10269, 'Vadu Săpat', 32),
(10270, 'Diţeşti', 32),
(10271, 'Minieri', 32),
(10272, 'Siliştea Dealului', 32),
(10273, 'Brătăşanca', 32),
(10274, 'Ezeni', 32),
(10275, 'Mărginenii de Jos', 32),
(10276, 'Ungureni', 32),
(10277, 'Cap Roşu', 32),
(10278, 'Călineşti', 32),
(10279, 'Cătina', 32),
(10280, 'Novăceşti', 32),
(10281, 'Fulga de Jos', 32),
(10282, 'Fulga de Sus', 32),
(10283, 'Fânari', 32),
(10284, 'Independenţa', 32),
(10285, 'Malamuc', 32),
(10286, 'Olari', 32),
(10287, 'Olarii Vechi', 32),
(10288, 'Ungureni', 32),
(10289, 'Crivina', 32),
(10290, 'Fânari', 32),
(10291, 'Poienarii Apostoli', 32),
(10292, 'Potigrafu', 32),
(10293, 'Bogdăneşti', 32),
(10294, 'Cuib', 32),
(10295, 'Nucet', 32),
(10296, 'Coşerele', 32),
(10297, 'Dobrota', 32),
(10298, 'Priseaca', 32),
(10299, 'Valea Seacă', 32),
(10300, 'Ţărculeşti', 32),
(10301, 'Perşunari', 32),
(10302, 'Tohani', 32),
(10303, 'Bughea de Jos', 32),
(10304, 'Fundeni', 32),
(10305, 'Făgetu', 32),
(10306, 'Poiana Copăceni', 32),
(10307, 'Moceşti', 32),
(10308, 'Plavia', 32),
(10309, 'Străoşti', 32),
(10310, 'Valea Cucului', 32),
(10311, 'Vărbila', 32),
(10312, 'Cerneşti', 32),
(10313, 'Chiriţeşti', 32),
(10314, 'Homorâciu', 32),
(10315, 'Malu Vânăt', 32),
(10316, 'Schiuleşti', 32),
(10317, 'Boboci', 32),
(10318, 'Marginea Pădurii', 32),
(10319, 'Valea Unghiului', 32),
(10320, 'Glod', 32),
(10321, 'Lăpoşel', 32),
(10322, 'Pietricica', 32),
(10323, 'Satu Nou', 32),
(10324, 'Zamfira', 32),
(10325, 'Şipotu', 32),
(10326, 'Coada Malului', 32),
(10327, 'Iazu', 32),
(10328, 'Cocorăştii Caplii', 32),
(10329, 'Lunca Prahovei', 32),
(10330, 'Cheia', 32),
(10331, 'Chiciureni', 32),
(10332, 'Costeni', 32),
(10333, 'Făcăieni', 32),
(10334, 'Gheaba', 32),
(10335, 'Mânăstirea Suzana', 32),
(10336, 'Măneciu-Pământeni', 32),
(10337, 'Măneciu-Ungureni', 32),
(10338, 'Plăieţu', 32),
(10339, 'Băltiţa', 32),
(10340, 'Cheşnoiu', 32),
(10341, 'Coada Izvorului', 32),
(10342, 'Cocorăştii Colţ', 32),
(10343, 'Cocorăştii Grind', 32),
(10344, 'Colţu de Jos', 32),
(10345, 'Ghioldum', 32),
(10346, 'Gura Crivăţului', 32),
(10347, 'Perşunari', 32),
(10348, 'Piatra', 32),
(10349, 'Satu de Sus', 32),
(10350, 'Zalhanaua', 32),
(10351, 'Fefelei', 32),
(10352, 'Bărzila', 32),
(10353, 'Curmătura', 32),
(10354, 'Matiţa', 32),
(10355, 'Slavu', 32),
(10356, 'Cocoşeşti', 32),
(10357, 'Găgeni', 32),
(10358, 'Păuleştii Noi', 32),
(10359, 'Gâlmeia', 32),
(10360, 'Hârşa', 32),
(10361, 'Nisipoasa', 32),
(10362, 'Ghiocel', 32),
(10363, 'Mehedinţa', 32),
(10364, 'Nevesteasca', 32),
(10365, 'Podu lui Galben', 32),
(10366, 'Popeşti', 32),
(10367, 'Rahova', 32),
(10368, 'Sfăcăru', 32),
(10369, 'Sălcioara', 32),
(10370, 'Valea Dulce', 32),
(10371, 'Bobolia', 32),
(10372, 'Pietrişu', 32),
(10373, 'Răgman', 32),
(10374, 'Cărbunari', 32),
(10375, 'Ologeni', 32),
(10376, 'Pioreşti', 32),
(10377, 'Podu Văleni', 32),
(10378, 'Poienarii Rali', 32),
(10379, 'Poienarii Vechi', 32),
(10380, 'Tătărăi', 32),
(10381, 'Bodeşti', 32),
(10382, 'Merdeala', 32),
(10383, 'Nucşoara de Jos', 32),
(10384, 'Nucşoara de Sus', 32),
(10385, 'Poseştii Ungureni', 32),
(10386, 'Poseştii-Pământeni', 32),
(10387, 'Târleşti', 32),
(10388, 'Valea Plopului', 32),
(10389, 'Valea Screzii', 32),
(10390, 'Valea Stupinii', 32),
(10391, 'Bobiceşti', 32),
(10392, 'Poienile', 32),
(10393, 'Predeal', 32),
(10394, 'Sărari', 32),
(10395, 'Sărăţel', 32),
(10396, 'Tulburea', 32),
(10397, 'Tulburea Văleni', 32),
(10398, 'Vitioara de Sus', 32),
(10399, 'Zâmbroaia', 32),
(10400, 'Drăgăneasa', 32),
(10401, 'Piatra', 32),
(10402, 'Izvoru', 32),
(10403, 'Plaiu', 32),
(10404, 'Valea Bradului', 32),
(10405, 'Miroslăveşti', 32),
(10406, 'Moara', 32),
(10407, 'Odăile', 32),
(10408, 'Pietroşani', 32),
(10409, 'Puchenii Mici', 32),
(10410, 'Puchenii Moşneni', 32),
(10411, 'Antofiloaia', 32),
(10412, 'Buchilaşi', 32),
(10413, 'Buda', 32),
(10414, 'Goga', 32),
(10415, 'Moara Domnească', 32),
(10416, 'Mălăieşti', 32),
(10417, 'Palanca', 32),
(10418, 'Sicrita', 32),
(10419, 'Butuci', 32),
(10420, 'Mireşu Mare', 32),
(10421, 'Mireşu Mic', 32),
(10422, 'Piatra Mică', 32),
(10423, 'Tisa', 32),
(10424, 'Bordenii Mari', 32),
(10425, 'Bordenii Mici', 32),
(10426, 'Mislea', 32),
(10427, 'Sârca', 32),
(10428, 'Brăteşti', 32),
(10429, 'Coceana', 32),
(10430, 'Hăbud', 32),
(10431, 'Tăriceni', 32),
(10432, 'Varniţa', 32),
(10433, 'Groşani', 32),
(10434, 'Prăjani', 32),
(10435, 'Lopatniţa', 32),
(10436, 'Măgura', 32),
(10437, 'Lunca Mare', 32),
(10438, 'Plaiu Cornului', 32),
(10439, 'Plaiu Câmpinei', 32),
(10440, 'Seciuri', 32),
(10441, 'Vistieru', 32),
(10442, 'Brădet', 32),
(10443, 'Bătrâni', 32),
(10444, 'Gresia', 32),
(10445, 'Poiana Mare', 32),
(10446, 'Rotarea', 32),
(10447, 'Valea Anei', 32),
(10448, 'Zmeuret', 32),
(10449, 'Scurteşti', 32),
(10450, 'Târşoreni', 32),
(10451, 'Păcuri', 32),
(10452, 'Plaiu', 32),
(10453, 'Strejnicu', 32),
(10454, 'Stănceşti', 32),
(10455, 'Zahanaua', 32),
(10456, 'Podgoria', 32),
(10457, 'Siliştea', 32),
(10458, 'Bugnea de Sus', 32),
(10459, 'Olteni', 32),
(10460, 'Valea Stâlpului', 32),
(10461, 'Ştubeiu', 32),
(10462, 'Boşilceşti', 32),
(10463, 'Buştenari', 32),
(10464, 'Doftana', 32),
(10465, 'Meliceşti', 32),
(10466, 'Ţonţeşti', 32),
(10467, 'Pisculeşti', 32),
(10468, 'Predeşti', 32),
(10469, 'Loloiasca', 32),
(10470, 'Magula', 32),
(10471, 'Sătucu', 32),
(10472, 'Arioneştii Noi', 32),
(10473, 'Arioneştii Vechi', 32),
(10474, 'Cherba', 32),
(10475, 'Jercălăi', 32),
(10476, 'Mărunţiş', 32),
(10477, 'Orzoaia de Jos', 32),
(10478, 'Orzoaia de Sus', 32),
(10479, 'Schiau', 32),
(10480, 'Ulmi', 32),
(10481, 'Valea Bobului', 32),
(10482, 'Valea Crângului', 32),
(10483, 'Valea Mieilor', 32),
(10484, 'Valea Nucetului', 32),
(10485, 'Valea Pietrei', 32),
(10486, 'Valea Seman', 32),
(10487, 'Valea Urloii', 32),
(10488, 'Cârjari', 32),
(10489, 'Trestioara', 32),
(10490, 'Arva', 32),
(10491, 'Coslegi', 32),
(10492, 'Dârvari', 32),
(10493, 'Pantazi', 32),
(10494, 'Rachieri', 32),
(10495, 'Radila', 32),
(10496, 'Schiau', 32),
(10497, 'Valea Largă', 32),
(10498, 'Valea Mantei', 32),
(10499, 'Valea Nicovani', 32),
(10500, 'Valea Poienii', 32),
(10501, 'Valea Popii', 32),
(10502, 'Valea Ursoii', 32),
(10503, 'Vârfurile', 32),
(10504, 'Teşila', 32),
(10505, 'Trăisteni', 32),
(10506, 'Coţofeneşti', 32),
(10507, 'Livadea', 32),
(10508, 'Podu Ursului', 32),
(10509, 'Poiana Vărbilău', 32),
(10510, 'Agrij', 33),
(10511, 'Almaşu', 33),
(10512, 'Benesat', 33),
(10513, 'Bobota', 33),
(10514, 'Bocşa', 33),
(10515, 'Buciumi', 33),
(10516, 'Băbeni', 33),
(10517, 'Bălan', 33),
(10518, 'Bănişor', 33),
(10519, 'Camăr', 33),
(10520, 'Carastelec', 33),
(10521, 'Cehu Silvaniei', 33),
(10522, 'Chieşd', 33),
(10523, 'Cizer', 33),
(10524, 'Coşeiu', 33),
(10525, 'Crasna', 33),
(10526, 'Creaca', 33),
(10527, 'Cristolţ', 33),
(10528, 'Crişeni', 33),
(10529, 'Cuzăplac', 33),
(10530, 'Dobrin', 33),
(10531, 'Dragu', 33),
(10532, 'Fildu de Jos', 33),
(10533, 'Gâlgău', 33),
(10534, 'Gârbou', 33),
(10535, 'Halmăşd', 33),
(10536, 'Hereclean', 33),
(10537, 'Hida', 33),
(10538, 'Horoatu Crasnei', 33),
(10539, 'Ileanda', 33),
(10540, 'Ip', 33),
(10541, 'Jibou', 33),
(10542, 'Letca', 33),
(10543, 'Lozna', 33),
(10544, 'Marca', 33),
(10545, 'Meseşenii de Jos', 33),
(10546, 'Mirşid', 33),
(10547, 'Măerişte', 33),
(10548, 'Nuşfalău', 33),
(10549, 'Năpradea', 33),
(10550, 'Pericei', 33),
(10551, 'Plopiş', 33),
(10552, 'Poiana Blenchii', 33),
(10553, 'Românaşi', 33),
(10554, 'Rus', 33),
(10555, 'Someş-Odorhei', 33),
(10556, 'Surduc', 33),
(10557, 'Sâg', 33),
(10558, 'Sânmihaiu Almaşului', 33),
(10559, 'Sălăţig', 33),
(10560, 'Treznea', 33),
(10561, 'Valcău de Jos', 33),
(10562, 'Vârşolţ', 33),
(10563, 'Zalha', 33),
(10564, 'Zalău', 33),
(10565, 'Zimbor', 33),
(10566, 'Şamşud', 33),
(10567, 'Şimişna', 33),
(10568, 'Şimleu Silvaniei', 33),
(10569, 'Şărmăşag', 33),
(10570, 'Răstolţu Deşert', 33),
(10571, 'Băbiu', 33),
(10572, 'Cutiş', 33),
(10573, 'Jebucu', 33),
(10574, 'Mesteacănu', 33),
(10575, 'Petrinzel', 33),
(10576, 'Sfăraş', 33),
(10577, 'Stana', 33),
(10578, 'Ţăudu', 33),
(10579, 'Ciocmani', 33),
(10580, 'Cliţ', 33),
(10581, 'Piroşa', 33),
(10582, 'Poieniţa', 33),
(10583, 'Chechiş', 33),
(10584, 'Chendrea', 33),
(10585, 'Gâlgău Almaşului', 33),
(10586, 'Gălpâia', 33),
(10587, 'Ban', 33),
(10588, 'Peceiu', 33),
(10589, 'Aluniş', 33),
(10590, 'Biuşa', 33),
(10591, 'Derşida', 33),
(10592, 'Zalnoc', 33),
(10593, 'Borla', 33),
(10594, 'Câmpia', 33),
(10595, 'Sălăjeni', 33),
(10596, 'Bodia', 33),
(10597, 'Bogdana', 33),
(10598, 'Huta', 33),
(10599, 'Răstolţ', 33),
(10600, 'Sângeorgiu de Meseş', 33),
(10601, 'Pădureni', 33),
(10602, 'Dumuslău', 33),
(10603, 'Horoatu Cehului', 33),
(10604, 'Motiş', 33),
(10605, 'Nadiş', 33),
(10606, 'Ulciug', 33),
(10607, 'Colonia Sighetu Silvaniei', 33),
(10608, 'Sighetu Silvaniei', 33),
(10609, 'Plesca', 33),
(10610, 'Pria', 33),
(10611, 'Archid', 33),
(10612, 'Chilioara', 33),
(10613, 'Huseni', 33),
(10614, 'Marin', 33),
(10615, 'Ratin', 33),
(10616, 'Borza', 33),
(10617, 'Brebi', 33),
(10618, 'Brusturi', 33),
(10619, 'Ciglean', 33),
(10620, 'Jac', 33),
(10621, 'Lupoaia', 33),
(10622, 'Prodăneşti', 33),
(10623, 'Viile Jacului', 33),
(10624, 'Cristur Crişeni', 33),
(10625, 'Gârceiu', 33),
(10626, 'Muncel', 33),
(10627, 'Poiana Onţii', 33),
(10628, 'Văleni', 33),
(10629, 'Cubleşu', 33),
(10630, 'Gălăşeni', 33),
(10631, 'Mierţa', 33),
(10632, 'Petrindu', 33),
(10633, 'Ruginoasa', 33),
(10634, 'Stoboru', 33),
(10635, 'Tămasa', 33),
(10636, 'Deleni', 33),
(10637, 'Doba', 33),
(10638, 'Naimon', 33),
(10639, 'Sâncraiu Silvaniei', 33),
(10640, 'Verveghiu', 33),
(10641, 'Adalin', 33),
(10642, 'Fântânele', 33),
(10643, 'Ugruţiu', 33),
(10644, 'Voivodeni', 33),
(10645, 'Fildu de Mijloc', 33),
(10646, 'Fildu de Sus', 33),
(10647, 'Tetişu', 33),
(10648, 'Bârsău Mare', 33),
(10649, 'Chizeni', 33),
(10650, 'Căpâlna', 33),
(10651, 'Dobrocina', 33),
(10652, 'Fodora', 33),
(10653, 'Frâncenii de Piatră', 33),
(10654, 'Glod', 33),
(10655, 'Gura Vlădesei', 33),
(10656, 'Bezded', 33),
(10657, 'Cernuc', 33),
(10658, 'Călacea', 33),
(10659, 'Fabrica', 33),
(10660, 'Popteleac', 33),
(10661, 'Solomon', 33),
(10662, 'Aleuş', 33),
(10663, 'Cerişa', 33),
(10664, 'Drighiu', 33),
(10665, 'Fufez', 33),
(10666, 'Badon', 33),
(10667, 'Bocşiţa', 33),
(10668, 'Dioşod', 33),
(10669, 'Guruslău', 33),
(10670, 'Panic', 33),
(10671, 'Baica', 33),
(10672, 'Miluani', 33),
(10673, 'Păduriş', 33),
(10674, 'Racâş', 33),
(10675, 'Stupini', 33),
(10676, 'Sânpetru Almaşului', 33),
(10677, 'Trestia', 33),
(10678, 'Hurez', 33),
(10679, 'Stârciu', 33),
(10680, 'Şeredeiu', 33),
(10681, 'Bizuşa Băi', 33),
(10682, 'Bârsăuţa', 33),
(10683, 'Dolheni', 33),
(10684, 'Dăbâceni', 33),
(10685, 'Luminişu', 33),
(10686, 'Măleni', 33),
(10687, 'Negreni', 33),
(10688, 'Perii Vadului', 33),
(10689, 'Podişu', 33),
(10690, 'Rogna', 33),
(10691, 'Răstoci', 33),
(10692, 'Şasa', 33),
(10693, 'Cosniciu de Jos', 33),
(10694, 'Cosniciu de Sus', 33),
(10695, 'Zăuan', 33),
(10696, 'Zăuan Băi', 33),
(10697, 'Cuceu', 33),
(10698, 'Husia', 33),
(10699, 'Rona', 33),
(10700, 'Var', 33),
(10701, 'Ciula', 33),
(10702, 'Cozla', 33),
(10703, 'Cuciulat', 33),
(10704, 'Lemniu', 33),
(10705, 'Purcăreţ', 33),
(10706, 'Topliţa', 33),
(10707, 'Vălişoara', 33),
(10708, 'Şoimuşeni', 33),
(10709, 'Cormeniş', 33),
(10710, 'Preluci', 33),
(10711, 'Valea Leşului', 33),
(10712, 'Valea Loznei', 33),
(10713, 'Criştelec', 33),
(10714, 'Doh', 33),
(10715, 'Giurtelecu Şimleului', 33),
(10716, 'Mălădia', 33),
(10717, 'Uileacu Şimleului', 33),
(10718, 'Leşmir', 33),
(10719, 'Marca Huta', 33),
(10720, 'Porţ', 33),
(10721, 'Şumal', 33),
(10722, 'Aghireş', 33),
(10723, 'Fetindia', 33),
(10724, 'Meseşenii de Sus', 33),
(10725, 'Firminiş', 33),
(10726, 'Moigrad-Porolissum', 33),
(10727, 'Popeni', 33),
(10728, 'Cheud', 33),
(10729, 'Someş Guruslău', 33),
(10730, 'Traniş', 33),
(10731, 'Vădurele', 33),
(10732, 'Bilghez', 33),
(10733, 'Boghiş', 33),
(10734, 'Bozieş', 33),
(10735, 'Bădăcin', 33),
(10736, 'Periceiu Mic', 33),
(10737, 'Sici', 33),
(10738, 'Făgetu', 33),
(10739, 'Iaz', 33),
(10740, 'Fălcuşa', 33),
(10741, 'Gostila', 33),
(10742, 'Măgura', 33),
(10743, 'Chichişa', 33),
(10744, 'Ciumărna', 33),
(10745, 'Poarta Sălajului', 33),
(10746, 'Păuşa', 33),
(10747, 'Romita', 33),
(10748, 'Buzaş', 33),
(10749, 'Fântânele Rus', 33),
(10750, 'Fizeş', 33),
(10751, 'Mal', 33),
(10752, 'Sârbi', 33),
(10753, 'Tusa', 33),
(10754, 'Bulgari', 33),
(10755, 'Deja', 33),
(10756, 'Mineu', 33),
(10757, 'Noţig', 33),
(10758, 'Valea Pomilor', 33),
(10759, 'Bercea', 33),
(10760, 'Sântă Măria', 33),
(10761, 'Ilişua', 33),
(10762, 'Lompirt', 33),
(10763, 'Moiad', 33),
(10764, 'Poiana Măgura', 33),
(10765, 'Ţărmure', 33),
(10766, 'Hăşmaş', 33),
(10767, 'Bic', 33),
(10768, 'Cehei', 33),
(10769, 'Pusta', 33),
(10770, 'Bârsa', 33),
(10771, 'Domnin', 33),
(10772, 'Inău', 33),
(10773, 'Şoimuş', 33),
(10774, 'Brâglez', 33),
(10775, 'Cristolţel', 33),
(10776, 'Solona', 33),
(10777, 'Teştioara', 33),
(10778, 'Tihău', 33),
(10779, 'Turbuţa', 33),
(10780, 'Bozna', 33),
(10781, 'Lazuri', 33),
(10782, 'Preoteasa', 33),
(10783, 'Ratovei', 33),
(10784, 'Sub Cetate', 33),
(10785, 'Valcău de Sus', 33),
(10786, 'Recea', 33),
(10787, 'Recea Mică', 33),
(10788, 'Stâna', 33),
(10789, 'Ceaca', 33),
(10790, 'Ciureni', 33),
(10791, 'Valea Ciurenilor', 33),
(10792, 'Valea Hranei', 33),
(10793, 'Valea Lungă', 33),
(10794, 'Vârteşca', 33),
(10795, 'Chendremal', 33),
(10796, 'Dolu', 33),
(10797, 'Sutoru', 33),
(10798, 'Sâncraiu Almaşului', 33),
(10799, 'Andrid', 34),
(10800, 'Apa', 34),
(10801, 'Ardud', 34),
(10802, 'Beltiug', 34),
(10803, 'Berveni', 34),
(10804, 'Bixad', 34),
(10805, 'Bogdand', 34),
(10806, 'Botiz', 34),
(10807, 'Bătarci', 34),
(10808, 'Carei', 34),
(10809, 'Cehal', 34),
(10810, 'Certeze', 34),
(10811, 'Craidorolţ', 34),
(10812, 'Crucişor', 34),
(10813, 'Călineşti-Oaş', 34),
(10814, 'Cămin', 34),
(10815, 'Cămărzana', 34),
(10816, 'Căpleni', 34),
(10817, 'Căuaş', 34),
(10818, 'Doba', 34),
(10819, 'Dorolţ', 34),
(10820, 'Foieni', 34),
(10821, 'Gherţa Mică', 34),
(10822, 'Halmeu', 34),
(10823, 'Hodod', 34),
(10824, 'Lazuri', 34),
(10825, 'Livada', 34),
(10826, 'Medieşu Aurit', 34),
(10827, 'Micula', 34),
(10828, 'Negreşti-Oaş', 34),
(10829, 'Odoreu', 34),
(10830, 'Oraşu Nou', 34),
(10831, 'Petreşti', 34),
(10832, 'Pir', 34),
(10833, 'Pişcolt', 34),
(10834, 'Pomi', 34),
(10835, 'Păuleşti', 34),
(10836, 'Sanislău', 34),
(10837, 'Santău', 34),
(10838, 'Satu Mare', 34),
(10839, 'Socond', 34),
(10840, 'Săcăşeni', 34),
(10841, 'Săuca', 34),
(10842, 'Tarna Mare', 34),
(10843, 'Terebeşti', 34),
(10844, 'Tiream', 34),
(10845, 'Turulung', 34),
(10846, 'Turţ', 34),
(10847, 'Târşolţ', 34),
(10848, 'Tăşnad', 34),
(10849, 'Urziceni', 34),
(10850, 'Valea Vinului', 34),
(10851, 'Vama', 34),
(10852, 'Vetiş', 34),
(10853, 'Viile Satu Mare', 34),
(10854, 'Acâş', 34),
(10855, 'Ganaş', 34),
(10856, 'Mihăieni', 34),
(10857, 'Unimăt', 34),
(10858, 'Dindeşti', 34),
(10859, 'Irina', 34),
(10860, 'Lunca Apei', 34),
(10861, 'Someşeni', 34),
(10862, 'Ardud-Vii', 34),
(10863, 'Baba Novac', 34),
(10864, 'Gerăuşa', 34),
(10865, 'Mădăras', 34),
(10866, 'Sărătura', 34),
(10867, 'Bârsău de Jos', 34),
(10868, 'Bârsău de Sus', 34),
(10869, 'Comlăuşa', 34),
(10870, 'Tămăşeni', 34),
(10871, 'Şirlău', 34),
(10872, 'Bolda', 34),
(10873, 'Ghirişa', 34),
(10874, 'Giungi', 34),
(10875, 'Răteşti', 34),
(10876, 'Şandra', 34),
(10877, 'Lucăceni', 34),
(10878, 'Boineşti', 34),
(10879, 'Trip', 34),
(10880, 'Babţa', 34),
(10881, 'Corund', 34),
(10882, 'Ser', 34),
(10883, 'Agriş', 34),
(10884, 'Ciuperceni', 34),
(10885, 'Coca', 34),
(10886, 'Lechinţa', 34),
(10887, 'Păşunea Mare', 34),
(10888, 'Ianculeşti', 34),
(10889, 'Ady Endre', 34),
(10890, 'Ghenci', 34),
(10891, 'Ghileşti', 34),
(10892, 'Hotoan', 34),
(10893, 'Răduleşti', 34),
(10894, 'Cehăluţ', 34),
(10895, 'Orbău', 34),
(10896, 'Huta Certeze', 34),
(10897, 'Moişeni', 34),
(10898, 'Crişeni', 34),
(10899, 'Eriu Sâncrai', 34),
(10900, 'Satu Mic', 34),
(10901, 'Ţeghea', 34),
(10902, 'Iegherişte', 34),
(10903, 'Poiana Codrului', 34),
(10904, 'Apateu', 34),
(10905, 'Corod', 34),
(10906, 'Culciu Mare', 34),
(10907, 'Culciu Mic', 34),
(10908, 'Cărăşeu', 34),
(10909, 'Lipău', 34),
(10910, 'Boghiş', 34),
(10911, 'Dacia', 34),
(10912, 'Paulian', 34),
(10913, 'Traian', 34),
(10914, 'Atea', 34),
(10915, 'Dara', 34),
(10916, 'Petea', 34),
(10917, 'Băbeşti', 34),
(10918, 'Cidreag', 34),
(10919, 'Dobolţ', 34),
(10920, 'Halmeu Vii', 34),
(10921, 'Mesteacăn', 34),
(10922, 'Porumbeşti', 34),
(10923, 'Giurtelecu Hododului', 34),
(10924, 'Lelei', 34),
(10925, 'Nadişu Hododului', 34),
(10926, 'Chilia', 34),
(10927, 'Homorodu de Jos', 34),
(10928, 'Homorodu de Mijloc', 34),
(10929, 'Homorodu de Sus', 34),
(10930, 'Necopoi', 34),
(10931, 'Solduba', 34),
(10932, 'Bercu', 34),
(10933, 'Nisipeni', 34),
(10934, 'Noroieni', 34),
(10935, 'Peleş', 34),
(10936, 'Pelişor', 34),
(10937, 'Adrian', 34),
(10938, 'Dumbrava', 34),
(10939, 'Livada Mică', 34),
(10940, 'Băbăşeşti', 34),
(10941, 'Iojib', 34),
(10942, 'Medieş Râturi', 34),
(10943, 'Medieş Vii', 34),
(10944, 'Potău', 34),
(10945, 'Româneşti', 34),
(10946, 'Bercu Nou', 34),
(10947, 'Micula Nouă', 34),
(10948, 'Domăneşti', 34),
(10949, 'Ghilvaci', 34),
(10950, 'Ghirolt', 34),
(10951, 'Istrău', 34),
(10952, 'Moftinu Mare', 34),
(10953, 'Moftinu Mic', 34),
(10954, 'Sânmiclăuş', 34),
(10955, 'Luna', 34),
(10956, 'Tur', 34),
(10957, 'Berindan', 34),
(10958, 'Cucu', 34),
(10959, 'Eteni', 34),
(10960, 'Mărtineşti', 34),
(10961, 'Vânătoreşti', 34),
(10962, 'Oraşu Nou-Vii', 34),
(10963, 'Prilog', 34),
(10964, 'Prilog Vii', 34),
(10965, 'Racşa', 34),
(10966, 'Racşa Vii', 34),
(10967, 'Remetea Oaşului', 34),
(10968, 'Amaţi', 34),
(10969, 'Ambud', 34),
(10970, 'Hrip', 34),
(10971, 'Petin', 34),
(10972, 'Ruşeni', 34),
(10973, 'Dindeştiu Mic', 34),
(10974, 'Piru Nou', 34),
(10975, 'Sărvăzel', 34),
(10976, 'Resighea', 34),
(10977, 'Scărişoara Nouă', 34),
(10978, 'Aciua', 34),
(10979, 'Bicău', 34),
(10980, 'Borleşti', 34),
(10981, 'Chegea', 34),
(10982, 'Berea', 34),
(10983, 'Ciumeşti', 34),
(10984, 'Horea', 34),
(10985, 'Marna Nouă', 34),
(10986, 'Viişoara', 34),
(10987, 'Chereuşa', 34),
(10988, 'Sudurău', 34),
(10989, 'Sătmărel', 34),
(10990, 'Becheni', 34),
(10991, 'Cean', 34),
(10992, 'Chisău', 34),
(10993, 'Silvaş', 34),
(10994, 'Cuţa', 34),
(10995, 'Hodişa', 34),
(10996, 'Soconzel', 34),
(10997, 'Stâna', 34),
(10998, 'Dobra', 34),
(10999, 'Giorocuta', 34),
(11000, 'Hurezu Mare', 34),
(11001, 'Racova', 34),
(11002, 'Sechereşa', 34),
(11003, 'Supuru de Jos', 34),
(11004, 'Supuru de Sus', 34),
(11005, 'Bocicău', 34),
(11006, 'Valea Seacă', 34),
(11007, 'Văgaş', 34),
(11008, 'Aliceni', 34),
(11009, 'Blaja', 34),
(11010, 'Cig', 34),
(11011, 'Raţiu', 34),
(11012, 'Sărăuad', 34),
(11013, 'Valea Morii', 34),
(11014, 'Aliza', 34),
(11015, 'Gelu', 34),
(11016, 'Pişcari', 34),
(11017, 'Portiţa', 34),
(11018, 'Vezendiu', 34),
(11019, 'Gherţa Mare', 34),
(11020, 'Turţ Băi', 34),
(11021, 'Drăguşeni', 34),
(11022, 'Turulung Vii', 34),
(11023, 'Urziceni Pădure', 34),
(11024, 'Măriuş', 34),
(11025, 'Roşiori', 34),
(11026, 'Sâi', 34),
(11027, 'Decebal', 34),
(11028, 'Oar', 34),
(11029, 'Cioncheşti', 34),
(11030, 'Medişa', 34),
(11031, 'Tireac', 34),
(11032, 'Tătăreşti', 34),
(11033, 'Agnita', 35),
(11034, 'Alţina', 35),
(11035, 'Apoldu de Jos', 35),
(11036, 'Arpaşu de Jos', 35),
(11037, 'Avrig', 35),
(11038, 'Axente Sever', 35),
(11039, 'Aţel', 35),
(11040, 'Bazna', 35),
(11041, 'Biertan', 35),
(11042, 'Blăjel', 35),
(11043, 'Brateiu', 35),
(11044, 'Bruiu', 35),
(11045, 'Brădeni', 35),
(11046, 'Chirpăr', 35),
(11047, 'Cisnădie', 35),
(11048, 'Copşa Mică', 35),
(11049, 'Cristian', 35),
(11050, 'Cârţa', 35),
(11051, 'Cârţişoara', 35),
(11052, 'Dumbrăveni', 35),
(11053, 'Dârlos', 35),
(11054, 'Gura Râului', 35),
(11055, 'Hoghilag', 35),
(11056, 'Iacobeni', 35),
(11057, 'Jina', 35),
(11058, 'Laslea', 35),
(11059, 'Loamneş', 35),
(11060, 'Ludoş', 35),
(11061, 'Marpod', 35),
(11062, 'Mediaş', 35),
(11063, 'Merghindeal', 35),
(11064, 'Micăsasa', 35),
(11065, 'Miercurea Sibiului', 35),
(11066, 'Mihăileni', 35),
(11067, 'Moşna', 35),
(11068, 'Nocrich', 35),
(11069, 'Ocna Sibiului', 35),
(11070, 'Orlat', 35),
(11071, 'Poiana Sibiului', 35),
(11072, 'Poplaca', 35),
(11073, 'Porumbacu de Jos', 35),
(11074, 'Păuca', 35),
(11075, 'Racoviţa', 35),
(11076, 'Roşia', 35),
(11077, 'Râu Sadului', 35),
(11078, 'Răşinari', 35),
(11079, 'Sadu', 35),
(11080, 'Sibiu', 35),
(11081, 'Slimnic', 35),
(11082, 'Sălişte', 35),
(11083, 'Tilişca', 35),
(11084, 'Turnu Roşu', 35),
(11085, 'Târnava', 35),
(11086, 'Tălmaciu', 35),
(11087, 'Valea Viilor', 35),
(11088, 'Vurpăr', 35),
(11089, 'Şeica Mare', 35),
(11090, 'Şeica Mică', 35),
(11091, 'Şelimbăr', 35),
(11092, 'Şura Mare', 35),
(11093, 'Şura Mică', 35),
(11094, 'Coveş', 35),
(11095, 'Ruja', 35),
(11096, 'Beneşti', 35),
(11097, 'Ghijasa de Sus', 35),
(11098, 'Sângătin', 35),
(11099, 'Arpaşu de Sus', 35),
(11100, 'Noul Român', 35),
(11101, 'Alma', 35),
(11102, 'Dupuş', 35),
(11103, 'Giacăş', 35),
(11104, 'Şmig', 35),
(11105, 'Bradu', 35),
(11106, 'Glâmboaca', 35),
(11107, 'Mârşa', 35),
(11108, 'Săcădate', 35),
(11109, 'Agârbiciu', 35),
(11110, 'Şoala', 35),
(11111, 'Boian', 35),
(11112, 'Velţ', 35),
(11113, 'Copşa Mare', 35),
(11114, 'Richiş', 35),
(11115, 'Apoş', 35),
(11116, 'Bârghiş', 35),
(11117, 'Ighişu Vechi', 35),
(11118, 'Pelişor', 35),
(11119, 'Vecerd', 35),
(11120, 'Zlagna', 35),
(11121, 'Păucea', 35),
(11122, 'Romaneşti', 35),
(11123, 'Retiş', 35),
(11124, 'Ţeline', 35),
(11125, 'Buzd', 35),
(11126, 'Gherdeal', 35),
(11127, 'Şomartin', 35),
(11128, 'Poieniţa', 35),
(11129, 'Săsăuş', 35),
(11130, 'Veseud', 35),
(11131, 'Vărd', 35),
(11132, 'Cisnădioara', 35),
(11133, 'Curciu', 35),
(11134, 'Valea Lungă', 35),
(11135, 'Ernea', 35),
(11136, 'Şaroş pe Târnave', 35),
(11137, 'Prod', 35),
(11138, 'Valchid', 35),
(11139, 'Movile', 35),
(11140, 'Netuş', 35),
(11141, 'Noiştat', 35),
(11142, 'Stejărişu', 35),
(11143, 'Floreşti', 35),
(11144, 'Mălâncrav', 35),
(11145, 'Nou Săsesc', 35),
(11146, 'Roandola', 35),
(11147, 'Alămor', 35),
(11148, 'Armeni', 35),
(11149, 'Haşag', 35),
(11150, 'Mândra', 35),
(11151, 'Sădinca', 35),
(11152, 'Gusu', 35),
(11153, 'Ilimbav', 35),
(11154, 'Ighişu Nou', 35),
(11155, 'Dealu Frumos', 35),
(11156, 'Chesler', 35),
(11157, 'Văleni', 35),
(11158, 'Ţapu', 35),
(11159, 'Apoldu de Sus', 35),
(11160, 'Dobârca', 35),
(11161, 'Metiş', 35),
(11162, 'Moardăş', 35),
(11163, 'Răvăşel', 35),
(11164, 'Şalcău', 35),
(11165, 'Alma Vii', 35),
(11166, 'Nemşa', 35),
(11167, 'Fofeldea', 35),
(11168, 'Ghijasa de Jos', 35),
(11169, 'Hosman', 35),
(11170, 'Ţichindeal', 35),
(11171, 'Topârcea', 35),
(11172, 'Bogatu Român', 35),
(11173, 'Broşteni', 35),
(11174, 'Presaca', 35),
(11175, 'Colun', 35),
(11176, 'Porumbacu de Sus', 35),
(11177, 'Scoreiu', 35),
(11178, 'Sărata', 35),
(11179, 'Sebeşu de Sus', 35),
(11180, 'Prislop', 35),
(11181, 'Caşolţ', 35),
(11182, 'Cornăţel', 35),
(11183, 'Daia', 35),
(11184, 'Nou', 35),
(11185, 'Nucet', 35),
(11186, 'Aciliu', 35),
(11187, 'Amnaş', 35),
(11188, 'Crinţ', 35),
(11189, 'Fântânele', 35),
(11190, 'Galeş', 35),
(11191, 'Mag', 35),
(11192, 'Sibiel', 35),
(11193, 'Săcel', 35),
(11194, 'Vale', 35),
(11195, 'Boarta', 35),
(11196, 'Buia', 35),
(11197, 'Mighindoala', 35),
(11198, 'Petiş', 35),
(11199, 'Ştenea', 35),
(11200, 'Soroştin', 35),
(11201, 'Bungard', 35),
(11202, 'Mohu', 35),
(11203, 'Veştem', 35),
(11204, 'Păltiniş', 35),
(11205, 'Albi', 35),
(11206, 'Pădureni', 35),
(11207, 'Ruşi', 35),
(11208, 'Veseud', 35),
(11209, 'Hamba', 35),
(11210, 'Rusciori', 35),
(11211, 'Boiţa', 35),
(11212, 'Colonia Tălmaciu', 35),
(11213, 'Lazaret', 35),
(11214, 'Lotrioara', 35),
(11215, 'Paltin', 35),
(11216, 'Tălmăcel', 35),
(11217, 'Colonia Târnava', 35),
(11218, 'Rod', 35),
(11219, 'Sebeşu de Jos', 35),
(11220, 'Motiş', 35),
(11221, 'Adâncata', 36),
(11222, 'Arbore', 36),
(11223, 'Baia', 36),
(11224, 'Bilca', 36),
(11225, 'Bogdăneşti', 36),
(11226, 'Boroaia', 36),
(11227, 'Bosanci', 36),
(11228, 'Botoşana', 36),
(11229, 'Breaza', 36),
(11230, 'Brodina', 36),
(11231, 'Broşteni', 36),
(11232, 'Buneşti', 36),
(11233, 'Bălcăuţi', 36),
(11234, 'Cacica', 36),
(11235, 'Cajvana', 36),
(11236, 'Calafindeşti', 36),
(11237, 'Capu Câmpului', 36),
(11238, 'Ciocăneşti', 36),
(11239, 'Ciprian Porumbescu', 36),
(11240, 'Comăneşti', 36),
(11241, 'Cornu Luncii', 36),
(11242, 'Coşna', 36),
(11243, 'Crucea', 36),
(11244, 'Câmpulung Moldovenesc', 36),
(11245, 'Cârlibaba', 36),
(11246, 'Dolhasca', 36),
(11247, 'Dorna Candrenilor', 36),
(11248, 'Dorna-Arini', 36),
(11249, 'Dorneşti', 36),
(11250, 'Drăgoieşti', 36),
(11251, 'Drăguşeni', 36),
(11252, 'Dumbrăveni', 36),
(11253, 'Dărmăneşti', 36),
(11254, 'Forăşti', 36),
(11255, 'Frasin', 36),
(11256, 'Frumosu', 36),
(11257, 'Frătăuţii Noi', 36),
(11258, 'Frătăuţii Vechi', 36),
(11259, 'Fundu Moldovei', 36),
(11260, 'Fântâna Mare', 36),
(11261, 'Fântânele', 36),
(11262, 'Fălticeni', 36),
(11263, 'Grămeşti', 36),
(11264, 'Grăniceşti', 36),
(11265, 'Gura Humorului', 36),
(11266, 'Gălăneşti', 36),
(11267, 'Horodnic de Sus', 36),
(11268, 'Horodniceni', 36),
(11269, 'Hănţeşti', 36),
(11270, 'Iacobeni', 36),
(11271, 'Iaslovăţ', 36),
(11272, 'Ipoteşti', 36),
(11273, 'Izvoarele Sucevei', 36),
(11274, 'Liteni', 36),
(11275, 'Marginea', 36),
(11276, 'Milişăuţi', 36),
(11277, 'Mitocu Dragomirnei', 36),
(11278, 'Moldova-Suliţa', 36),
(11279, 'Moldoviţa', 36),
(11280, 'Muşeniţa', 36),
(11281, 'Mălini', 36),
(11282, 'Mănăstirea Humorului', 36),
(11283, 'Ostra', 36),
(11284, 'Panaci', 36),
(11285, 'Poiana Stampei', 36),
(11286, 'Pojorâta', 36),
(11287, 'Preuteşti', 36),
(11288, 'Putna', 36),
(11289, 'Pârteştii de Jos', 36),
(11290, 'Păltinoasa', 36),
(11291, 'Pătrăuţi', 36),
(11292, 'Râşca', 36),
(11293, 'Rădăuţi', 36);
INSERT INTO `dashboard_city` (`id`, `name`, `area_id`) VALUES
(11294, 'Rădăşeni', 36),
(11295, 'Sadova', 36),
(11296, 'Salcea', 36),
(11297, 'Satu Mare', 36),
(11298, 'Siminicea', 36),
(11299, 'Siret', 36),
(11300, 'Slatina', 36),
(11301, 'Solca', 36),
(11302, 'Straja', 36),
(11303, 'Stroieşti', 36),
(11304, 'Stulpicani', 36),
(11305, 'Suceava', 36),
(11306, 'Suceviţa', 36),
(11307, 'Todireşti', 36),
(11308, 'Udeşti', 36),
(11309, 'Ulma', 36),
(11310, 'Vadu Moldovei', 36),
(11311, 'Valea Moldovei', 36),
(11312, 'Vama', 36),
(11313, 'Vatra Dornei', 36),
(11314, 'Vatra Moldoviţei', 36),
(11315, 'Vereşti', 36),
(11316, 'Vicovu de Jos', 36),
(11317, 'Vicovu de Sus', 36),
(11318, 'Volovăţ', 36),
(11319, 'Vultureşti', 36),
(11320, 'Zamostea', 36),
(11321, 'Zvoriştea', 36),
(11322, 'Şcheia', 36),
(11323, 'Şerbăuţi', 36),
(11324, 'Călugăreni', 36),
(11325, 'Feteşti', 36),
(11326, 'Bodnăreni', 36),
(11327, 'Clit', 36),
(11328, 'Bogata', 36),
(11329, 'Gropeni', 36),
(11330, 'Negostina', 36),
(11331, 'Bărăşti', 36),
(11332, 'Giuleşti', 36),
(11333, 'Moişa', 36),
(11334, 'Săcuţa', 36),
(11335, 'Cumpărătura', 36),
(11336, 'Breaza de Sus', 36),
(11337, 'Pârâu Negrei', 36),
(11338, 'Brodina de Jos', 36),
(11339, 'Cununschi', 36),
(11340, 'Dubiuşca', 36),
(11341, 'Ehreşte', 36),
(11342, 'Falcău', 36),
(11343, 'Norocu', 36),
(11344, 'Paltin', 36),
(11345, 'Sadău', 36),
(11346, 'Zalomestra', 36),
(11347, 'Cotârgaşi', 36),
(11348, 'Dârmoxa', 36),
(11349, 'Frasin', 36),
(11350, 'Holda', 36),
(11351, 'Holdiţa', 36),
(11352, 'Hăleasa', 36),
(11353, 'Lungeni', 36),
(11354, 'Neagra', 36),
(11355, 'Pietroasa', 36),
(11356, 'Petia', 36),
(11357, 'Podeni', 36),
(11358, 'Unceşti', 36),
(11359, 'Şes', 36),
(11360, 'Maidan', 36),
(11361, 'Pârteştii de Sus', 36),
(11362, 'Runcu', 36),
(11363, 'Soloneţu Nou', 36),
(11364, 'Codru', 36),
(11365, 'Botoşaniţa Mare', 36),
(11366, 'Cârlibaba Nouă', 36),
(11367, 'Iedu', 36),
(11368, 'Valea Stânei', 36),
(11369, 'Şesuri', 36),
(11370, 'Ţibău', 36),
(11371, 'Botoş', 36),
(11372, 'Braşca', 36),
(11373, 'Bălăceana', 36),
(11374, 'Ilişeşti', 36),
(11375, 'Humoreni', 36),
(11376, 'Brăieşti', 36),
(11377, 'Băişeşti', 36),
(11378, 'Dumbrava', 36),
(11379, 'Păiseni', 36),
(11380, 'Sasca Mare', 36),
(11381, 'Sasca Mică', 36),
(11382, 'Sasca Nouă', 36),
(11383, 'Şinca', 36),
(11384, 'Podu Coşnei', 36),
(11385, 'Româneşti', 36),
(11386, 'Teşna', 36),
(11387, 'Valea Bancului', 36),
(11388, 'Chiril', 36),
(11389, 'Cojoci', 36),
(11390, 'Satu Mare', 36),
(11391, 'Călineşti', 36),
(11392, 'Călineşti-Vasilache', 36),
(11393, 'Dănila', 36),
(11394, 'Măriţei', 36),
(11395, 'Măriţeia Mică', 36),
(11396, 'Budeni', 36),
(11397, 'Gulia', 36),
(11398, 'Poiana', 36),
(11399, 'Poienari', 36),
(11400, 'Probota', 36),
(11401, 'Siliştea Nouă', 36),
(11402, 'Valea Poienei', 36),
(11403, 'Dolheştii Mici', 36),
(11404, 'Dolheştii-Mari', 36),
(11405, 'Valea Bourei', 36),
(11406, 'Dealu Floreni', 36),
(11407, 'Poiana Negrii', 36),
(11408, 'Cozăneşti', 36),
(11409, 'Gheorghiţeni', 36),
(11410, 'Ortoaia', 36),
(11411, 'Rusca', 36),
(11412, 'Sunători', 36),
(11413, 'Iaz', 36),
(11414, 'Berchişeşti', 36),
(11415, 'Corlata', 36),
(11416, 'Lucăceşti', 36),
(11417, 'Măzănăeşti', 36),
(11418, 'Broşteni', 36),
(11419, 'Gara Leu', 36),
(11420, 'Sălăgeni', 36),
(11421, 'Şoldăneşti', 36),
(11422, 'Ţarna Mare', 36),
(11423, 'Cotu Băii', 36),
(11424, 'Praxia', 36),
(11425, 'Spătăreşti', 36),
(11426, 'Băneşti', 36),
(11427, 'Cotu Dobei', 36),
(11428, 'Slobozia', 36),
(11429, 'Stamate', 36),
(11430, 'Antoceni', 36),
(11431, 'Boura', 36),
(11432, 'Manolea', 36),
(11433, 'Oniceni', 36),
(11434, 'Roşiori', 36),
(11435, 'Ruşi', 36),
(11436, 'Uideşti', 36),
(11437, 'Ţoleşti', 36),
(11438, 'Bucşoaia', 36),
(11439, 'Doroteia', 36),
(11440, 'Plutoniţa', 36),
(11441, 'Costişa', 36),
(11442, 'Măneuţi', 36),
(11443, 'Deia', 36),
(11444, 'Dragoşa', 36),
(11445, 'Botuş', 36),
(11446, 'Botuşel', 36),
(11447, 'Braniştea', 36),
(11448, 'Colacu', 36),
(11449, 'Delniţa', 36),
(11450, 'Deluţ', 36),
(11451, 'Obcina', 36),
(11452, 'Plai', 36),
(11453, 'Smida Ungurenilor', 36),
(11454, 'Hurjuieni', 36),
(11455, 'Voitinel', 36),
(11456, 'Botoşaniţa Mică', 36),
(11457, 'Bălineşti', 36),
(11458, 'Rudeşti', 36),
(11459, 'Verbia', 36),
(11460, 'Dumbrava', 36),
(11461, 'Gura Solcii', 36),
(11462, 'Iacobeşti', 36),
(11463, 'Româneşti', 36),
(11464, 'Slobozia Sucevei', 36),
(11465, 'Voroneţ', 36),
(11466, 'Arţari', 36),
(11467, 'Bereşti', 36),
(11468, 'Horodnic de Jos', 36),
(11469, 'Boteşti', 36),
(11470, 'Brădăţel', 36),
(11471, 'Mihăieşti', 36),
(11472, 'Rotopăneşti', 36),
(11473, 'Mestecăniş', 36),
(11474, 'Lisaura', 36),
(11475, 'Tişăuţi', 36),
(11476, 'Bobeica', 36),
(11477, 'Brodina', 36),
(11478, 'Corni', 36),
(11479, 'Rotunda', 36),
(11480, 'Roşcani', 36),
(11481, 'Siliştea', 36),
(11482, 'Vercicani', 36),
(11483, 'Iesle', 36),
(11484, 'Poiana Mărului', 36),
(11485, 'Pâraie', 36),
(11486, 'Văleni-Stânişoara', 36),
(11487, 'Pleşa', 36),
(11488, 'Poiana Micului', 36),
(11489, 'Bădeuţi', 36),
(11490, 'Gara', 36),
(11491, 'Lunca', 36),
(11492, 'Dragomirna', 36),
(11493, 'Lipoveni', 36),
(11494, 'Mitocaşi', 36),
(11495, 'Bulai', 36),
(11496, 'Frumoasa', 36),
(11497, 'Groapa Vlădichii', 36),
(11498, 'Liteni', 36),
(11499, 'Moara Carp', 36),
(11500, 'Moara Nica', 36),
(11501, 'Vornicenii Mari', 36),
(11502, 'Vornicenii Mici', 36),
(11503, 'Benia', 36),
(11504, 'Argel', 36),
(11505, 'Demacuşa', 36),
(11506, 'Raşca', 36),
(11507, 'Baineţ', 36),
(11508, 'Bănceşti', 36),
(11509, 'Climăuţi', 36),
(11510, 'Vicşani', 36),
(11511, 'Văşcăuţi', 36),
(11512, 'Tărnicioara', 36),
(11513, 'Capu Codrului', 36),
(11514, 'Catrinari', 36),
(11515, 'Coverca', 36),
(11516, 'Drăgoiasa', 36),
(11517, 'Glodu', 36),
(11518, 'Păltiniş', 36),
(11519, 'Deleni', 36),
(11520, 'Varvata', 36),
(11521, 'Vârfu Dealului', 36),
(11522, 'Căsoi', 36),
(11523, 'Dornişoara', 36),
(11524, 'Pilugani', 36),
(11525, 'Prăleni', 36),
(11526, 'Teşna', 36),
(11527, 'Tătaru', 36),
(11528, 'Valea Putnei', 36),
(11529, 'Arghira', 36),
(11530, 'Bahna Arin', 36),
(11531, 'Basarabi', 36),
(11532, 'Huşi', 36),
(11533, 'Hârtop', 36),
(11534, 'Leucuşeşti', 36),
(11535, 'Gura Putnei', 36),
(11536, 'Lămăşeni', 36),
(11537, 'Pocoleni', 36),
(11538, 'Buda', 36),
(11539, 'Dumbrăveni', 36),
(11540, 'Jahalia', 36),
(11541, 'Slătioara', 36),
(11542, 'Mereni', 36),
(11543, 'Plopeni', 36),
(11544, 'Prelipca', 36),
(11545, 'Văratec', 36),
(11546, 'Gura Haitii', 36),
(11547, 'Neagra Şarului', 36),
(11548, 'Plaiu Şarului', 36),
(11549, 'Sărişor', 36),
(11550, 'Sărişoru Mare', 36),
(11551, 'Şaru Bucovinei', 36),
(11552, 'Şarul Dornei', 36),
(11553, 'Ţibeni', 36),
(11554, 'Florinta', 36),
(11555, 'Mihoveni', 36),
(11556, 'Sfântu Ilie', 36),
(11557, 'Trei Movile', 36),
(11558, 'Călineşti', 36),
(11559, 'Grigoreşti', 36),
(11560, 'Mănăstioara', 36),
(11561, 'Pădureni', 36),
(11562, 'Găineşti', 36),
(11563, 'Herla', 36),
(11564, 'Poieni-Solca', 36),
(11565, 'Vâlcelele', 36),
(11566, 'Zahareşti', 36),
(11567, 'Gemenea', 36),
(11568, 'Negrileasa', 36),
(11569, 'Slătioara', 36),
(11570, 'Vadu Negrilesei', 36),
(11571, 'Voievodeasa', 36),
(11572, 'Costâna', 36),
(11573, 'Părhăuţi', 36),
(11574, 'Soloneţ', 36),
(11575, 'Sârghieşti', 36),
(11576, 'Chilişeni', 36),
(11577, 'Luncuşoara', 36),
(11578, 'Mănăstioara', 36),
(11579, 'Plăvălari', 36),
(11580, 'Poieni-Suceava', 36),
(11581, 'Racova', 36),
(11582, 'Reuseni', 36),
(11583, 'Ruşii-Mănăstioara', 36),
(11584, 'Securiceni', 36),
(11585, 'Ştirbăţ', 36),
(11586, 'Costileva', 36),
(11587, 'Lupcina', 36),
(11588, 'Măgura', 36),
(11589, 'Nisipitu', 36),
(11590, 'Ciumuleşti', 36),
(11591, 'Cămârzani', 36),
(11592, 'Dumbrăviţa', 36),
(11593, 'Ioneasa', 36),
(11594, 'Mesteceni', 36),
(11595, 'Movileni', 36),
(11596, 'Nigoteşti', 36),
(11597, 'Mironu', 36),
(11598, 'Molid', 36),
(11599, 'Prisaca Dornei', 36),
(11600, 'Strâmtura', 36),
(11601, 'Argestru', 36),
(11602, 'Roşu', 36),
(11603, 'Todireni', 36),
(11604, 'Ciumârna', 36),
(11605, 'Paltinu', 36),
(11606, 'Bursuceni', 36),
(11607, 'Corocăieşti', 36),
(11608, 'Hancea', 36),
(11609, 'Bivolăria', 36),
(11610, 'Burla', 36),
(11611, 'Giurgeşti', 36),
(11612, 'Hreaţca', 36),
(11613, 'Jacota', 36),
(11614, 'Mereşti', 36),
(11615, 'Osoi', 36),
(11616, 'Pleşeşti', 36),
(11617, 'Valea Glodului', 36),
(11618, 'Badragi', 36),
(11619, 'Ciomârtan', 36),
(11620, 'Cojocăreni', 36),
(11621, 'Corpaci', 36),
(11622, 'Lunca', 36),
(11623, 'Nicani', 36),
(11624, 'Răuţeni', 36),
(11625, 'Tăuteşti', 36),
(11626, 'Buda', 36),
(11627, 'Dealu', 36),
(11628, 'Poiana', 36),
(11629, 'Slobozia', 36),
(11630, 'Stânca', 36),
(11631, 'Stâncuţa', 36),
(11632, 'Şerbăneşti', 36),
(11633, 'Alexandria', 37),
(11634, 'Balaci', 37),
(11635, 'Blejeşti', 37),
(11636, 'Bogdana', 37),
(11637, 'Botoroaga', 37),
(11638, 'Bragadiru', 37),
(11639, 'Brânceni', 37),
(11640, 'Bujoreni', 37),
(11641, 'Bujoru', 37),
(11642, 'Buzescu', 37),
(11643, 'Băbăiţa', 37),
(11644, 'Cervenia', 37),
(11645, 'Ciuperceni', 37),
(11646, 'Conţeşti', 37),
(11647, 'Cosmeşti', 37),
(11648, 'Crevenicu', 37),
(11649, 'Crângeni', 37),
(11650, 'Crângu', 37),
(11651, 'Călineşti', 37),
(11652, 'Călmăţuiu', 37),
(11653, 'Călmăţuiu de Sus', 37),
(11654, 'Dideşti', 37),
(11655, 'Dobroteşti', 37),
(11656, 'Drăcşenei', 37),
(11657, 'Drăgăneşti de Vede', 37),
(11658, 'Drăgăneşti-Vlaşca', 37),
(11659, 'Frumoasa', 37),
(11660, 'Furculeşti', 37),
(11661, 'Gratia', 37),
(11662, 'Gălăteni', 37),
(11663, 'Islaz', 37),
(11664, 'Izvoarele', 37),
(11665, 'Lisa', 37),
(11666, 'Liţa', 37),
(11667, 'Lunca', 37),
(11668, 'Mavrodin', 37),
(11669, 'Moşteni', 37),
(11670, 'Mârzăneşti', 37),
(11671, 'Măgura', 37),
(11672, 'Măldăeni', 37),
(11673, 'Nanov', 37),
(11674, 'Necşeşti', 37),
(11675, 'Nenciuleşti', 37),
(11676, 'Năsturelu', 37),
(11677, 'Olteni', 37),
(11678, 'Peretu', 37),
(11679, 'Piatra', 37),
(11680, 'Pietroşani', 37),
(11681, 'Plopii-Slăviteşti', 37),
(11682, 'Plosca', 37),
(11683, 'Poeni', 37),
(11684, 'Poroschia', 37),
(11685, 'Putineiu', 37),
(11686, 'Rosiori de Vede', 37),
(11687, 'Răsmireşti', 37),
(11688, 'Salcia', 37),
(11689, 'Scrioaştea', 37),
(11690, 'Scurtu Mare', 37),
(11691, 'Seaca', 37),
(11692, 'Segarcea-Vale', 37),
(11693, 'Sfinţeşti', 37),
(11694, 'Siliştea', 37),
(11695, 'Siliştea-Gumeşti', 37),
(11696, 'Slobozia Mândra', 37),
(11697, 'Smârdioasa', 37),
(11698, 'Stejaru', 37),
(11699, 'Suhaia', 37),
(11700, 'Sârbeni', 37),
(11701, 'Săceni', 37),
(11702, 'Traian', 37),
(11703, 'Trivalea-Moşteni', 37),
(11704, 'Troianul', 37),
(11705, 'Turnu Măgurele', 37),
(11706, 'Tătărăştii de Jos', 37),
(11707, 'Tătărăştii de Sus', 37),
(11708, 'Vedea', 37),
(11709, 'Videle', 37),
(11710, 'Viişoara', 37),
(11711, 'Vitanesti', 37),
(11712, 'Zimnicea', 37),
(11713, 'Zâmbreasca', 37),
(11714, 'Ştorobăneasa', 37),
(11715, 'Ţigăneşti', 37),
(11716, 'Clăniţa', 37),
(11717, 'Frăsinet', 37),
(11718, 'Merişani', 37),
(11719, 'Burdeni', 37),
(11720, 'Tecuci', 37),
(11721, 'Baciu', 37),
(11722, 'Sericu', 37),
(11723, 'Broşteanca', 37),
(11724, 'Ulmeni', 37),
(11725, 'Urluiu', 37),
(11726, 'Călugaru', 37),
(11727, 'Tunari', 37),
(11728, 'Târnava', 37),
(11729, 'Valea Cireşului', 37),
(11730, 'Dărvaş', 37),
(11731, 'Prunaru', 37),
(11732, 'Antoneşti', 37),
(11733, 'Copăceanca', 37),
(11734, 'Licuriciu', 37),
(11735, 'Mariţa', 37),
(11736, 'Bujoru', 37),
(11737, 'Caravaneţi', 37),
(11738, 'Nicolae Bălcescu', 37),
(11739, 'Băcăleşti', 37),
(11740, 'Ionaşcu', 37),
(11741, 'Baldovineşti', 37),
(11742, 'Ciolăneştii din Deal', 37),
(11743, 'Ciolăneştii din Vale', 37),
(11744, 'Poiana', 37),
(11745, 'Ciuperceni', 37),
(11746, 'Balta Sărată', 37),
(11747, 'Dorobanţu', 37),
(11748, 'Stejaru', 37),
(11749, 'Dracea', 37),
(11750, 'Florica', 37),
(11751, 'Secara', 37),
(11752, 'Zlata', 37),
(11753, 'Răduleşti', 37),
(11754, 'Satu Nou', 37),
(11755, 'Însurăţei', 37),
(11756, 'Merişani', 37),
(11757, 'Beuca', 37),
(11758, 'Drăcşani', 37),
(11759, 'Odobeasca', 37),
(11760, 'Plopi', 37),
(11761, 'Satul Vechi', 37),
(11762, 'Măgura cu Liliac', 37),
(11763, 'Văcăreşti', 37),
(11764, 'Comoara', 37),
(11765, 'Văceni', 37),
(11766, 'Păuleasca', 37),
(11767, 'Moşteni', 37),
(11768, 'Spătărei', 37),
(11769, 'Voievoda', 37),
(11770, 'Bâscoveni', 37),
(11771, 'Grădişteanca', 37),
(11772, 'Ciurari-Deal', 37),
(11773, 'Drăghineşti', 37),
(11774, 'Moldoveni', 37),
(11775, 'Vânători', 37),
(11776, 'Pleaşov', 37),
(11777, 'Prundu', 37),
(11778, 'Saelele', 37),
(11779, 'Guruieni', 37),
(11780, 'Cernetu', 37),
(11781, 'Teleormanu', 37),
(11782, 'Valea Părului', 37),
(11783, 'Merenii de Jos', 37),
(11784, 'Merenii de Sus', 37),
(11785, 'Ştefeni', 37),
(11786, 'Zimnicele', 37),
(11787, 'Belciug', 37),
(11788, 'Gârdeşti', 37),
(11789, 'Păru Rotund', 37),
(11790, 'Perii Broşteni', 37),
(11791, 'Lăceni', 37),
(11792, 'Orbeasca de Jos', 37),
(11793, 'Orbeasca de Sus', 37),
(11794, 'Beciu', 37),
(11795, 'Brâncoveanca', 37),
(11796, 'Bârseştii de Jos', 37),
(11797, 'Dudu', 37),
(11798, 'Smârdan', 37),
(11799, 'Banov', 37),
(11800, 'Brăteşti', 37),
(11801, 'Cătunu', 37),
(11802, 'Preajba', 37),
(11803, 'Vătaşi', 37),
(11804, 'Ţăvârlău', 37),
(11805, 'Calomfireşti', 37),
(11806, 'Băduleasa', 37),
(11807, 'Cârlomanu', 37),
(11808, 'Cetatea', 37),
(11809, 'Rădoieşti-Deal', 37),
(11810, 'Rădoieşti-Vale', 37),
(11811, 'Ludăneasca', 37),
(11812, 'Butculeşti', 37),
(11813, 'Ciurari', 37),
(11814, 'Băneasa', 37),
(11815, 'Tudor Vladimirescu', 37),
(11816, 'Sârbenii de Jos', 37),
(11817, 'Udeni', 37),
(11818, 'Brebina', 37),
(11819, 'Cucueţi', 37),
(11820, 'Viile', 37),
(11821, 'Albeni', 37),
(11822, 'Drăceşti', 37),
(11823, 'Negrileşti', 37),
(11824, 'Scurtu-Slăveşti', 37),
(11825, 'Valea Poştei', 37),
(11826, 'Năvodari', 37),
(11827, 'Olteanca', 37),
(11828, 'Segarcea-Deal', 37),
(11829, 'Buteşti', 37),
(11830, 'Purani', 37),
(11831, 'Puranii de Sus', 37),
(11832, 'Siliştea Mică', 37),
(11833, 'Uda-Clocociov', 37),
(11834, 'Uda-Paciurea', 37),
(11835, 'Şoimu', 37),
(11836, 'Bratcovu', 37),
(11837, 'Gresia', 37),
(11838, 'Socetu', 37),
(11839, 'Beiu', 37),
(11840, 'Fântânele', 37),
(11841, 'Linia Costii', 37),
(11842, 'Rotăreşti', 37),
(11843, 'Talpa Poştei', 37),
(11844, 'Talpa-Bâscoveni', 37),
(11845, 'Talpa-Ogrăzile', 37),
(11846, 'Lada', 37),
(11847, 'Negreni', 37),
(11848, 'Negrenii de Sus', 37),
(11849, 'Negrenii-Osebiţi', 37),
(11850, 'Obârtu', 37),
(11851, 'Slăveşti', 37),
(11852, 'Dobreni', 37),
(11853, 'Udupu', 37),
(11854, 'Brătăşani', 37),
(11855, 'Deparaţi', 37),
(11856, 'Dulceni', 37),
(11857, 'Vatra', 37),
(11858, 'Gărăgău', 37),
(11859, 'Vârtoapele de Jos', 37),
(11860, 'Vârtoapele de Sus', 37),
(11861, 'Albeşti', 37),
(11862, 'Coşoteni', 37),
(11863, 'Dulceanca', 37),
(11864, 'Meri', 37),
(11865, 'Coşoaia', 37),
(11866, 'Purani', 37),
(11867, 'Schitu Poienari', 37),
(11868, 'Siliştea', 37),
(11869, 'Balinţ', 38),
(11870, 'Banloc', 38),
(11871, 'Bara', 38),
(11872, 'Beba Veche', 38),
(11873, 'Becicherecu Mic', 38),
(11874, 'Belinţ', 38),
(11875, 'Bethausen', 38),
(11876, 'Biled', 38),
(11877, 'Bogda', 38),
(11878, 'Boldur', 38),
(11879, 'Brestovăţ', 38),
(11880, 'Buziaş', 38),
(11881, 'Bârna', 38),
(11882, 'Cenad', 38),
(11883, 'Cenei', 38),
(11884, 'Chevereşu Mare', 38),
(11885, 'Ciacova', 38),
(11886, 'Comloşu Mare', 38),
(11887, 'Coşteiu', 38),
(11888, 'Criciova', 38),
(11889, 'Curtea', 38),
(11890, 'Cărpiniş', 38),
(11891, 'Darova', 38),
(11892, 'Denta', 38),
(11893, 'Deta', 38),
(11894, 'Dudeştii Vechi', 38),
(11895, 'Dumbrava', 38),
(11896, 'Dumbrăviţa', 38),
(11897, 'Foeni', 38),
(11898, 'Fârdea', 38),
(11899, 'Făget', 38),
(11900, 'Gavojdia', 38),
(11901, 'Ghiroda', 38),
(11902, 'Ghizela', 38),
(11903, 'Giarmata', 38),
(11904, 'Giera', 38),
(11905, 'Giroc', 38),
(11906, 'Giulvăz', 38),
(11907, 'Gătaia', 38),
(11908, 'Jamu Mare', 38),
(11909, 'Jebel', 38),
(11910, 'Jimbolia', 38),
(11911, 'Lenauheim', 38),
(11912, 'Liebling', 38),
(11913, 'Lovrin', 38),
(11914, 'Lugoj', 38),
(11915, 'Margina', 38),
(11916, 'Maşloc', 38),
(11917, 'Moraviţa', 38),
(11918, 'Moşniţa Nouă', 38),
(11919, 'Mănăştiur', 38),
(11920, 'Niţchidorf', 38),
(11921, 'Nădrag', 38),
(11922, 'Ohaba Lungă', 38),
(11923, 'Orţişoara', 38),
(11924, 'Peciu Nou', 38),
(11925, 'Periam', 38),
(11926, 'Pietroasa', 38),
(11927, 'Pişchia', 38),
(11928, 'Racoviţa', 38),
(11929, 'Recaş', 38),
(11930, 'Remetea Mare', 38),
(11931, 'Sacoşu Turcesc', 38),
(11932, 'Satchinez', 38),
(11933, 'Secaş', 38),
(11934, 'Sânandrei', 38),
(11935, 'Sânmihaiu Român', 38),
(11936, 'Sânnicolau Mare', 38),
(11937, 'Sânpetru Mare', 38),
(11938, 'Săcălaz', 38),
(11939, 'Teremia Mare', 38),
(11940, 'Timişoara', 38),
(11941, 'Tomeşti', 38),
(11942, 'Topolovăţu Mare', 38),
(11943, 'Tormac', 38),
(11944, 'Traian Vuia', 38),
(11945, 'Uivar', 38),
(11946, 'Variaş', 38),
(11947, 'Victor Vlad Delamarina', 38),
(11948, 'Voiteg', 38),
(11949, 'Şag', 38),
(11950, 'Ştiuca', 38),
(11951, 'Bodo', 38),
(11952, 'Fădimac', 38),
(11953, 'Târgovişte', 38),
(11954, 'Dolaţ', 38),
(11955, 'Livezile', 38),
(11956, 'Ofseniţa', 38),
(11957, 'Partoş', 38),
(11958, 'Soca', 38),
(11959, 'Dobreşti', 38),
(11960, 'Lăpuşnic', 38),
(11961, 'Rădmăneşti', 38),
(11962, 'Spata', 38),
(11963, 'Boteşti', 38),
(11964, 'Botineşti', 38),
(11965, 'Drinova', 38),
(11966, 'Jureşti', 38),
(11967, 'Pogăneşti', 38),
(11968, 'Sărăzani', 38),
(11969, 'Cherestur', 38),
(11970, 'Pordeanu', 38),
(11971, 'Dudeştii Noi', 38),
(11972, 'Babşa', 38),
(11973, 'Chizătău', 38),
(11974, 'Gruni', 38),
(11975, 'Cladova', 38),
(11976, 'Cliciova', 38),
(11977, 'Cutina', 38),
(11978, 'Leucuşeşti', 38),
(11979, 'Nevrincea', 38),
(11980, 'Uihei', 38),
(11981, 'Şandra', 38),
(11982, 'Altringen', 38),
(11983, 'Buzad', 38),
(11984, 'Charlotenburg', 38),
(11985, 'Comeat', 38),
(11986, 'Sintar', 38),
(11987, 'Jabăr', 38),
(11988, 'Ohaba-Forgaci', 38),
(11989, 'Sinersig', 38),
(11990, 'Coşarii', 38),
(11991, 'Hodoş', 38),
(11992, 'Lucareţ', 38),
(11993, 'Teş', 38),
(11994, 'Bacova', 38),
(11995, 'Silagiu', 38),
(11996, 'Iecea Mare', 38),
(11997, 'Iecea Mică', 38),
(11998, 'Bobda', 38),
(11999, 'Checea', 38),
(12000, 'Dragşina', 38),
(12001, 'Vucova', 38),
(12002, 'Cebza', 38),
(12003, 'Gad', 38),
(12004, 'Ghilad', 38),
(12005, 'Macedonia', 38),
(12006, 'Obad', 38),
(12007, 'Petroman', 38),
(12008, 'Comloşu Mic', 38),
(12009, 'Lunga', 38),
(12010, 'Hezeriş', 38),
(12011, 'Păru', 38),
(12012, 'Valea Lungă Română', 38),
(12013, 'Ţipari', 38),
(12014, 'Cireşu', 38),
(12015, 'Cireşu Mic', 38),
(12016, 'Jdioara', 38),
(12017, 'Coşava', 38),
(12018, 'Homojdia', 38),
(12019, 'Hodoş', 38),
(12020, 'Sacoşu Mare', 38),
(12021, 'Breştea', 38),
(12022, 'Roviniţa Mare', 38),
(12023, 'Roviniţa Mică', 38),
(12024, 'Opatiţa', 38),
(12025, 'Cheglevici', 38),
(12026, 'Colonia Bulgară', 38),
(12027, 'Vălcani', 38),
(12028, 'Bucovăţ', 38),
(12029, 'Răchita', 38),
(12030, 'Begheiu Mic', 38),
(12031, 'Bichigi', 38),
(12032, 'Brăneşti', 38),
(12033, 'Bunea Mare', 38),
(12034, 'Bunea Mică', 38),
(12035, 'Băteşti', 38),
(12036, 'Colonia Mică', 38),
(12037, 'Jupâneşti', 38),
(12038, 'Povârgina', 38),
(12039, 'Temereşti', 38),
(12040, 'Drăgsineşti', 38),
(12041, 'Gladna Montană', 38),
(12042, 'Gladna Româna', 38),
(12043, 'Hăuzeşti', 38),
(12044, 'Mâtnicu Mic', 38),
(12045, 'Zolt', 38),
(12046, 'Cruceni', 38),
(12047, 'Berecuţa', 38),
(12048, 'Birda', 38),
(12049, 'Butin', 38),
(12050, 'Mânăstire', 38),
(12051, 'Percosova', 38),
(12052, 'Sculia', 38),
(12053, 'Sângeorge', 38),
(12054, 'Şemlacu Mare', 38),
(12055, 'Şemlacu Mic', 38),
(12056, 'Jena', 38),
(12057, 'Lugojel', 38),
(12058, 'Sălbăgel', 38),
(12059, 'Giarmata-Vii', 38),
(12060, 'Hisiaş', 38),
(12061, 'Paniova', 38),
(12062, 'Şanoviţa', 38),
(12063, 'Cerneteaz', 38),
(12064, 'Grănicerii', 38),
(12065, 'Toager', 38),
(12066, 'Chişoda', 38),
(12067, 'Crai Nou', 38),
(12068, 'Ivanda', 38),
(12069, 'Rudna', 38),
(12070, 'Clopodia', 38),
(12071, 'Ferendia', 38),
(12072, 'Gherman', 38),
(12073, 'Lăţunaş', 38),
(12074, 'Pădureni', 38),
(12075, 'Bulgăruş', 38),
(12076, 'Grabăţ', 38),
(12077, 'Cerna', 38),
(12078, 'Iosif', 38),
(12079, 'Gottlob', 38),
(12080, 'Tomnatic', 38),
(12081, 'Vizejdia', 38),
(12082, 'Măguri', 38),
(12083, 'Tapia', 38),
(12084, 'Pădurani', 38),
(12085, 'Remetea-Luncă', 38),
(12086, 'Topla', 38),
(12087, 'Breazova', 38),
(12088, 'Bulza', 38),
(12089, 'Coşeviţa', 38),
(12090, 'Coşteiu de Sus', 38),
(12091, 'Groşi', 38),
(12092, 'Nemeşeşti', 38),
(12093, 'Sinteşti', 38),
(12094, 'Zorani', 38),
(12095, 'Alioş', 38),
(12096, 'Fibiş', 38),
(12097, 'Remetea Mică', 38),
(12098, 'Dejan', 38),
(12099, 'Gaiu Mic', 38),
(12100, 'Stamora Germană', 38),
(12101, 'Albina', 38),
(12102, 'Moşniţa Veche', 38),
(12103, 'Rudicica', 38),
(12104, 'Urseni', 38),
(12105, 'Crivina', 38),
(12106, 'Blajova', 38),
(12107, 'Duboz', 38),
(12108, 'Dubeşti', 38),
(12109, 'Ierşnic', 38),
(12110, 'Ohaba Română', 38),
(12111, 'Corneşti', 38),
(12112, 'Călacea', 38),
(12113, 'Seceani', 38),
(12114, 'Diniaş', 38),
(12115, 'Sânmartinu Sârbesc', 38),
(12116, 'Pesac', 38),
(12117, 'Crivina de Sus', 38),
(12118, 'Fărăşeşti', 38),
(12119, 'Poieni', 38),
(12120, 'Bencecu de Jos', 38),
(12121, 'Bencecu de Sus', 38),
(12122, 'Murani', 38),
(12123, 'Sălciua Nouă', 38),
(12124, 'Căpăt', 38),
(12125, 'Drăgoieşti', 38),
(12126, 'Ficătar', 38),
(12127, 'Hitiaş', 38),
(12128, 'Sârbova', 38),
(12129, 'Bazoş', 38),
(12130, 'Herneacova', 38),
(12131, 'Izvin', 38),
(12132, 'Nadăş', 38),
(12133, 'Petrovaselo', 38),
(12134, 'Stanciova', 38),
(12135, 'Bazoşu Nou', 38),
(12136, 'Bucovăţ', 38),
(12137, 'Ianova', 38),
(12138, 'Beregsău Mare', 38),
(12139, 'Beregsău Mic', 38),
(12140, 'Berini', 38),
(12141, 'Icloda', 38),
(12142, 'Otveşti', 38),
(12143, 'Stamora Română', 38),
(12144, 'Uliuc', 38),
(12145, 'Unip', 38),
(12146, 'Parţa', 38),
(12147, 'Carani', 38),
(12148, 'Covaci', 38),
(12149, 'Sânmihaiu German', 38),
(12150, 'Utvin', 38),
(12151, 'Igriş', 38),
(12152, 'Saravale', 38),
(12153, 'Bărăteaz', 38),
(12154, 'Hodoni', 38),
(12155, 'Checheş', 38),
(12156, 'Crivobara', 38),
(12157, 'Vizma', 38),
(12158, 'Dragomireşti', 38),
(12159, 'Oloşag', 38),
(12160, 'Zgribeşti', 38),
(12161, 'Nerău', 38),
(12162, 'Teremia Mică', 38),
(12163, 'Baloşeşti', 38),
(12164, 'Colonia Fabricii', 38),
(12165, 'Luncanii de Jos', 38),
(12166, 'Luncanii de Sus', 38),
(12167, 'Româneşti', 38),
(12168, 'Cralovăţ', 38),
(12169, 'Ictar-Budinţi', 38),
(12170, 'Iosifalău', 38),
(12171, 'Suştra', 38),
(12172, 'Topolovăţu Mic', 38),
(12173, 'Cadar', 38),
(12174, 'Şipet', 38),
(12175, 'Jupani', 38),
(12176, 'Sudriaş', 38),
(12177, 'Surducu Mic', 38),
(12178, 'Susani', 38),
(12179, 'Săceni', 38),
(12180, 'Iohanisfeld', 38),
(12181, 'Otelec', 38),
(12182, 'Pustiniş', 38),
(12183, 'Răuţi', 38),
(12184, 'Sânmartinu Maghiar', 38),
(12185, 'Gelu', 38),
(12186, 'Sânpetru Mic', 38),
(12187, 'Herendeşti', 38),
(12188, 'Honorici', 38),
(12189, 'Petroasa Mare', 38),
(12190, 'Pini', 38),
(12191, 'Pădureni', 38),
(12192, 'Vişag', 38),
(12193, 'Folea', 38),
(12194, 'Babadag', 39),
(12195, 'Baia', 39),
(12196, 'Beidaud', 39),
(12197, 'C.a. Rosetti', 39),
(12198, 'Carcaliu', 39),
(12199, 'Casimcea', 39),
(12200, 'Ceamurlia de Jos', 39),
(12201, 'Ceatalchioi', 39),
(12202, 'Cerna', 39),
(12203, 'Chilia Veche', 39),
(12204, 'Ciucurova', 39),
(12205, 'Crişan', 39),
(12206, 'Dorobanţu', 39),
(12207, 'Dăeni', 39),
(12208, 'Frecăţei', 39),
(12209, 'Greci', 39),
(12210, 'Grindu', 39),
(12211, 'Hamcearca', 39),
(12212, 'Horia', 39),
(12213, 'I.c.brătianu', 39),
(12214, 'Isaccea', 39),
(12215, 'Izvoarele', 39),
(12216, 'Jijila', 39),
(12217, 'Jurilovca', 39),
(12218, 'Luncaviţa', 39),
(12219, 'Mahmudia', 39),
(12220, 'Maliuc', 39),
(12221, 'Mihai Bravu', 39),
(12222, 'Mihail Kogălniceanu', 39),
(12223, 'Murighiol', 39),
(12224, 'Măcin', 39),
(12225, 'Nalbant', 39),
(12226, 'Niculiţel', 39),
(12227, 'Nufăru', 39),
(12228, 'Ostrov', 39),
(12229, 'Pardina', 39),
(12230, 'Peceneaga', 39),
(12231, 'Sarichioi', 39),
(12232, 'Sfântu Gheorghe', 39),
(12233, 'Slava Cercheză', 39),
(12234, 'Smârdan', 39),
(12235, 'Somova', 39),
(12236, 'Stejaru', 39),
(12237, 'Sulina', 39),
(12238, 'Topolog', 39),
(12239, 'Tulcea', 39),
(12240, 'Turcoaia', 39),
(12241, 'Valea Nucarilor', 39),
(12242, 'Văcăreni', 39),
(12243, 'Camena', 39),
(12244, 'Caugagia', 39),
(12245, 'Ceamurlia de Sus', 39),
(12246, 'Panduru', 39),
(12247, 'Neatârnarea', 39),
(12248, 'Sarighiol de Deal', 39),
(12249, 'Cardon', 39),
(12250, 'Letea', 39),
(12251, 'Periprava', 39),
(12252, 'Sfiştofca', 39),
(12253, 'Cişmeaua Nouă', 39),
(12254, 'Corugea', 39),
(12255, 'Haidar', 39),
(12256, 'Rahman', 39),
(12257, 'Războieni', 39),
(12258, 'Stânca', 39),
(12259, 'Lunca', 39),
(12260, 'Plauru', 39),
(12261, 'Pătlăgeanca', 39),
(12262, 'Sălceni', 39),
(12263, 'General Praporgescu', 39),
(12264, 'Mircea Vodă', 39),
(12265, 'Traian', 39),
(12266, 'Câşliţa', 39),
(12267, 'Ostrovu Tătaru', 39),
(12268, 'Tatanir', 39),
(12269, 'Atmagea', 39),
(12270, 'Fântâna Mare', 39),
(12271, 'Caraorman', 39),
(12272, 'Mila 23', 39),
(12273, 'Ardealu', 39),
(12274, 'Cârjelari', 39),
(12275, 'Fântâna Oilor', 39),
(12276, 'Meşteru', 39),
(12277, 'Cataloi', 39),
(12278, 'Poşta', 39),
(12279, 'Teliţa', 39),
(12280, 'Balabancea', 39),
(12281, 'Căprioara', 39),
(12282, 'Nifon', 39),
(12283, 'Cloşca', 39),
(12284, 'Floreşti', 39),
(12285, 'Revărsarea', 39),
(12286, 'Tichileşti', 39),
(12287, 'Alba', 39),
(12288, 'Iulia', 39),
(12289, 'Valea Teilor', 39),
(12290, 'Garvăn', 39),
(12291, 'Sălcioara', 39),
(12292, 'Vişina', 39),
(12293, 'Rachelu', 39),
(12294, 'Beştepe', 39),
(12295, 'Băltenii de Jos', 39),
(12296, 'Băltenii de Sus', 39),
(12297, 'Gorgova', 39),
(12298, 'Ilganii de Sus', 39),
(12299, 'Partizani', 39),
(12300, 'Vulturu', 39),
(12301, 'Satu Nou', 39),
(12302, 'Turda', 39),
(12303, 'Lăstuni', 39),
(12304, 'Rândunica', 39),
(12305, 'Colina', 39),
(12306, 'Dunavăţu de Jos', 39),
(12307, 'Dunavăţu de Sus', 39),
(12308, 'Plopul', 39),
(12309, 'Sarinasuf', 39),
(12310, 'Uzlina', 39),
(12311, 'Nicolae Bălcescu', 39),
(12312, 'Trestenic', 39),
(12313, 'Ilganii de Jos', 39),
(12314, 'Malcoci', 39),
(12315, 'Victoria', 39),
(12316, 'Piatra', 39),
(12317, 'Enisala', 39),
(12318, 'Sabangia', 39),
(12319, 'Visterna', 39),
(12320, 'Zebil', 39),
(12321, 'Slava Rusă', 39),
(12322, 'Mineri', 39),
(12323, 'Parcheş', 39),
(12324, 'Mina Altân Tepe', 39),
(12325, 'Vasile Alecsandri', 39),
(12326, 'Calfa', 39),
(12327, 'Cerbu', 39),
(12328, 'Făgăraşu Nou', 39),
(12329, 'Luminiţa', 39),
(12330, 'Măgurele', 39),
(12331, 'Sâmbăta Nouă', 39),
(12332, 'Tudor Vladimirescu', 39),
(12333, 'Agighiol', 39),
(12334, 'Iazurile', 39),
(12335, 'Alunu', 40),
(12336, 'Amărăşti', 40),
(12337, 'Berbeşti', 40),
(12338, 'Berislăveşti', 40),
(12339, 'Boişoara', 40),
(12340, 'Brezoi', 40),
(12341, 'Budeşti', 40),
(12342, 'Bujoreni', 40),
(12343, 'Buneşti', 40),
(12344, 'Băbeni', 40),
(12345, 'Bălceşti', 40),
(12346, 'Bărbăteşti', 40),
(12347, 'Cernişoara', 40),
(12348, 'Copăceni', 40),
(12349, 'Costeşti', 40),
(12350, 'Creţeni', 40),
(12351, 'Călimăneşti', 40),
(12352, 'Drăgoeşti', 40),
(12353, 'Drăgăşani', 40),
(12354, 'Dăeşti', 40),
(12355, 'Frânceşti', 40),
(12356, 'Fârtăţeşti', 40),
(12357, 'Făureşti', 40),
(12358, 'Galicea', 40),
(12359, 'Ghioroiu', 40),
(12360, 'Glăvile', 40),
(12361, 'Grădiştea', 40),
(12362, 'Guşoeni', 40),
(12363, 'Horezu', 40),
(12364, 'Ioneşti', 40),
(12365, 'Laloşu', 40),
(12366, 'Livezi', 40),
(12367, 'Lungeşti', 40),
(12368, 'Lădeşti', 40),
(12369, 'Malaia', 40),
(12370, 'Mateeşti', 40),
(12371, 'Mihăeşti', 40),
(12372, 'Milcoiu', 40),
(12373, 'Muereasca', 40),
(12374, 'Mădulari', 40),
(12375, 'Măldăreşti', 40),
(12376, 'Olanu', 40),
(12377, 'Orleşti', 40),
(12378, 'Oteşani', 40),
(12379, 'Perişani', 40),
(12380, 'Pesceana', 40),
(12381, 'Pietrari', 40),
(12382, 'Popeşti', 40),
(12383, 'Prundeni', 40),
(12384, 'Păuşeşti', 40),
(12385, 'Păuşeşti-Măglaşi', 40),
(12386, 'Racoviţa', 40),
(12387, 'Roeşti', 40),
(12388, 'Roşiile', 40),
(12389, 'Runcu', 40),
(12390, 'Râmnicu Vâlcea', 40),
(12391, 'Scundu', 40),
(12392, 'Sineşti', 40),
(12393, 'Slătioara', 40),
(12394, 'Stoeneşti', 40),
(12395, 'Stoileşti', 40),
(12396, 'Stroeşti', 40),
(12397, 'Stăneşti', 40),
(12398, 'Suteşti', 40),
(12399, 'Sălătrucel', 40),
(12400, 'Tetoiu', 40),
(12401, 'Titeşti', 40),
(12402, 'Tomşani', 40),
(12403, 'Vaideeni', 40),
(12404, 'Valea Mare', 40),
(12405, 'Vlădeşti', 40),
(12406, 'Voiceşti', 40),
(12407, 'Voineasa', 40),
(12408, 'Zătreni', 40),
(12409, 'Şirineasa', 40),
(12410, 'Ştefăneşti', 40),
(12411, 'Şuşani', 40),
(12412, 'Bodeşti', 40),
(12413, 'Colteşti', 40),
(12414, 'Igoiu', 40),
(12415, 'Ilaciu', 40),
(12416, 'Ocracu', 40),
(12417, 'Roşia', 40),
(12418, 'Mereşeşti', 40),
(12419, 'Nemoiu', 40),
(12420, 'Padina', 40),
(12421, 'Palanga', 40),
(12422, 'Teiul', 40),
(12423, 'Bonciu', 40),
(12424, 'Capu Dealului', 40),
(12425, 'Pădureţu', 40),
(12426, 'Români', 40),
(12427, 'Tătărani', 40),
(12428, 'Valea Mare', 40),
(12429, 'Curăturile', 40),
(12430, 'Gătejeşti', 40),
(12431, 'Prajila', 40),
(12432, 'Cheia', 40),
(12433, 'Comanca', 40),
(12434, 'Gurguiata', 40),
(12435, 'Livadia', 40),
(12436, 'Moşoroaşa', 40),
(12437, 'Olăneşti', 40),
(12438, 'Pietrişu', 40),
(12439, 'Tisa', 40),
(12440, 'Beneşti', 40),
(12441, 'Chirculeşti', 40),
(12442, 'Cârlogani', 40),
(12443, 'Goruneşti', 40),
(12444, 'Irimeşti', 40),
(12445, 'Otetelişu', 40),
(12446, 'Preoteşti', 40),
(12447, 'Satu Poieni', 40),
(12448, 'Bodeşti', 40),
(12449, 'Bârzeşti', 40),
(12450, 'Negruleşti', 40),
(12451, 'Dealu Aluniş', 40),
(12452, 'Dămţeni', 40),
(12453, 'Roşioara', 40),
(12454, 'Târgu Gânguleşti', 40),
(12455, 'Valea Mare', 40),
(12456, 'Brădişor', 40),
(12457, 'Dângeşti', 40),
(12458, 'Robaia', 40),
(12459, 'Rădăcineşti', 40),
(12460, 'Scăueni', 40),
(12461, 'Stoeneşti', 40),
(12462, 'Bumbueşti', 40),
(12463, 'Găujani', 40),
(12464, 'Corbu', 40),
(12465, 'Călineşti', 40),
(12466, 'Drăgăneşti', 40),
(12467, 'Golotreni', 40),
(12468, 'Proieni', 40),
(12469, 'Păscoaia', 40),
(12470, 'Valea lui Stan', 40),
(12471, 'Văratica', 40),
(12472, 'Barza', 40),
(12473, 'Bercioiu', 40),
(12474, 'Bârseşti', 40),
(12475, 'Linia', 40),
(12476, 'Piscu Pietrei', 40),
(12477, 'Racoviţa', 40),
(12478, 'Ruda', 40),
(12479, 'Bogdăneşti', 40),
(12480, 'Gura Văii', 40),
(12481, 'Lunca', 40),
(12482, 'Malu Alb', 40),
(12483, 'Malu Vârtop', 40),
(12484, 'Olteni', 40),
(12485, 'Coasta Mare', 40),
(12486, 'Fireşti', 40),
(12487, 'Râpăneşti', 40),
(12488, 'Teiuşu', 40),
(12489, 'Titireci', 40),
(12490, 'Câinenii Mari', 40),
(12491, 'Câinenii Mici', 40),
(12492, 'Grebleşti', 40),
(12493, 'Priloage', 40),
(12494, 'Robeşti', 40),
(12495, 'Râu Vadului', 40),
(12496, 'Căciulata', 40),
(12497, 'Jiblea Nouă', 40),
(12498, 'Jiblea Veche', 40),
(12499, 'Păuşa', 40),
(12500, 'Seaca', 40),
(12501, 'Armăşeşti', 40),
(12502, 'Groşi', 40),
(12503, 'Modoia', 40),
(12504, 'Mădulari', 40),
(12505, 'Obârşia', 40),
(12506, 'Sărsăneşti', 40),
(12507, 'Bondoci', 40),
(12508, 'Bălteni', 40),
(12509, 'Hotărasa', 40),
(12510, 'Ulmetu', 40),
(12511, 'Veţelu', 40),
(12512, 'Bistriţa', 40),
(12513, 'Pietreni', 40),
(12514, 'Văratici', 40),
(12515, 'Izvoru', 40),
(12516, 'Mreneşti', 40),
(12517, 'Streminoasa', 40),
(12518, 'Băbueşti', 40),
(12519, 'Fedeleşoiu', 40),
(12520, 'Sânbotin', 40),
(12521, 'Bădeni', 40),
(12522, 'Ceretu', 40),
(12523, 'Cireşul', 40),
(12524, 'Dealu Lăunele', 40),
(12525, 'Dealu Scheiului', 40),
(12526, 'Dobreşti', 40),
(12527, 'Drăguleşti', 40),
(12528, 'Glodu', 40),
(12529, 'Gura Crucilor', 40),
(12530, 'Linia pe Vale', 40),
(12531, 'Lăunele de Jos', 40),
(12532, 'Udreşti', 40),
(12533, 'Valea Scheiului', 40),
(12534, 'Valea Caselor', 40),
(12535, 'Zlătărei', 40),
(12536, 'Zărneni', 40),
(12537, 'Buciumeni', 40),
(12538, 'Geamăna', 40),
(12539, 'Afânata', 40),
(12540, 'Becşani', 40),
(12541, 'Cuci', 40),
(12542, 'Căţetu', 40),
(12543, 'Dejoi', 40),
(12544, 'Dozeşti', 40),
(12545, 'Dăncăi', 40),
(12546, 'Giuleşti', 40),
(12547, 'Giuleştii de Sus', 40),
(12548, 'Gârnicet', 40),
(12549, 'Măriceşti', 40),
(12550, 'Nisipi', 40),
(12551, 'Popeşti', 40),
(12552, 'Rusăneşti', 40),
(12553, 'Seciu', 40),
(12554, 'Stănculeşti', 40),
(12555, 'Tanislavi', 40),
(12556, 'Valea Ursului', 40),
(12557, 'Şotani', 40),
(12558, 'Budeşti', 40),
(12559, 'Bungeţani', 40),
(12560, 'Băbeni-Olteţu', 40),
(12561, 'Colelia', 40),
(12562, 'Diculeşti', 40),
(12563, 'Găineşti', 40),
(12564, 'Mileşti', 40),
(12565, 'Mărcuşu', 40),
(12566, 'Băluţoaia', 40),
(12567, 'Coşani', 40),
(12568, 'Dezrobiţi', 40),
(12569, 'Genuneni', 40),
(12570, 'Moşteni', 40),
(12571, 'Mănăileşti', 40),
(12572, 'Surpatele', 40),
(12573, 'Viişoara', 40),
(12574, 'Bratia din Deal', 40),
(12575, 'Bratia din Vale', 40),
(12576, 'Cocoru', 40),
(12577, 'Cremenari', 40),
(12578, 'Dealu Mare', 40),
(12579, 'Ostroveni', 40),
(12580, 'Teiu', 40),
(12581, 'Valea Râului', 40),
(12582, 'Căzăneşti', 40),
(12583, 'Herăşti', 40),
(12584, 'Mierea', 40),
(12585, 'Poienari', 40),
(12586, 'Ştirbeşti', 40),
(12587, 'Aninoasa', 40),
(12588, 'Jaroştea', 40),
(12589, 'Olteanca', 40),
(12590, 'Voiculeasa', 40),
(12591, 'Aldeşti', 40),
(12592, 'Blidari', 40),
(12593, 'Coasta', 40),
(12594, 'Drăgăneşti', 40),
(12595, 'Gibeşti', 40),
(12596, 'Giurgiuveni', 40),
(12597, 'Opăteşti', 40),
(12598, 'Poeniţa', 40),
(12599, 'Popeşti', 40),
(12600, 'Tulei-Câmpeni', 40),
(12601, 'Vătăşeşti', 40),
(12602, 'Diaconeşti', 40),
(12603, 'Dobricea', 40),
(12604, 'Linia', 40),
(12605, 'Obislavu', 40),
(12606, 'Străchineşti', 40),
(12607, 'Turburea', 40),
(12608, 'Valea Grădiştei', 40),
(12609, 'Ţuţuru', 40),
(12610, 'Burdăleşti', 40),
(12611, 'Dealu Mare', 40),
(12612, 'Guşoianca', 40),
(12613, 'Măgureni', 40),
(12614, 'Spârleni', 40),
(12615, 'Ifrimeşti', 40),
(12616, 'Romanii de Jos', 40),
(12617, 'Romanii de Sus', 40),
(12618, 'Râmeşti', 40),
(12619, 'Tănăseşti', 40),
(12620, 'Urşani', 40),
(12621, 'Bucşani', 40),
(12622, 'Dealu Mare', 40),
(12623, 'Delureni', 40),
(12624, 'Fişcălia', 40),
(12625, 'Foteşti', 40),
(12626, 'Guguianca', 40),
(12627, 'Marcea', 40),
(12628, 'Prodăneşti', 40),
(12629, 'Cermegeşti', 40),
(12630, 'Chiriceşti', 40),
(12631, 'Ciumagi', 40),
(12632, 'Dealu Corni', 40),
(12633, 'Găgeni', 40),
(12634, 'Măldăreşti', 40),
(12635, 'Olteanca', 40),
(12636, 'Popeşti', 40),
(12637, 'Păsculeşti', 40),
(12638, 'Berbeşti', 40),
(12639, 'Ghindari', 40),
(12640, 'Mologeşti', 40),
(12641, 'Olteţani', 40),
(12642, 'Portăreşti', 40),
(12643, 'Bereşti', 40),
(12644, 'Broşteni', 40),
(12645, 'Mijaţi', 40),
(12646, 'Scoruşu', 40),
(12647, 'Săruleşti', 40),
(12648, 'Zărneşti', 40),
(12649, 'Şerbăneşti', 40),
(12650, 'Pleşoiu', 40),
(12651, 'Pârâienii de Jos', 40),
(12652, 'Pârâienii de Mijloc', 40),
(12653, 'Pârâienii de Sus', 40),
(12654, 'Părăuşani', 40),
(12655, 'Tina', 40),
(12656, 'Cărcădieşti', 40),
(12657, 'Dumbrava', 40),
(12658, 'Fumureni', 40),
(12659, 'Gănţulei', 40),
(12660, 'Stăneşti-Lunca', 40),
(12661, 'Bocşa', 40),
(12662, 'Botorani', 40),
(12663, 'Ciocănari', 40),
(12664, 'Măciuceni', 40),
(12665, 'Măldăreşti', 40),
(12666, 'Oveselu', 40),
(12667, 'Popeşti', 40),
(12668, 'Zăvoieni', 40),
(12669, 'Ştefăneşti', 40),
(12670, 'Bălşoara', 40),
(12671, 'Bănţeşti', 40),
(12672, 'Dimuleşti', 40),
(12673, 'Iacovile', 40),
(12674, 'Mamu', 40),
(12675, 'Ciungetu', 40),
(12676, 'Săliştea', 40),
(12677, 'Măldăreştii de Jos', 40),
(12678, 'Roşoveni', 40),
(12679, 'Telecheşti', 40),
(12680, 'Greci', 40),
(12681, 'Turceşti', 40),
(12682, 'Arsanca', 40),
(12683, 'Buleta', 40),
(12684, 'Bârseşti', 40),
(12685, 'Govora', 40),
(12686, 'Gurişoara', 40),
(12687, 'Munteni', 40),
(12688, 'Măgura', 40),
(12689, 'Negreni', 40),
(12690, 'Rugetu', 40),
(12691, 'Scărişoara', 40),
(12692, 'Stupărei', 40),
(12693, 'Vulpueşti', 40),
(12694, 'Ciuteşti', 40),
(12695, 'Căzăneşti', 40),
(12696, 'Izbăseşti', 40),
(12697, 'Tepşenari', 40),
(12698, 'Şuricaru', 40),
(12699, 'Andreieşti', 40),
(12700, 'Frânceşti-Coasta', 40),
(12701, 'Găvăneşti', 40),
(12702, 'Hotarele', 40),
(12703, 'Muereasca de Sus', 40),
(12704, 'Pripoara', 40),
(12705, 'Şuta', 40),
(12706, 'Băneşti', 40),
(12707, 'Corbii din Vale', 40),
(12708, 'Dosu Râului', 40),
(12709, 'Ginerica', 40),
(12710, 'Gâltofani', 40),
(12711, 'Linia Hanului', 40),
(12712, 'Mângureni', 40),
(12713, 'Măzăraru', 40),
(12714, 'Pleşoiu', 40),
(12715, 'Popeşti', 40),
(12716, 'Predeşti', 40),
(12717, 'Rotărăşti', 40),
(12718, 'Schitu', 40),
(12719, 'Tufanii', 40),
(12720, 'Valea Bălcească', 40),
(12721, 'Valea Viei', 40),
(12722, 'Şerbăneasa', 40),
(12723, 'Buda', 40),
(12724, 'Cosota', 40),
(12725, 'Făcăi', 40),
(12726, 'Gura Suhaşului', 40),
(12727, 'Lunca', 40),
(12728, 'Ocniţa', 40),
(12729, 'Slătioarele', 40),
(12730, 'Ţeica', 40),
(12731, 'Casa Veche', 40),
(12732, 'Cioboţi', 40),
(12733, 'Drăgioiu', 40),
(12734, 'Nicoleşti', 40),
(12735, 'Stoicăneşti', 40),
(12736, 'Aureşti', 40),
(12737, 'Procopoaia', 40),
(12738, 'Scaioşi', 40),
(12739, 'Silea', 40),
(12740, 'Bogdăneşti', 40),
(12741, 'Cuceşti', 40),
(12742, 'Cârstăneşti', 40),
(12743, 'Sub Deal', 40),
(12744, 'Barcanele', 40),
(12745, 'Buzdugan', 40),
(12746, 'Cernelele', 40),
(12747, 'Păuseşti-Otăsău', 40),
(12748, 'Văleni', 40),
(12749, 'Şerbăneşti', 40),
(12750, 'Şoliceşti', 40),
(12751, 'Coasta', 40),
(12752, 'Pietrari', 40),
(12753, 'Ulmeţel', 40),
(12754, 'Valea Cheii', 40),
(12755, 'Vlăduceni', 40),
(12756, 'Băiaşu', 40),
(12757, 'Mlăceni', 40),
(12758, 'Podeni', 40),
(12759, 'Poiana', 40),
(12760, 'Pripoare', 40),
(12761, 'Spinu', 40),
(12762, 'Surdoiu', 40),
(12763, 'Cermegeşti', 40),
(12764, 'Lupoaia', 40),
(12765, 'Negraia', 40),
(12766, 'Roeşti', 40),
(12767, 'Ursoaia', 40),
(12768, 'Pietrarii de Sus', 40),
(12769, 'Curtea', 40),
(12770, 'Dăeşti', 40),
(12771, 'Firijba', 40),
(12772, 'Meieni', 40),
(12773, 'Urşi', 40),
(12774, 'Valea Caselor', 40),
(12775, 'Bărbuceni', 40),
(12776, 'Călina', 40),
(12777, 'Zăvideni', 40),
(12778, 'Balota', 40),
(12779, 'Blănoiu', 40),
(12780, 'Bradu-Clocotici', 40),
(12781, 'Copăceni', 40),
(12782, 'Gruiu Lupului', 40),
(12783, 'Tuţuleşti', 40),
(12784, 'Aranghel', 40),
(12785, 'Copăcelu', 40),
(12786, 'Căzăneşti', 40),
(12787, 'Dealu Malului', 40),
(12788, 'Feţeni', 40),
(12789, 'Goranu', 40),
(12790, 'Lespezi', 40),
(12791, 'Poenari', 40),
(12792, 'Priba', 40),
(12793, 'Râureni', 40),
(12794, 'Stolniceni', 40),
(12795, 'Săliştea', 40),
(12796, 'Troian', 40),
(12797, 'Băiaşa', 40),
(12798, 'Băjenari', 40),
(12799, 'Bărbărigeni', 40),
(12800, 'Ciocâltei', 40),
(12801, 'Cueni', 40),
(12802, 'Frăsina', 40),
(12803, 'Piscu Scoarţei', 40),
(12804, 'Râpa Cărămizii', 40),
(12805, 'Saioci', 40),
(12806, 'Balaciu', 40),
(12807, 'Cherăşti', 40),
(12808, 'Hotăroaia', 40),
(12809, 'Lupuieşti', 40),
(12810, 'Perteşti', 40),
(12811, 'Pleseşti', 40),
(12812, 'Păsărei', 40),
(12813, 'Româneşti', 40),
(12814, 'Răţăleşti', 40),
(12815, 'Zgubea', 40),
(12816, 'Căligi', 40),
(12817, 'Gropeni', 40),
(12818, 'Snamăna', 40),
(12819, 'Surpaţi', 40),
(12820, 'Valea Babei', 40),
(12821, 'Vărateci', 40),
(12822, 'Păteşti', 40),
(12823, 'Seaca', 40),
(12824, 'Şerbăneşti', 40),
(12825, 'Avrămeşti', 40),
(12826, 'Blejani', 40),
(12827, 'Crângu', 40),
(12828, 'Ciucheţi', 40),
(12829, 'Dealu Bisericii', 40),
(12830, 'Mijlocu', 40),
(12831, 'Popeşti', 40),
(12832, 'Urzica', 40),
(12833, 'Aricioaia', 40),
(12834, 'Ciorăşti', 40),
(12835, 'Slăviteşti', 40),
(12836, 'Valea Alunişului', 40),
(12837, 'Coasta Cerbului', 40),
(12838, 'Goruneşti', 40),
(12839, 'Milostea', 40),
(12840, 'Mogeşti', 40),
(12841, 'Rugetu', 40),
(12842, 'Bărcăneşti', 40),
(12843, 'Cioponeşti', 40),
(12844, 'Cuculeşti', 40),
(12845, 'Gârnicetu', 40),
(12846, 'Linia Dealului', 40),
(12847, 'Suieşti', 40),
(12848, 'Valea Lungă', 40),
(12849, 'Vârleni', 40),
(12850, 'Condoieşti', 40),
(12851, 'Dobruşa', 40),
(12852, 'Şerbăneşti', 40),
(12853, 'Budurăşti', 40),
(12854, 'Bârlogu', 40),
(12855, 'Deleni', 40),
(12856, 'Dobriceni', 40),
(12857, 'Gruieri', 40),
(12858, 'Gruiu', 40),
(12859, 'Mogoşeşti', 40),
(12860, 'Neghineşti', 40),
(12861, 'Piscu Mare', 40),
(12862, 'Popeşti', 40),
(12863, 'Suseni', 40),
(12864, 'Zmeurătu', 40),
(12865, 'Balomireasa', 40),
(12866, 'Bulagei', 40),
(12867, 'Bârsoiu', 40),
(12868, 'Delureni', 40),
(12869, 'Geamăna', 40),
(12870, 'Ghiobeşti', 40),
(12871, 'Giuroiu', 40),
(12872, 'Izvoru Rece', 40),
(12873, 'Malu', 40),
(12874, 'Neţeşti', 40),
(12875, 'Obogeni', 40),
(12876, 'Stăneşti', 40),
(12877, 'Urşi', 40),
(12878, 'Vlăduleşti', 40),
(12879, 'Cireşu', 40),
(12880, 'Dianu', 40),
(12881, 'Obroceşti', 40),
(12882, 'Pojogi-Cerna', 40),
(12883, 'Râmeşti', 40),
(12884, 'Stoiculeşti', 40),
(12885, 'Sârbi', 40),
(12886, 'Uşurei', 40),
(12887, 'Boroşeşti', 40),
(12888, 'Cetăţeaua', 40),
(12889, 'Izvoraşu', 40),
(12890, 'Mitrofani', 40),
(12891, 'Măzili', 40),
(12892, 'Racu', 40),
(12893, 'Verdea', 40),
(12894, 'Budele', 40),
(12895, 'Băroiu', 40),
(12896, 'Măneasa', 40),
(12897, 'Nenciuleşti', 40),
(12898, 'Popeşti', 40),
(12899, 'Ţepeşti', 40),
(12900, 'Bratoveşti', 40),
(12901, 'Cucoiu', 40),
(12902, 'Bogdăneşti', 40),
(12903, 'Băltăţeni', 40),
(12904, 'Chiceni', 40),
(12905, 'Dumbrăveşti', 40),
(12906, 'Foleştii de Jos', 40),
(12907, 'Foleştii de Sus', 40),
(12908, 'Mireşti', 40),
(12909, 'Cerna', 40),
(12910, 'Cornet', 40),
(12911, 'Izvoru Rece', 40),
(12912, 'Mariţa', 40),
(12913, 'Bătăşani', 40),
(12914, 'Delureni', 40),
(12915, 'Drăganu', 40),
(12916, 'Mărgineni', 40),
(12917, 'Pietroasa', 40),
(12918, 'Fundătura', 40),
(12919, 'Pleaşa', 40),
(12920, 'Priporu', 40),
(12921, 'Trundin', 40),
(12922, 'Tighina', 40),
(12923, 'Voiceştii din Vale', 40),
(12924, 'Valea Măceşului', 40),
(12925, 'Voineşiţa', 40),
(12926, 'Butanu', 40),
(12927, 'Ciorteşti', 40),
(12928, 'Contea', 40),
(12929, 'Dealu Glămeia', 40),
(12930, 'Dealu Văleni', 40),
(12931, 'Făureşti', 40),
(12932, 'Găneşti', 40),
(12933, 'Lăcusteni', 40),
(12934, 'Lăcustenii de Jos', 40),
(12935, 'Lăcustenii de Sus', 40),
(12936, 'Mecea', 40),
(12937, 'Mănicea', 40),
(12938, 'Olteţu', 40),
(12939, 'Stanomiru', 40),
(12940, 'Săşcioara', 40),
(12941, 'Valea Văleni', 40),
(12942, 'Văleni', 40),
(12943, 'Zătrenii de Sus', 40),
(12944, 'Albeşti', 41),
(12945, 'Alexandru Vlahuţă', 41),
(12946, 'Arsura', 41),
(12947, 'Banca', 41),
(12948, 'Berezeni', 41),
(12949, 'Blăgeşti', 41),
(12950, 'Bogdana', 41),
(12951, 'Bogdăneşti', 41),
(12952, 'Bogdăniţa', 41),
(12953, 'Boţeşti', 41),
(12954, 'Băcani', 41),
(12955, 'Băceşti', 41),
(12956, 'Bălteni', 41),
(12957, 'Codăeşti', 41),
(12958, 'Coroieşti', 41),
(12959, 'Costeşti', 41),
(12960, 'Creţeşti', 41),
(12961, 'Deleni', 41),
(12962, 'Deleşti', 41),
(12963, 'Dragomireşti', 41),
(12964, 'Drânceni', 41),
(12965, 'Dumeşti', 41),
(12966, 'Dăneşti', 41),
(12967, 'Epureni', 41),
(12968, 'Fălciu', 41),
(12969, 'Ghergheşti', 41),
(12970, 'Griviţa', 41),
(12971, 'Gârceni', 41),
(12972, 'Găgeşti', 41),
(12973, 'Hoceni', 41),
(12974, 'Huşi', 41),
(12975, 'Iana', 41),
(12976, 'Ibăneşti', 41),
(12977, 'Iveşti', 41),
(12978, 'Ivăneşti', 41),
(12979, 'Laza', 41),
(12980, 'Lipovăţ', 41),
(12981, 'Lunca Banului', 41),
(12982, 'Micleşti', 41),
(12983, 'Muntenii de Jos', 41),
(12984, 'Murgeni', 41),
(12985, 'Măluşteni', 41),
(12986, 'Negreşti', 41),
(12987, 'Olteneşti', 41),
(12988, 'Oşeşti', 41),
(12989, 'Perieni', 41),
(12990, 'Pogana', 41),
(12991, 'Poieneşti', 41),
(12992, 'Puieşti', 41),
(12993, 'Pungeşti', 41),
(12994, 'Pădureni', 41),
(12995, 'Rebricea', 41),
(12996, 'Roşieşti', 41),
(12997, 'Soleşti', 41),
(12998, 'Stănileşti', 41),
(12999, 'Tanacu', 41),
(13000, 'Todireşti', 41),
(13001, 'Tutova', 41),
(13002, 'Tăcuta', 41),
(13003, 'Tătărăni', 41),
(13004, 'Vaslui', 41),
(13005, 'Vetrişoaia', 41),
(13006, 'Viişoara', 41),
(13007, 'Vinderei', 41),
(13008, 'Voineşti', 41),
(13009, 'Vultureşti', 41),
(13010, 'Vutcani', 41),
(13011, 'Văleni', 41),
(13012, 'Zorleni', 41),
(13013, 'Zăpodeni', 41),
(13014, 'Ştefan cel Mare', 41),
(13015, 'Şuletea', 41),
(13016, 'Corni-Albeşti', 41),
(13017, 'Crasna', 41),
(13018, 'Gura Albeşti', 41),
(13019, 'Buda', 41),
(13020, 'Ghicani', 41),
(13021, 'Morăreni', 41),
(13022, 'Fundătura', 41),
(13023, 'Mihail Kogălniceanu', 41),
(13024, 'Pâhneşti', 41),
(13025, 'Băltăţeni', 41),
(13026, 'Drujeşti', 41),
(13027, 'Suseni', 41),
(13028, 'Vulpăşeni', 41),
(13029, 'Armăşeni', 41),
(13030, 'Băbuşa', 41),
(13031, 'Păltiniş', 41),
(13032, 'Vovrieşti', 41),
(13033, 'Ţibăneştii Buhlii', 41),
(13034, 'Bălteni-Deal', 41),
(13035, 'Chetreşti', 41),
(13036, '1 Decembrie', 41),
(13037, 'Gara Banca', 41),
(13038, 'Ghermăneşti', 41),
(13039, 'Micleşti', 41),
(13040, 'Mitoc', 41),
(13041, 'Satu Nou', 41),
(13042, 'Stoişeşti', 41),
(13043, 'Strâmtura-Mitoc', 41),
(13044, 'Sârbi', 41),
(13045, 'Sălcioara', 41),
(13046, 'Ţifu', 41),
(13047, 'Muşata', 41),
(13048, 'Rânceni', 41),
(13049, 'Satu Nou', 41),
(13050, 'Stuhuleţ', 41),
(13051, 'Bârlad', 41),
(13052, 'Igeşti', 41),
(13053, 'Sipeni', 41),
(13054, 'Arşiţa', 41),
(13055, 'Fântâna Blănarului', 41),
(13056, 'Găvanu', 41),
(13057, 'Lacu Babei', 41),
(13058, 'Plopeni', 41),
(13059, 'Similişoara', 41),
(13060, 'Suceveni', 41),
(13061, 'Verdeş', 41),
(13062, 'Buda', 41),
(13063, 'Horoiata', 41),
(13064, 'Hupca', 41),
(13065, 'Orgoieşti', 41),
(13066, 'Ulea', 41),
(13067, 'Unţeşti', 41),
(13068, 'Vişinari', 41),
(13069, 'Vlădeşti', 41),
(13070, 'Cepeşti', 41),
(13071, 'Coroieşti', 41),
(13072, 'Cârţibaşi', 41),
(13073, 'Rădăeşti', 41),
(13074, 'Schitu', 41),
(13075, 'Tunseşti', 41),
(13076, 'Gugeşti', 41),
(13077, 'Găneşti', 41),
(13078, 'Tălpigeni', 41),
(13079, 'Armăşeni', 41),
(13080, 'Avereşti', 41),
(13081, 'Buneşti', 41),
(13082, 'Plopi', 41),
(13083, 'Podu Oprii', 41),
(13084, 'Roşiori', 41),
(13085, 'Tăbălăeşti', 41),
(13086, 'Ghergheleu', 41),
(13087, 'Pribeşti', 41),
(13088, 'Rediu Galian', 41),
(13089, 'Chilieni', 41),
(13090, 'Coroieştii de Sus', 41),
(13091, 'Hreasca', 41),
(13092, 'Mireni', 41),
(13093, 'Movileni', 41),
(13094, 'Păcurăreşti', 41),
(13095, 'Chiţcani', 41),
(13096, 'Dinga', 41),
(13097, 'Puntişeni', 41),
(13098, 'Pârveşti', 41),
(13099, 'Rădeşti', 41),
(13100, 'Budeşti', 41),
(13101, 'Creţeştii de Sus', 41),
(13102, 'Satu Nou', 41),
(13103, 'Bereasa', 41),
(13104, 'Boţoaia', 41),
(13105, 'Emil Racoviţă', 41),
(13106, 'Răşcani', 41),
(13107, 'Tătărăni', 41),
(13108, 'Bulboaca', 41),
(13109, 'Moreni', 41),
(13110, 'Zizinca', 41),
(13111, 'Albeşti', 41),
(13112, 'Băleşti', 41),
(13113, 'Cozmeşti', 41),
(13114, 'Fundătura', 41),
(13115, 'Fâstâci', 41),
(13116, 'Hordileşti', 41),
(13117, 'Hârsova', 41),
(13118, 'Mânăstirea', 41),
(13119, 'Răduieşti', 41),
(13120, 'Grumezoaia', 41),
(13121, 'Guşiţei', 41),
(13122, 'Hurdugi', 41),
(13123, 'Plotoneşti', 41),
(13124, 'Urlaţi', 41),
(13125, 'Belzeni', 41),
(13126, 'Botoi', 41),
(13127, 'Băbuţa', 41),
(13128, 'Ciuperca', 41),
(13129, 'Doagele', 41),
(13130, 'Poiana Pietrei', 41),
(13131, 'Popeşti', 41),
(13132, 'Rădeni', 41),
(13133, 'Semenea', 41),
(13134, 'Tuleşti', 41),
(13135, 'Vladia', 41),
(13136, 'Albiţa', 41),
(13137, 'Băile Drânceni', 41),
(13138, 'Ghermăneşti', 41),
(13139, 'Râşeşti', 41),
(13140, 'Şopârleni', 41),
(13141, 'Bobeşti', 41),
(13142, 'Duda', 41),
(13143, 'Epureni', 41),
(13144, 'Valea Grecului', 41),
(13145, 'Dumeştii Vechi', 41),
(13146, 'Schinetea', 41),
(13147, 'Valea Mare', 41),
(13148, 'Bursuci', 41),
(13149, 'Bârlăleşti', 41),
(13150, 'Horga', 41),
(13151, 'Bogdăneşti', 41),
(13152, 'Bozia', 41),
(13153, 'Copăceana', 41),
(13154, 'Odaia Bogdana', 41),
(13155, 'Rânzeşti', 41),
(13156, 'Giurcani', 41),
(13157, 'Peicani', 41),
(13158, 'Popeni', 41),
(13159, 'Tupilaţi', 41),
(13160, 'Dumbrăveni', 41),
(13161, 'Racova', 41),
(13162, 'Racoviţa', 41),
(13163, 'Slobozia', 41),
(13164, 'Trohan', 41),
(13165, 'Chetrosu', 41),
(13166, 'Corodeşti', 41),
(13167, 'Dragomăneşti', 41),
(13168, 'Drăxeni', 41),
(13169, 'Lazu', 41),
(13170, 'Lunca', 41),
(13171, 'Soci', 41),
(13172, 'Valea Lupului', 41),
(13173, 'Fruntişeni', 41),
(13174, 'Grăjdeni', 41),
(13175, 'Odaia Bursucani', 41),
(13176, 'Trestiana', 41),
(13177, 'Barboşi', 41),
(13178, 'Deleni', 41),
(13179, 'Oţeleni', 41),
(13180, 'Rediu', 41),
(13181, 'Tomşa', 41),
(13182, 'Şişcani', 41),
(13183, 'Hălăreşti', 41),
(13184, 'Recea', 41),
(13185, 'Siliştea', 41),
(13186, 'Vadurile', 41),
(13187, 'Mânzaţi', 41),
(13188, 'Puţu Olarului', 41),
(13189, 'Albina', 41),
(13190, 'Bleşca', 41),
(13191, 'Broşteni', 41),
(13192, 'Buscata', 41),
(13193, 'Coşca', 41),
(13194, 'Coşeşti', 41),
(13195, 'Fundătura Mare', 41),
(13196, 'Fundătura Mică', 41),
(13197, 'Hârşoveni', 41),
(13198, 'Iezerel', 41),
(13199, 'Ursoaia', 41),
(13200, 'Valea Mare', 41),
(13201, 'Valea Oanei', 41),
(13202, 'Belceşti', 41),
(13203, 'Pogoneşti', 41),
(13204, 'Polocin', 41),
(13205, 'Bejeneşti', 41),
(13206, 'Poiana lui Alexa', 41),
(13207, 'Puşcaşi', 41),
(13208, 'Râşniţa', 41),
(13209, 'Sauca', 41),
(13210, 'Teişoru', 41),
(13211, 'Valea Târgului', 41),
(13212, 'Chiţoc', 41),
(13213, 'Corbu', 41),
(13214, 'Căpuşneni', 41),
(13215, 'Fundu Văii', 41),
(13216, 'Broscoşeşti', 41),
(13217, 'Condrea', 41),
(13218, 'Focşa', 41),
(13219, 'Lunca Veche', 41),
(13220, 'Oţetoaia', 41),
(13221, 'Răducani', 41),
(13222, 'Ghireasca', 41),
(13223, 'Lupeşti', 41),
(13224, 'Mânzăteşti', 41),
(13225, 'Mânăstirea', 41),
(13226, 'Ţuţcani', 41),
(13227, 'Chirceşti', 41),
(13228, 'Popeşti', 41),
(13229, 'Băcăoani', 41),
(13230, 'Mânjeşti', 41),
(13231, 'Secuia', 41),
(13232, 'Cârja', 41),
(13233, 'Floreni', 41),
(13234, 'Lăţeşti', 41),
(13235, 'Raiu', 41),
(13236, 'Schineni', 41),
(13237, 'Sărăţeni', 41),
(13238, 'Cioatele', 41),
(13239, 'Căzăneşti', 41),
(13240, 'Glodeni', 41),
(13241, 'Parpaniţa', 41),
(13242, 'Poiana', 41),
(13243, 'Valea Mare', 41),
(13244, 'Curteni', 41),
(13245, 'Pâhna', 41),
(13246, 'Târzii', 41),
(13247, 'Vineţeşti', 41),
(13248, 'Zgura', 41),
(13249, 'Buda', 41),
(13250, 'Pădureni', 41),
(13251, 'Vâlcele', 41),
(13252, 'Căpoteşti', 41),
(13253, 'Davideşti', 41),
(13254, 'Ivăneşti', 41),
(13255, 'Leoşti', 41),
(13256, 'Rusca', 41),
(13257, 'Todireni', 41),
(13258, 'Văleni', 41),
(13259, 'Ciocani', 41),
(13260, 'Crâng', 41),
(13261, 'Crângu Nou', 41),
(13262, 'Podu Petriş', 41),
(13263, 'Bogeşti', 41),
(13264, 'Cârjoani', 41),
(13265, 'Măscurei', 41),
(13266, 'Tomeşti', 41),
(13267, 'Dealu Secării', 41),
(13268, 'Floreşti', 41),
(13269, 'Frasinu', 41),
(13270, 'Fundu Văii', 41),
(13271, 'Oprişiţa', 41),
(13272, 'Poieneşti-Deal', 41),
(13273, 'Bărtăluş-Mocani', 41),
(13274, 'Bărtăluş-Răzeşi', 41),
(13275, 'Cetăţuia', 41),
(13276, 'Cristeşti', 41),
(13277, 'Călimăneşti', 41),
(13278, 'Fulgu', 41),
(13279, 'Fântânele', 41),
(13280, 'Gâlţeşti', 41),
(13281, 'Iezer', 41),
(13282, 'Lăleşti', 41),
(13283, 'Rotari', 41),
(13284, 'Ruşi', 41),
(13285, 'Armăşoaia', 41),
(13286, 'Curseşti-Deal', 41),
(13287, 'Curseşti-Vale', 41),
(13288, 'Hordila', 41),
(13289, 'Rapşa', 41),
(13290, 'Siliştea', 41),
(13291, 'Stejaru', 41),
(13292, 'Toporăşti', 41),
(13293, 'Bolaţi', 41),
(13294, 'Crăciuneşti', 41),
(13295, 'Draxeni', 41),
(13296, 'Măcreşti', 41),
(13297, 'Rateşu Cuzei', 41),
(13298, 'Sasova', 41),
(13299, 'Tatomireşti', 41),
(13300, 'Tufeştii de Jos', 41),
(13301, 'Codreni', 41),
(13302, 'Gara Roşieşti', 41),
(13303, 'Gura Idrici', 41),
(13304, 'Idrici', 41),
(13305, 'Rediu', 41),
(13306, 'Valea lui Darie', 41),
(13307, 'Bouşori', 41),
(13308, 'Iaz', 41),
(13309, 'Satu Nou', 41),
(13310, 'Valea Siliştei', 41),
(13311, 'Şerboteşti', 41),
(13312, 'Ştioborăni', 41),
(13313, 'Bogdana-Voloseni', 41),
(13314, 'Budu Cantemir', 41),
(13315, 'Chersăcosu', 41),
(13316, 'Gura Văii', 41),
(13317, 'Pogăneşti', 41),
(13318, 'Săratu', 41),
(13319, 'Brăhăşoaia', 41),
(13320, 'Bârzeşti', 41),
(13321, 'Călugăreni', 41),
(13322, 'Cănţălăreşti', 41),
(13323, 'Munteneşti', 41),
(13324, 'Mărăşeni', 41),
(13325, 'Fedeşti', 41),
(13326, 'Jigălia', 41),
(13327, 'Răşcani', 41),
(13328, 'Cujba', 41),
(13329, 'Dumasca', 41),
(13330, 'Focşeaşca', 41),
(13331, 'Mirceşti', 41),
(13332, 'Protopopeşti', 41),
(13333, 'Sofieni', 41),
(13334, 'Beneşti', 41),
(13335, 'Muntenii de Sus', 41),
(13336, 'Satu Nou', 41),
(13337, 'Bălţaţi', 41),
(13338, 'Crăsnăşeni', 41),
(13339, 'Giurgeşti', 41),
(13340, 'Leoşti', 41),
(13341, 'Mantu', 41),
(13342, 'Stroieşti', 41),
(13343, 'Valea Seacă', 41),
(13344, 'Valea lui Bosie', 41),
(13345, 'Cotic', 41),
(13346, 'Drăgeşti', 41),
(13347, 'Huc', 41),
(13348, 'Plopoasa', 41),
(13349, 'Rafaila', 41),
(13350, 'Siliştea', 41),
(13351, 'Sofroneşti', 41),
(13352, 'Valea Popii', 41),
(13353, 'Viişoara', 41),
(13354, 'Borodeşti', 41),
(13355, 'Bădeana', 41),
(13356, 'Ciortolom', 41),
(13357, 'Coroiu', 41),
(13358, 'Criveşti', 41),
(13359, 'Pochidia', 41),
(13360, 'Satu Nou', 41),
(13361, 'Sălceni', 41),
(13362, 'Vizureni', 41),
(13363, 'Fereşti', 41),
(13364, 'Moara Domnească', 41),
(13365, 'Bahnari', 41),
(13366, 'Brodoc', 41),
(13367, 'Moara Grecilor', 41),
(13368, 'Rediu', 41),
(13369, 'Viişoara', 41),
(13370, 'Bumbăta', 41),
(13371, 'Dodeşti', 41),
(13372, 'Halta Dodeşti', 41),
(13373, 'Urdeşti', 41),
(13374, 'Viltoteşti', 41),
(13375, 'Văleni', 41),
(13376, 'Brădeşti', 41),
(13377, 'Docani', 41),
(13378, 'Docăneasa', 41),
(13379, 'Gara Docăneasa', 41),
(13380, 'Gara Tălăşman', 41),
(13381, 'Obârşeni', 41),
(13382, 'Valea Lungă', 41),
(13383, 'Avrămeşti', 41),
(13384, 'Bănceşti', 41),
(13385, 'Corobăneşti', 41),
(13386, 'Gârdeşti', 41),
(13387, 'Mărăşeşti', 41),
(13388, 'Obârşeni', 41),
(13389, 'Obârşenii Lingurari', 41),
(13390, 'Rugăria', 41),
(13391, 'Stâncăşeni', 41),
(13392, 'Uricari', 41),
(13393, 'Buhăieşti', 41),
(13394, 'Podeni', 41),
(13395, 'Voineşti', 41),
(13396, 'Mălăieşti', 41),
(13397, 'Poşta Elan', 41),
(13398, 'Butucăria', 41),
(13399, 'Ciofeni', 41),
(13400, 'Delea', 41),
(13401, 'Dobrosloveşti', 41),
(13402, 'Măcreşti', 41),
(13403, 'Portari', 41),
(13404, 'Telejna', 41),
(13405, 'Unceşti', 41),
(13406, 'Dealu Mare', 41),
(13407, 'Popeni', 41),
(13408, 'Simila', 41),
(13409, 'Adjud', 42),
(13410, 'Andreiaşu de Jos', 42),
(13411, 'Bogheşti', 42),
(13412, 'Boloteşti', 42),
(13413, 'Bordeşti', 42),
(13414, 'Broşteni', 42),
(13415, 'Bârseşti', 42),
(13416, 'Băleşti', 42),
(13417, 'Chiojdeni', 42),
(13418, 'Ciorăşti', 42),
(13419, 'Corbiţa', 42),
(13420, 'Coteşti', 42),
(13421, 'Câmpineanca', 42),
(13422, 'Câmpuri', 42),
(13423, 'Cârligele', 42),
(13424, 'Dumbrăveni', 42),
(13425, 'Dumitreşti', 42);
INSERT INTO `dashboard_city` (`id`, `name`, `area_id`) VALUES
(13426, 'Fitioneşti', 42),
(13427, 'Focşani', 42),
(13428, 'Garoafa', 42),
(13429, 'Goleşti', 42),
(13430, 'Gugeşti', 42),
(13431, 'Gura Caliţei', 42),
(13432, 'Homocea', 42),
(13433, 'Jariştea', 42),
(13434, 'Jitia', 42),
(13435, 'Mera', 42),
(13436, 'Milcovul', 42),
(13437, 'Moviliţa', 42),
(13438, 'Măicăneşti', 42),
(13439, 'Mărăşeşti', 42),
(13440, 'Negrileşti', 42),
(13441, 'Nereju', 42),
(13442, 'Nistoreşti', 42),
(13443, 'Năneşti', 42),
(13444, 'Năruja', 42),
(13445, 'Odobeşti', 42),
(13446, 'Paltin', 42),
(13447, 'Panciu', 42),
(13448, 'Ploscuţeni', 42),
(13449, 'Poiana Cristei', 42),
(13450, 'Popeşti', 42),
(13451, 'Pufeşti', 42),
(13452, 'Păuleşti', 42),
(13453, 'Păuneşti', 42),
(13454, 'Reghiu', 42),
(13455, 'Rugineşti', 42),
(13456, 'Răcoasa', 42),
(13457, 'Sihlea', 42),
(13458, 'Slobozia Bradului', 42),
(13459, 'Slobozia Ciorăşti', 42),
(13460, 'Străoane', 42),
(13461, 'Suraia', 42),
(13462, 'Tulnici', 42),
(13463, 'Tâmboeşti', 42),
(13464, 'Tănăsoaia', 42),
(13465, 'Tătăranu', 42),
(13466, 'Urecheşti', 42),
(13467, 'Valea Sării', 42),
(13468, 'Vidra', 42),
(13469, 'Vintileasca', 42),
(13470, 'Vrâncioaia', 42),
(13471, 'Vulturu', 42),
(13472, 'Vânători', 42),
(13473, 'Vârteşcoiu', 42),
(13474, 'Ţifeşti', 42),
(13475, 'Adjudu Vechi', 42),
(13476, 'Burcioaia', 42),
(13477, 'Şişcani', 42),
(13478, 'Andreiaşu de Sus', 42),
(13479, 'Arşiţa', 42),
(13480, 'Fetig', 42),
(13481, 'Hotaru', 42),
(13482, 'Răchitaşu', 42),
(13483, 'Titila', 42),
(13484, 'Topeşti', 42),
(13485, 'Bicheşti', 42),
(13486, 'Bogheştii de Sus', 42),
(13487, 'Chiţcani', 42),
(13488, 'Iugani', 42),
(13489, 'Pleşeşti', 42),
(13490, 'Plăcinţeni', 42),
(13491, 'Prisecani', 42),
(13492, 'Tăbuceşti', 42),
(13493, 'Găgeşti', 42),
(13494, 'Ivănceşti', 42),
(13495, 'Pietroasa', 42),
(13496, 'Putna', 42),
(13497, 'Vităneştii de Sub Măgură', 42),
(13498, 'Bordeştii de Jos', 42),
(13499, 'Arva', 42),
(13500, 'Pituluşa', 42),
(13501, 'Pietroasa', 42),
(13502, 'Vâlcele', 42),
(13503, 'Feteşti', 42),
(13504, 'Gura Văii', 42),
(13505, 'Rotileştii Mari', 42),
(13506, 'Rotileştii Mici', 42),
(13507, 'Blidari', 42),
(13508, 'Bonţeşti', 42),
(13509, 'Dălhăuţi', 42),
(13510, 'Cătăuţi', 42),
(13511, 'Lojniţa', 42),
(13512, 'Luncile', 42),
(13513, 'Mărăcini', 42),
(13514, 'Podurile', 42),
(13515, 'Seciu', 42),
(13516, 'Tulburea', 42),
(13517, 'Codreşti', 42),
(13518, 'Mihălceni', 42),
(13519, 'Salcia Nouă', 42),
(13520, 'Salcia Veche', 42),
(13521, 'Satu Nou', 42),
(13522, 'Spătăreasa', 42),
(13523, 'Buda', 42),
(13524, 'Izvoarele', 42),
(13525, 'Lărgăşeni', 42),
(13526, 'Ocheşeşti', 42),
(13527, 'Rădăcineşti', 42),
(13528, 'Tuţu', 42),
(13529, 'Vâlcelele', 42),
(13530, 'Şerbăneşti', 42),
(13531, 'Budeşti', 42),
(13532, 'Goleştii de Sus', 42),
(13533, 'Valea Coteşti', 42),
(13534, 'Alexandru Vlahuţă', 42),
(13535, 'Cândeşti', 42),
(13536, 'Dragosloveni', 42),
(13537, 'Biceştii de Jos', 42),
(13538, 'Biceştii de Sus', 42),
(13539, 'Blidari', 42),
(13540, 'Dumitreştii de Sus', 42),
(13541, 'Dumitreştii-Faţă', 42),
(13542, 'Găloieşti', 42),
(13543, 'Lupoaia', 42),
(13544, 'Lăstuni', 42),
(13545, 'Motnău', 42),
(13546, 'Poieniţa', 42),
(13547, 'Roşcari', 42),
(13548, 'Siminoc', 42),
(13549, 'Tinoasa', 42),
(13550, 'Trestia', 42),
(13551, 'Valea Mică', 42),
(13552, 'Ciolăneşti', 42),
(13553, 'Ghimiceşti', 42),
(13554, 'Holbăneşti', 42),
(13555, 'Mănăstioara', 42),
(13556, 'Mândreşti-Moldova', 42),
(13557, 'Mândreşti-Munteni', 42),
(13558, 'Bizigheşti', 42),
(13559, 'Ciuşlea', 42),
(13560, 'Doaga', 42),
(13561, 'Făurei', 42),
(13562, 'Precistanu', 42),
(13563, 'Răchitosu', 42),
(13564, 'Străjescu', 42),
(13565, 'Ceardac', 42),
(13566, 'Oreavu', 42),
(13567, 'Bălăneşti', 42),
(13568, 'Cocoşari', 42),
(13569, 'Dealul Lung', 42),
(13570, 'Groapa Tufei', 42),
(13571, 'Lacu lui Baban', 42),
(13572, 'Plopu', 42),
(13573, 'Poenile', 42),
(13574, 'Raşca', 42),
(13575, 'Şotârcari', 42),
(13576, 'Costişa', 42),
(13577, 'Lespezi', 42),
(13578, 'Pădureni', 42),
(13579, 'Scânteia', 42),
(13580, 'Vărsătura', 42),
(13581, 'Cerbu', 42),
(13582, 'Dealu Sării', 42),
(13583, 'Jitia de Jos', 42),
(13584, 'Măgura', 42),
(13585, 'Belciugele', 42),
(13586, 'Râmniceni', 42),
(13587, 'Slobozia Boteşti', 42),
(13588, 'Stupina', 42),
(13589, 'Tătaru', 42),
(13590, 'Călimăneşti', 42),
(13591, 'Haret', 42),
(13592, 'Modruzeni', 42),
(13593, 'Pădureni', 42),
(13594, 'Siretu', 42),
(13595, 'Tişiţa', 42),
(13596, 'Livada', 42),
(13597, 'Milcovel', 42),
(13598, 'Roşioara', 42),
(13599, 'Vulcăneasa', 42),
(13600, 'Gologanu', 42),
(13601, 'Lămoteşti', 42),
(13602, 'Răstoaca', 42),
(13603, 'Diocheţirediu', 42),
(13604, 'Frecăţei', 42),
(13605, 'Trotuşanu', 42),
(13606, 'Văleni', 42),
(13607, 'Călienii Noi', 42),
(13608, 'Călienii Vechi', 42),
(13609, 'Podu Nărujei', 42),
(13610, 'Podu Stoica', 42),
(13611, 'Rebegari', 42),
(13612, 'Brădăceşti', 42),
(13613, 'Chiricani', 42),
(13614, 'Nereju Mic', 42),
(13615, 'Sahastru', 42),
(13616, 'Brădetu', 42),
(13617, 'Bâtcari', 42),
(13618, 'Făgetu', 42),
(13619, 'Podu Şchiopului', 42),
(13620, 'Romăneşti', 42),
(13621, 'Ungureni', 42),
(13622, 'Valea Neagră', 42),
(13623, 'Vetreşti-Herăstrău', 42),
(13624, 'Unirea', 42),
(13625, 'Carşocheşti-Corăbiţa', 42),
(13626, 'Ghebari', 42),
(13627, 'Morăreşti', 42),
(13628, 'Prahuda', 42),
(13629, 'Păvălari', 42),
(13630, 'Spulber', 42),
(13631, 'Tojanii de Jos', 42),
(13632, 'Tojanii de Sus', 42),
(13633, 'Vâlcani', 42),
(13634, 'Ţepa', 42),
(13635, 'Ţipău', 42),
(13636, 'Crucea de Jos', 42),
(13637, 'Crucea de Sus', 42),
(13638, 'Dumbrava', 42),
(13639, 'Neicu', 42),
(13640, 'Satu Nou', 42),
(13641, 'Hăulişca', 42),
(13642, 'Viişoara', 42),
(13643, 'Argea', 42),
(13644, 'Dealu Cucului', 42),
(13645, 'Dumbrava', 42),
(13646, 'Mahriu', 42),
(13647, 'Odobasca', 42),
(13648, 'Petreanu', 42),
(13649, 'Podu Lacului', 42),
(13650, 'Târâtu', 42),
(13651, 'Tercheşti', 42),
(13652, 'Ciorani', 42),
(13653, 'Domneşti-Sat', 42),
(13654, 'Domneşti-Târg', 42),
(13655, 'Gogoiu', 42),
(13656, 'Mărăşti', 42),
(13657, 'Varniţa', 42),
(13658, 'Verdea', 42),
(13659, 'Farcaş', 42),
(13660, 'Jgheaburi', 42),
(13661, 'Piscu Reghiului', 42),
(13662, 'Răiuţi', 42),
(13663, 'Ursoaia', 42),
(13664, 'Valea Milcovului', 42),
(13665, 'Şindrilari', 42),
(13666, 'Angheleşti', 42),
(13667, 'Copăceşti', 42),
(13668, 'Văleni', 42),
(13669, 'Bogza', 42),
(13670, 'Căiata', 42),
(13671, 'Voetin', 42),
(13672, 'Cornetu', 42),
(13673, 'Coroteni', 42),
(13674, 'Lieşti', 42),
(13675, 'Olăreni', 42),
(13676, 'Valea Beciului', 42),
(13677, 'Armeni', 42),
(13678, 'Jilişte', 42),
(13679, 'Dragosloveni', 42),
(13680, 'Rucăreni', 42),
(13681, 'Muncelu', 42),
(13682, 'Repedea', 42),
(13683, 'Văleni', 42),
(13684, 'Bilieşti', 42),
(13685, 'Obrejiţa', 42),
(13686, 'Pietroasa', 42),
(13687, 'Pădureni', 42),
(13688, 'Slimnic', 42),
(13689, 'Trestieni', 42),
(13690, 'Costişa', 42),
(13691, 'Costişa de Sus', 42),
(13692, 'Covrag', 42),
(13693, 'Călimăneasa', 42),
(13694, 'Feldioara', 42),
(13695, 'Galbeni', 42),
(13696, 'Năneşti', 42),
(13697, 'Vladnicu de Jos', 42),
(13698, 'Vladnicu de Sus', 42),
(13699, 'Bordeasca Nouă', 42),
(13700, 'Bordeasca Veche', 42),
(13701, 'Mărtineşti', 42),
(13702, 'Vâjâitoarea', 42),
(13703, 'Bătineşti', 42),
(13704, 'Clipiceşti', 42),
(13705, 'Igeşti', 42),
(13706, 'Oleşeşti', 42),
(13707, 'Pătrăşcani', 42),
(13708, 'Sârbi', 42),
(13709, 'Vităneşti', 42),
(13710, 'Coza', 42),
(13711, 'Gresu', 42),
(13712, 'Lepşa', 42),
(13713, 'Colacu', 42),
(13714, 'Mătăcina', 42),
(13715, 'Poduri', 42),
(13716, 'Prisaca', 42),
(13717, 'Balta Raţei', 42),
(13718, 'Jorăşti', 42),
(13719, 'Mirceştii Noi', 42),
(13720, 'Mirceştii Vechi', 42),
(13721, 'Petreşti', 42),
(13722, 'Răduleşti', 42),
(13723, 'Beciu', 42),
(13724, 'Faraoanele', 42),
(13725, 'Olteni', 42),
(13726, 'Pietroasa', 42),
(13727, 'Râmniceanca', 42),
(13728, 'Burca', 42),
(13729, 'Ireşti', 42),
(13730, 'Ruget', 42),
(13731, 'Scafari', 42),
(13732, 'Tichiriş', 42),
(13733, 'Viişoara', 42),
(13734, 'Voloşcani', 42),
(13735, 'Şerbeşti', 42),
(13736, 'Bahnele', 42),
(13737, 'După Măgura', 42),
(13738, 'Neculele', 42),
(13739, 'Poiana Stoichii', 42),
(13740, 'Tănăsari', 42),
(13741, 'Livezile', 42),
(13742, 'Mesteacănu', 42),
(13743, 'Piscu Radului', 42),
(13744, 'Vizantea Mănăstirească', 42),
(13745, 'Vizantea Răzăşească', 42),
(13746, 'Bodeşti', 42),
(13747, 'Muncei', 42),
(13748, 'Ploştina', 42),
(13749, 'Poiana', 42),
(13750, 'Spineşti', 42),
(13751, 'Boţârlău', 42),
(13752, 'Hânguleşti', 42),
(13753, 'Maluri', 42),
(13754, 'Vadu Roşca', 42),
(13755, 'Adjud', 42),
(13756, 'Andreiaşu de Jos', 42),
(13757, 'Bogheşti', 42),
(13758, 'Boloteşti', 42),
(13759, 'Bordeşti', 42),
(13760, 'Broşteni', 42),
(13761, 'Bârseşti', 42),
(13762, 'Băleşti', 42),
(13763, 'Chiojdeni', 42),
(13764, 'Ciorăşti', 42),
(13765, 'Corbiţa', 42),
(13766, 'Coteşti', 42),
(13767, 'Câmpineanca', 42),
(13768, 'Câmpuri', 42),
(13769, 'Cârligele', 42),
(13770, 'Dumbrăveni', 42),
(13771, 'Dumitreşti', 42),
(13772, 'Fitioneşti', 42),
(13773, 'Focşani', 42),
(13774, 'Garoafa', 42),
(13775, 'Goleşti', 42),
(13776, 'Gugeşti', 42),
(13777, 'Gura Caliţei', 42),
(13778, 'Homocea', 42),
(13779, 'Jariştea', 42),
(13780, 'Jitia', 42),
(13781, 'Mera', 42),
(13782, 'Milcovul', 42),
(13783, 'Moviliţa', 42),
(13784, 'Măicăneşti', 42),
(13785, 'Mărăşeşti', 42),
(13786, 'Negrileşti', 42),
(13787, 'Nereju', 42),
(13788, 'Nistoreşti', 42),
(13789, 'Năneşti', 42),
(13790, 'Năruja', 42),
(13791, 'Odobeşti', 42),
(13792, 'Paltin', 42),
(13793, 'Panciu', 42),
(13794, 'Ploscuţeni', 42),
(13795, 'Poiana Cristei', 42),
(13796, 'Popeşti', 42),
(13797, 'Pufeşti', 42),
(13798, 'Păuleşti', 42),
(13799, 'Păuneşti', 42),
(13800, 'Reghiu', 42),
(13801, 'Rugineşti', 42),
(13802, 'Răcoasa', 42),
(13803, 'Sihlea', 42),
(13804, 'Slobozia Bradului', 42),
(13805, 'Slobozia Ciorăşti', 42),
(13806, 'Străoane', 42),
(13807, 'Suraia', 42),
(13808, 'Tulnici', 42),
(13809, 'Tâmboeşti', 42),
(13810, 'Tănăsoaia', 42),
(13811, 'Tătăranu', 42),
(13812, 'Urecheşti', 42),
(13813, 'Valea Sării', 42),
(13814, 'Vidra', 42),
(13815, 'Vintileasca', 42),
(13816, 'Vrâncioaia', 42),
(13817, 'Vulturu', 42),
(13818, 'Vânători', 42),
(13819, 'Vârteşcoiu', 42),
(13820, 'Ţifeşti', 42),
(13821, 'Adjudu Vechi', 42),
(13822, 'Burcioaia', 42),
(13823, 'Şişcani', 42),
(13824, 'Andreiaşu de Sus', 42),
(13825, 'Arşiţa', 42),
(13826, 'Fetig', 42),
(13827, 'Hotaru', 42),
(13828, 'Răchitaşu', 42),
(13829, 'Titila', 42),
(13830, 'Topeşti', 42),
(13831, 'Bicheşti', 42),
(13832, 'Bogheştii de Sus', 42),
(13833, 'Chiţcani', 42),
(13834, 'Iugani', 42),
(13835, 'Pleşeşti', 42),
(13836, 'Plăcinţeni', 42),
(13837, 'Prisecani', 42),
(13838, 'Tăbuceşti', 42),
(13839, 'Găgeşti', 42),
(13840, 'Ivănceşti', 42),
(13841, 'Pietroasa', 42),
(13842, 'Putna', 42),
(13843, 'Vităneştii de Sub Măgură', 42),
(13844, 'Bordeştii de Jos', 42),
(13845, 'Arva', 42),
(13846, 'Pituluşa', 42),
(13847, 'Pietroasa', 42),
(13848, 'Vâlcele', 42),
(13849, 'Feteşti', 42),
(13850, 'Gura Văii', 42),
(13851, 'Rotileştii Mari', 42),
(13852, 'Rotileştii Mici', 42),
(13853, 'Blidari', 42),
(13854, 'Bonţeşti', 42),
(13855, 'Dălhăuţi', 42),
(13856, 'Cătăuţi', 42),
(13857, 'Lojniţa', 42),
(13858, 'Luncile', 42),
(13859, 'Mărăcini', 42),
(13860, 'Podurile', 42),
(13861, 'Seciu', 42),
(13862, 'Tulburea', 42),
(13863, 'Codreşti', 42),
(13864, 'Mihălceni', 42),
(13865, 'Salcia Nouă', 42),
(13866, 'Salcia Veche', 42),
(13867, 'Satu Nou', 42),
(13868, 'Spătăreasa', 42),
(13869, 'Buda', 42),
(13870, 'Izvoarele', 42),
(13871, 'Lărgăşeni', 42),
(13872, 'Ocheşeşti', 42),
(13873, 'Rădăcineşti', 42),
(13874, 'Tuţu', 42),
(13875, 'Vâlcelele', 42),
(13876, 'Şerbăneşti', 42),
(13877, 'Budeşti', 42),
(13878, 'Goleştii de Sus', 42),
(13879, 'Valea Coteşti', 42),
(13880, 'Alexandru Vlahuţă', 42),
(13881, 'Cândeşti', 42),
(13882, 'Dragosloveni', 42),
(13883, 'Biceştii de Jos', 42),
(13884, 'Biceştii de Sus', 42),
(13885, 'Blidari', 42),
(13886, 'Dumitreştii de Sus', 42),
(13887, 'Dumitreştii-Faţă', 42),
(13888, 'Găloieşti', 42),
(13889, 'Lupoaia', 42),
(13890, 'Lăstuni', 42),
(13891, 'Motnău', 42),
(13892, 'Poieniţa', 42),
(13893, 'Roşcari', 42),
(13894, 'Siminoc', 42),
(13895, 'Tinoasa', 42),
(13896, 'Trestia', 42),
(13897, 'Valea Mică', 42),
(13898, 'Ciolăneşti', 42),
(13899, 'Ghimiceşti', 42),
(13900, 'Holbăneşti', 42),
(13901, 'Mănăstioara', 42),
(13902, 'Mândreşti-Moldova', 42),
(13903, 'Mândreşti-Munteni', 42),
(13904, 'Bizigheşti', 42),
(13905, 'Ciuşlea', 42),
(13906, 'Doaga', 42),
(13907, 'Făurei', 42),
(13908, 'Precistanu', 42),
(13909, 'Răchitosu', 42),
(13910, 'Străjescu', 42),
(13911, 'Ceardac', 42),
(13912, 'Oreavu', 42),
(13913, 'Bălăneşti', 42),
(13914, 'Cocoşari', 42),
(13915, 'Dealul Lung', 42),
(13916, 'Groapa Tufei', 42),
(13917, 'Lacu lui Baban', 42),
(13918, 'Plopu', 42),
(13919, 'Poenile', 42),
(13920, 'Raşca', 42),
(13921, 'Şotârcari', 42),
(13922, 'Costişa', 42),
(13923, 'Lespezi', 42),
(13924, 'Pădureni', 42),
(13925, 'Scânteia', 42),
(13926, 'Vărsătura', 42),
(13927, 'Cerbu', 42),
(13928, 'Dealu Sării', 42),
(13929, 'Jitia de Jos', 42),
(13930, 'Măgura', 42),
(13931, 'Belciugele', 42),
(13932, 'Râmniceni', 42),
(13933, 'Slobozia Boteşti', 42),
(13934, 'Stupina', 42),
(13935, 'Tătaru', 42),
(13936, 'Călimăneşti', 42),
(13937, 'Haret', 42),
(13938, 'Modruzeni', 42),
(13939, 'Pădureni', 42),
(13940, 'Siretu', 42),
(13941, 'Tişiţa', 42),
(13942, 'Livada', 42),
(13943, 'Milcovel', 42),
(13944, 'Roşioara', 42),
(13945, 'Vulcăneasa', 42),
(13946, 'Gologanu', 42),
(13947, 'Lămoteşti', 42),
(13948, 'Răstoaca', 42),
(13949, 'Diocheţirediu', 42),
(13950, 'Frecăţei', 42),
(13951, 'Trotuşanu', 42),
(13952, 'Văleni', 42),
(13953, 'Călienii Noi', 42),
(13954, 'Călienii Vechi', 42),
(13955, 'Podu Nărujei', 42),
(13956, 'Podu Stoica', 42),
(13957, 'Rebegari', 42),
(13958, 'Brădăceşti', 42),
(13959, 'Chiricani', 42),
(13960, 'Nereju Mic', 42),
(13961, 'Sahastru', 42),
(13962, 'Brădetu', 42),
(13963, 'Bâtcari', 42),
(13964, 'Făgetu', 42),
(13965, 'Podu Şchiopului', 42),
(13966, 'Romăneşti', 42),
(13967, 'Ungureni', 42),
(13968, 'Valea Neagră', 42),
(13969, 'Vetreşti-Herăstrău', 42),
(13970, 'Unirea', 42),
(13971, 'Carşocheşti-Corăbiţa', 42),
(13972, 'Ghebari', 42),
(13973, 'Morăreşti', 42),
(13974, 'Prahuda', 42),
(13975, 'Păvălari', 42),
(13976, 'Spulber', 42),
(13977, 'Tojanii de Jos', 42),
(13978, 'Tojanii de Sus', 42),
(13979, 'Vâlcani', 42),
(13980, 'Ţepa', 42),
(13981, 'Ţipău', 42),
(13982, 'Crucea de Jos', 42),
(13983, 'Crucea de Sus', 42),
(13984, 'Dumbrava', 42),
(13985, 'Neicu', 42),
(13986, 'Satu Nou', 42),
(13987, 'Hăulişca', 42),
(13988, 'Viişoara', 42),
(13989, 'Argea', 42),
(13990, 'Dealu Cucului', 42),
(13991, 'Dumbrava', 42),
(13992, 'Mahriu', 42),
(13993, 'Odobasca', 42),
(13994, 'Petreanu', 42),
(13995, 'Podu Lacului', 42),
(13996, 'Târâtu', 42),
(13997, 'Tercheşti', 42),
(13998, 'Ciorani', 42),
(13999, 'Domneşti-Sat', 42),
(14000, 'Domneşti-Târg', 42),
(14001, 'Gogoiu', 42),
(14002, 'Mărăşti', 42),
(14003, 'Varniţa', 42),
(14004, 'Verdea', 42),
(14005, 'Farcaş', 42),
(14006, 'Jgheaburi', 42),
(14007, 'Piscu Reghiului', 42),
(14008, 'Răiuţi', 42),
(14009, 'Ursoaia', 42),
(14010, 'Valea Milcovului', 42),
(14011, 'Şindrilari', 42),
(14012, 'Angheleşti', 42),
(14013, 'Copăceşti', 42),
(14014, 'Văleni', 42),
(14015, 'Bogza', 42),
(14016, 'Căiata', 42),
(14017, 'Voetin', 42),
(14018, 'Cornetu', 42),
(14019, 'Coroteni', 42),
(14020, 'Lieşti', 42),
(14021, 'Olăreni', 42),
(14022, 'Valea Beciului', 42),
(14023, 'Armeni', 42),
(14024, 'Jilişte', 42),
(14025, 'Dragosloveni', 42),
(14026, 'Rucăreni', 42),
(14027, 'Muncelu', 42),
(14028, 'Repedea', 42),
(14029, 'Văleni', 42),
(14030, 'Bilieşti', 42),
(14031, 'Obrejiţa', 42),
(14032, 'Pietroasa', 42),
(14033, 'Pădureni', 42),
(14034, 'Slimnic', 42),
(14035, 'Trestieni', 42),
(14036, 'Costişa', 42),
(14037, 'Costişa de Sus', 42),
(14038, 'Covrag', 42),
(14039, 'Călimăneasa', 42),
(14040, 'Feldioara', 42),
(14041, 'Galbeni', 42),
(14042, 'Năneşti', 42),
(14043, 'Vladnicu de Jos', 42),
(14044, 'Vladnicu de Sus', 42),
(14045, 'Bordeasca Nouă', 42),
(14046, 'Bordeasca Veche', 42),
(14047, 'Mărtineşti', 42),
(14048, 'Vâjâitoarea', 42),
(14049, 'Bătineşti', 42),
(14050, 'Clipiceşti', 42),
(14051, 'Igeşti', 42),
(14052, 'Oleşeşti', 42),
(14053, 'Pătrăşcani', 42),
(14054, 'Sârbi', 42),
(14055, 'Vităneşti', 42),
(14056, 'Coza', 42),
(14057, 'Gresu', 42),
(14058, 'Lepşa', 42),
(14059, 'Colacu', 42),
(14060, 'Mătăcina', 42),
(14061, 'Poduri', 42),
(14062, 'Prisaca', 42),
(14063, 'Balta Raţei', 42),
(14064, 'Jorăşti', 42),
(14065, 'Mirceştii Noi', 42),
(14066, 'Mirceştii Vechi', 42),
(14067, 'Petreşti', 42),
(14068, 'Răduleşti', 42),
(14069, 'Beciu', 42),
(14070, 'Faraoanele', 42),
(14071, 'Olteni', 42),
(14072, 'Pietroasa', 42),
(14073, 'Râmniceanca', 42),
(14074, 'Burca', 42),
(14075, 'Ireşti', 42),
(14077, 'Scafari', 42),
(14078, 'Tichiriş', 42),
(14079, 'Viişoara', 42),
(14080, 'Voloşcani', 42),
(14081, 'Şerbeşti', 42),
(14082, 'Bahnele', 42),
(14083, 'După Măgura', 42),
(14084, 'Neculele', 42),
(14085, 'Poiana Stoichii', 42),
(14086, 'Tănăsari', 42),
(14087, 'Livezile', 42),
(14088, 'Mesteacănu', 42),
(14089, 'Piscu Radului', 42),
(14090, 'Vizantea Mănăstirească', 42),
(14091, 'Vizantea Răzăşească', 42),
(14092, 'Bodeşti', 42),
(14093, 'Muncei', 42),
(14094, 'Ploştina', 42),
(14095, 'Poiana', 42),
(14096, 'Spineşti', 42),
(14097, 'Boţârlău', 42),
(14098, 'Hânguleşti', 42),
(14099, 'Maluri', 42),
(14100, 'Vadu Roşca', 42);

-- --------------------------------------------------------

--
-- Table structure for table `dashboard_comparableproperty`
--

CREATE TABLE `dashboard_comparableproperty` (
  `id` bigint(20) NOT NULL,
  `is_comparable` tinyint(1) NOT NULL,
  `sale_price` decimal(10,2) DEFAULT NULL,
  `mobila` varchar(55) DEFAULT NULL,
  `parking_boxa` varchar(155) DEFAULT NULL,
  `available_data` varchar(55) DEFAULT NULL,
  `property_rights` varchar(55) DEFAULT NULL,
  `financing_condition` varchar(55) DEFAULT NULL,
  `sale_condition` varchar(55) DEFAULT NULL,
  `ape` varchar(55) DEFAULT NULL,
  `market_env` varchar(55) DEFAULT NULL,
  `location` varchar(255) DEFAULT NULL,
  `compartment` varchar(55) DEFAULT NULL,
  `year_build` varchar(10) DEFAULT NULL,
  `area` decimal(10,2) DEFAULT NULL,
  `finish` varchar(55) DEFAULT NULL,
  `etaj` varchar(55) DEFAULT NULL,
  `balcon` decimal(10,2) DEFAULT NULL,
  `price_persqm` decimal(10,2) DEFAULT NULL,
  `heating` varchar(55) DEFAULT NULL,
  `parking` varchar(55) DEFAULT NULL,
  `ref_no_id` bigint(20) DEFAULT NULL,
  `correct_price` decimal(10,2) DEFAULT NULL,
  `ape_motivation` varchar(500) DEFAULT NULL,
  `balcon_motivation` varchar(500) DEFAULT NULL,
  `cp_motivation` varchar(500) DEFAULT NULL,
  `cy_motivation` varchar(500) DEFAULT NULL,
  `etaj_motivation` varchar(500) DEFAULT NULL,
  `fc_motivation` varchar(500) DEFAULT NULL,
  `finish_motivation` varchar(500) DEFAULT NULL,
  `hs_motivation` varchar(500) DEFAULT NULL,
  `lc_motivation` varchar(500) DEFAULT NULL,
  `me_motivation` varchar(500) DEFAULT NULL,
  `motivation` varchar(500) DEFAULT NULL,
  `parking_motivation` varchar(500) DEFAULT NULL,
  `property_motivation` varchar(500) DEFAULT NULL,
  `sc_motivation` varchar(500) DEFAULT NULL,
  `su_motivation` varchar(500) DEFAULT NULL,
  `camara` varchar(155) DEFAULT NULL,
  `rent_sqm` decimal(10,2) DEFAULT NULL
) ENGINE=InnoDB DEFAULT CHARSET=utf8mb4;

--
-- Dumping data for table `dashboard_comparableproperty`
--

INSERT INTO `dashboard_comparableproperty` (`id`, `is_comparable`, `sale_price`, `mobila`, `parking_boxa`, `available_data`, `property_rights`, `financing_condition`, `sale_condition`, `ape`, `market_env`, `location`, `compartment`, `year_build`, `area`, `finish`, `etaj`, `balcon`, `price_persqm`, `heating`, `parking`, `ref_no_id`, `correct_price`, `ape_motivation`, `balcon_motivation`, `cp_motivation`, `cy_motivation`, `etaj_motivation`, `fc_motivation`, `finish_motivation`, `hs_motivation`, `lc_motivation`, `me_motivation`, `motivation`, `parking_motivation`, `property_motivation`, `sc_motivation`, `su_motivation`, `camara`, `rent_sqm`) VALUES
(1, 1, '64000.00', 'nemobilat', '1 locuri de parcare interioare/exterioare si 1 boxa', 'oferta', 'deplin', 'normale', 'independente', 'nu', 'August 2021', 'Central Park, Bucuresti, sector 2', 'decomandat', '2013', '69.00', 'medii', '1/P+4E', '3.00', NULL, 'termoficare', 'Nu', NULL, NULL, NULL, NULL, NULL, NULL, NULL, NULL, NULL, NULL, NULL, NULL, NULL, NULL, NULL, NULL, NULL, '', '5.30'),
(2, 1, '64000.00', 'nemobilat', '1 locuri de parcare interioare/exterioare si 1 boxa', 'oferta', 'deplin', 'normale', 'independente', 'nu', 'August 2021', 'Central Park, Bucuresti, sector 2', 'semidecomandat', '2007', '71.71', 'medii', '1/P+4E', '18.79', NULL, 'termoficare', 'Nu', NULL, NULL, NULL, NULL, NULL, NULL, NULL, NULL, NULL, NULL, NULL, NULL, NULL, NULL, NULL, NULL, NULL, '', '5.70'),
(3, 1, '59500.00', 'nemobilat', '1 locuri de parcare interioare/exterioare si 1 boxa', 'oferta', 'deplin', 'normale', 'independente', 'nu', 'August 2021', 'Central Park, Bucuresti, sector 2', 'decomandat', '2008', '65.00', 'medii', '3/P+4E', '9.00', NULL, 'termoficare', 'Nu', NULL, NULL, NULL, NULL, NULL, NULL, NULL, NULL, NULL, NULL, NULL, NULL, NULL, NULL, NULL, NULL, NULL, '', '5.40'),
(4, 0, NULL, '', '', '', 'deplin', 'normale', 'independente', 'nu', 'August 2021', 'Central Park, Bucuresti, sector 2, str. Dinu Vintila nr. 6, sc. A, et. 8, ap. 25', 'decomandat', '2008', '80.90', 'medii', '8/S+P+11E', '11.87', '200.00', 'termoficare', 'Da 1 subteran,Da 2 subteran', 1, NULL, NULL, NULL, NULL, NULL, NULL, NULL, NULL, NULL, NULL, NULL, NULL, NULL, NULL, NULL, NULL, '', '5.40');

-- --------------------------------------------------------

--
-- Table structure for table `dashboard_comparabletable`
--

CREATE TABLE `dashboard_comparabletable` (
  `id` bigint(20) NOT NULL,
  `mobila_ajustare` decimal(10,2) DEFAULT NULL,
  `pb_ajustare` decimal(10,2) DEFAULT NULL,
  `margin` decimal(10,2) DEFAULT NULL,
  `property_percent` decimal(10,2) DEFAULT NULL,
  `property_euro` decimal(10,2) DEFAULT NULL,
  `fc_percent` decimal(10,2) DEFAULT NULL,
  `fc_euro` decimal(10,2) DEFAULT NULL,
  `sc_percent` decimal(10,2) DEFAULT NULL,
  `sc_euro` decimal(10,2) DEFAULT NULL,
  `ape_percent` decimal(10,2) DEFAULT NULL,
  `ape_euro` decimal(10,2) DEFAULT NULL,
  `me_percent` decimal(10,2) DEFAULT NULL,
  `me_euro` decimal(10,2) DEFAULT NULL,
  `lc_percent` decimal(10,2) DEFAULT NULL,
  `lc_euro` decimal(10,2) DEFAULT NULL,
  `cp_percent` decimal(10,2) DEFAULT NULL,
  `cp_euro` decimal(10,2) DEFAULT NULL,
  `cy_percent` decimal(10,2) DEFAULT NULL,
  `cy_euro` decimal(10,2) DEFAULT NULL,
  `su_percent` decimal(10,2) DEFAULT NULL,
  `su_euro` decimal(10,2) DEFAULT NULL,
  `finish_percent` decimal(10,2) DEFAULT NULL,
  `finish_euro` decimal(10,2) DEFAULT NULL,
  `etaj_percent` decimal(10,2) DEFAULT NULL,
  `etaj_euro` decimal(10,2) DEFAULT NULL,
  `balcon_percent` decimal(10,2) DEFAULT NULL,
  `balcon_euro` decimal(10,2) DEFAULT NULL,
  `hs_percent` decimal(10,2) DEFAULT NULL,
  `hs_euro` decimal(10,2) DEFAULT NULL,
  `parking_percent` decimal(10,2) DEFAULT NULL,
  `parking_euro` decimal(10,2) DEFAULT NULL,
  `ref_no_id` bigint(20) NOT NULL,
  `comparable_id` bigint(20) NOT NULL,
  `adjusted_price` decimal(10,2) DEFAULT NULL,
  `ape_price` decimal(10,2) DEFAULT NULL,
  `fc_price` decimal(10,2) DEFAULT NULL,
  `gross_adjustment` decimal(10,2) DEFAULT NULL,
  `me_price` decimal(10,2) DEFAULT NULL,
  `net_adjustment` decimal(10,2) DEFAULT NULL,
  `offer_price` decimal(10,2) DEFAULT NULL,
  `property_price` decimal(10,2) DEFAULT NULL,
  `sc_price` decimal(10,2) DEFAULT NULL,
  `total_adjustment` decimal(10,2) DEFAULT NULL,
  `correction_value` decimal(10,2) DEFAULT NULL,
  `name` varchar(2) DEFAULT NULL
) ENGINE=InnoDB DEFAULT CHARSET=utf8mb4;

--
-- Dumping data for table `dashboard_comparabletable`
--

INSERT INTO `dashboard_comparabletable` (`id`, `mobila_ajustare`, `pb_ajustare`, `margin`, `property_percent`, `property_euro`, `fc_percent`, `fc_euro`, `sc_percent`, `sc_euro`, `ape_percent`, `ape_euro`, `me_percent`, `me_euro`, `lc_percent`, `lc_euro`, `cp_percent`, `cp_euro`, `cy_percent`, `cy_euro`, `su_percent`, `su_euro`, `finish_percent`, `finish_euro`, `etaj_percent`, `etaj_euro`, `balcon_percent`, `balcon_euro`, `hs_percent`, `hs_euro`, `parking_percent`, `parking_euro`, `ref_no_id`, `comparable_id`, `adjusted_price`, `ape_price`, `fc_price`, `gross_adjustment`, `me_price`, `net_adjustment`, `offer_price`, `property_price`, `sc_price`, `total_adjustment`, `correction_value`, `name`) VALUES
(3, '-3000.00', '-15000.00', '-3.00', '0.00', '0.00', '0.00', '0.00', '0.00', '0.00', '0.00', '0.00', '0.00', '0.00', '0.00', '0.00', '-2.00', '-1241.60', '0.00', '0.00', '17.25', '10706.55', '0.00', '0.00', '0.00', '0.00', '2.86', '1774.00', '0.00', '0.00', '32.22', '20000.00', 1, 1, '93318.95', '62080.00', '62080.00', '33722.15', '62080.00', '31238.95', '62080.00', '62080.00', '62080.00', '31238.95', '-1920.00', 'A'),
(4, '-3000.00', '-5000.00', '-3.00', '0.00', '0.00', '0.00', '0.00', '0.00', '0.00', '0.00', '0.00', '0.00', '0.00', '0.00', '0.00', '0.00', '0.00', '0.00', '0.00', '12.82', '7955.87', '0.00', '0.00', '0.00', '0.00', '-2.23', '-1384.00', '0.00', '0.00', '32.22', '20000.00', 1, 2, '88651.87', '62080.00', '62080.00', '29339.87', '62080.00', '26571.87', '62080.00', '62080.00', '62080.00', '26571.87', '-1920.00', 'B'),
(5, '-3000.00', '-1000.00', '-3.00', '0.00', '0.00', '0.00', '0.00', '0.00', '0.00', '0.00', '0.00', '0.00', '0.00', '0.00', '0.00', '-2.00', '-1154.30', '0.00', '0.00', '24.46', '14117.98', '0.00', '0.00', '0.00', '0.00', '0.99', '574.00', '0.00', '0.00', '34.65', '20000.00', 1, 3, '91252.68', '57715.00', '57715.00', '35846.28', '57715.00', '33537.68', '57715.00', '57715.00', '57715.00', '33537.68', '-1785.00', 'C');

-- --------------------------------------------------------

--
-- Table structure for table `dashboard_construction`
--

CREATE TABLE `dashboard_construction` (
  `id` bigint(20) NOT NULL,
  `etaj` varchar(55) DEFAULT NULL,
  `build_in` varchar(10) DEFAULT NULL,
  `structure` varchar(255) DEFAULT NULL,
  `foundation` varchar(255) DEFAULT NULL,
  `closure` varchar(255) DEFAULT NULL,
  `subcompartment` varchar(255) DEFAULT NULL,
  `roof` varchar(255) DEFAULT NULL,
  `walls` varchar(500) DEFAULT NULL,
  `interior_carpentry` varchar(500) DEFAULT NULL,
  `ceiling` varchar(500) DEFAULT NULL,
  `exterior_finishes` varchar(500) DEFAULT NULL,
  `exterior_carpentry` varchar(500) DEFAULT NULL,
  `utilities` varchar(500) DEFAULT NULL,
  `additional_equipment` varchar(500) DEFAULT NULL,
  `heating` varchar(500) DEFAULT NULL,
  `finish` varchar(55) DEFAULT NULL,
  `comments` longtext DEFAULT NULL,
  `ref_no_id` bigint(20) NOT NULL,
  `conform` varchar(255) DEFAULT NULL,
  `invelitoare` varchar(255) DEFAULT NULL
) ENGINE=InnoDB DEFAULT CHARSET=utf8mb4;

--
-- Dumping data for table `dashboard_construction`
--

INSERT INTO `dashboard_construction` (`id`, `etaj`, `build_in`, `structure`, `foundation`, `closure`, `subcompartment`, `roof`, `walls`, `interior_carpentry`, `ceiling`, `exterior_finishes`, `exterior_carpentry`, `utilities`, `additional_equipment`, `heating`, `finish`, `comments`, `ref_no_id`, `conform`, `invelitoare`) VALUES
(1, '8/S+P+11E', '2008', 'rcf', 'crcf', 'bm', 'bm', 'ut', 'The walls are finished with plasters covered with washable paint in most rooms, more a little in the bathrooms and in the kitchen where they are partially tiled.', 'Interior carpentry is made of wood.', 'It is finished with plasters covered with washable paint', 'Exterior finishes are good and consist of smooth decorative plasters', 'The exterior carpentry is made of PVC with double glazing. The access door is metallic.', '[\'gas\', \'electricity\', \'sewerage\']', '[\'ac\']', 'termoficare', 'medii', '', 1, NULL, NULL);

-- --------------------------------------------------------

--
-- Table structure for table `dashboard_customfieldfile`
--

CREATE TABLE `dashboard_customfieldfile` (
  `id` bigint(20) NOT NULL,
  `file_name` varchar(100) NOT NULL,
  `attr_id_id` bigint(20) NOT NULL,
  `ref_no_id` bigint(20) NOT NULL
) ENGINE=InnoDB DEFAULT CHARSET=utf8mb4;

--
-- Dumping data for table `dashboard_customfieldfile`
--

INSERT INTO `dashboard_customfieldfile` (`id`, `file_name`, `attr_id_id`, `ref_no_id`) VALUES
(1, 'valuation/2021/10/01/bathroom1.jpg', 1, 1),
(2, 'valuation/2021/10/01/bathroom2.jpg', 2, 1);

-- --------------------------------------------------------

--
-- Table structure for table `dashboard_customfieldvalue`
--

CREATE TABLE `dashboard_customfieldvalue` (
  `id` bigint(20) NOT NULL,
  `attr_name` varchar(155) DEFAULT NULL,
  `attr_value` varchar(155) DEFAULT NULL,
  `ref_no_id` bigint(20) NOT NULL
) ENGINE=InnoDB DEFAULT CHARSET=utf8mb4;

--
-- Dumping data for table `dashboard_customfieldvalue`
--

INSERT INTO `dashboard_customfieldvalue` (`id`, `attr_name`, `attr_value`, `ref_no_id`) VALUES
(1, 'Custom Field 1', '1', 1),
(2, 'Custom Field 2', '1', 1);

-- --------------------------------------------------------

--
-- Table structure for table `dashboard_evaluareform`
--

CREATE TABLE `dashboard_evaluareform` (
  `id` bigint(20) NOT NULL,
  `reference_no` varchar(255) DEFAULT NULL,
  `title` varchar(255) DEFAULT NULL,
  `street` varchar(255) DEFAULT NULL,
  `locatie` varchar(55) DEFAULT NULL,
  `apartment_no` varchar(55) DEFAULT NULL,
  `apartment_type` varchar(155) DEFAULT NULL,
  `latitude` varchar(255) DEFAULT NULL,
  `longitude` varchar(255) DEFAULT NULL,
  `property_type` varchar(150) DEFAULT NULL,
  `owner` varchar(150) DEFAULT NULL,
  `nume_client` varchar(255) DEFAULT NULL,
  `ct_address` varchar(155) DEFAULT NULL,
  `cui` varchar(50) DEFAULT NULL,
  `report_recipient` varchar(255) DEFAULT NULL,
  `rp_address` varchar(155) DEFAULT NULL,
  `status` varchar(150) DEFAULT NULL,
  `inspection_date` date DEFAULT NULL,
  `valuation_date` date DEFAULT NULL,
  `report_date` date DEFAULT NULL,
  `city_id` bigint(20) DEFAULT NULL,
  `valuatate_by_id` bigint(20) DEFAULT NULL
) ENGINE=InnoDB DEFAULT CHARSET=utf8mb4;

--
-- Dumping data for table `dashboard_evaluareform`
--

INSERT INTO `dashboard_evaluareform` (`id`, `reference_no`, `title`, `street`, `locatie`, `apartment_no`, `apartment_type`, `latitude`, `longitude`, `property_type`, `owner`, `nume_client`, `ct_address`, `cui`, `report_recipient`, `rp_address`, `status`, `inspection_date`, `valuation_date`, `report_date`, `city_id`, `valuatate_by_id`) VALUES
(1, '00001', 'Apartamente cu 3 si dependinte', 'Central Park, Bucuresti, sector 2, str. Dinu Vintila nr. 6, sc. A, et. 8, ap. 25', '[\'urbana\', \'centrala\']', 'A8-1 (nr.  25)', 'decomandat', '44.443074', '26.170913', 'apartamente', 'Pauna Valentin, Pauna Gabriela-Monica', 'ASD SRL', '', '', 'Asociatia Nationala a Evaluatorilor Autorizati din Romania', '', 'progress', '2021-09-27', '2021-10-09', '2021-10-10', 3462, 2),
(8, '00002', NULL, 'Maijdee court', '[]', '', '', '44.430429', '26.107948', 'apartamente', 'Andre C', 'Andre C', '', '', 'ING Bank', '', 'completed', '2021-10-11', NULL, '2021-10-13', 1, NULL);

-- --------------------------------------------------------

--
-- Table structure for table `dashboard_marketanalysis`
--

CREATE TABLE `dashboard_marketanalysis` (
  `id` bigint(20) NOT NULL,
  `dps` longtext DEFAULT NULL,
  `area_between` varchar(155) DEFAULT NULL,
  `ac` longtext DEFAULT NULL,
  `zona_type` varchar(155) DEFAULT NULL,
  `af` longtext DEFAULT NULL,
  `const_density` varchar(55) DEFAULT NULL,
  `ebby` varchar(155) DEFAULT NULL,
  `prop_size` varchar(155) DEFAULT NULL,
  `exposure` varchar(155) DEFAULT NULL,
  `spi` longtext DEFAULT NULL,
  `liquidity` varchar(155) DEFAULT NULL,
  `transactions_nr` varchar(155) DEFAULT NULL,
  `exposure_period` varchar(155) DEFAULT NULL,
  `forecast` longtext DEFAULT NULL,
  `minsale_price` decimal(10,2) DEFAULT NULL,
  `maxsale_price` decimal(10,2) DEFAULT NULL,
  `guarantee_risk` longtext DEFAULT NULL,
  `ref_no_id` bigint(20) NOT NULL
) ENGINE=InnoDB DEFAULT CHARSET=utf8mb4;

-- --------------------------------------------------------

--
-- Table structure for table `dashboard_photo`
--

CREATE TABLE `dashboard_photo` (
  `id` bigint(20) NOT NULL,
  `refer_to` varchar(55) DEFAULT NULL,
  `image_order` int(11) DEFAULT NULL,
  `image` varchar(100) NOT NULL,
  `ref_no_id` bigint(20) NOT NULL
) ENGINE=InnoDB DEFAULT CHARSET=utf8mb4;

--
-- Dumping data for table `dashboard_photo`
--

INSERT INTO `dashboard_photo` (`id`, `refer_to`, `image_order`, `image`, `ref_no_id`) VALUES
(1, 'cover', 1, 'coverphoto/2021/10/08/exterior4.jpg', 1),
(2, 'cover', 2, 'coverphoto/2021/10/08/exterior1.jpg', 1),
(3, 'cover', 3, 'coverphoto/2021/10/08/bedroom4.jpg', 1),
(4, 'cover', 4, 'coverphoto/2021/10/08/bedroom5.jpg', 1),
(5, 'summary', 1, 'coverphoto/2021/10/08/bedroom3.jpg', 1),
(6, 'summary', 2, 'coverphoto/2021/10/08/kitchen1.jpg', 1),
(7, 'summary', 3, 'coverphoto/2021/10/08/livingroom.jpg', 1),
(8, 'summary', 4, 'coverphoto/2021/10/08/livingroom1.jpg', 1);

-- --------------------------------------------------------

--
-- Table structure for table `dashboard_presentationdata`
--

CREATE TABLE `dashboard_presentationdata` (
  `id` bigint(20) NOT NULL,
  `sub_identi` longtext DEFAULT NULL,
  `sp_hypo` longtext DEFAULT NULL,
  `poi` varchar(1000) DEFAULT NULL,
  `pt` varchar(155) DEFAULT NULL,
  `legal_doc` varchar(1000) DEFAULT NULL,
  `cadastral_no` varchar(155) DEFAULT NULL,
  `land_book_no` varchar(155) DEFAULT NULL,
  `uat` varchar(255) DEFAULT NULL,
  `charges` varchar(155) DEFAULT NULL,
  `sarcini` varchar(55) DEFAULT NULL,
  `current_use` varchar(155) DEFAULT NULL,
  `identification` varchar(155) DEFAULT NULL,
  `history` longtext DEFAULT NULL,
  `ref_no_id` bigint(20) NOT NULL,
  `access` varchar(255) DEFAULT NULL,
  `description` longtext DEFAULT NULL,
  `strada` varchar(155) DEFAULT NULL,
  `zona` longtext DEFAULT NULL
) ENGINE=InnoDB DEFAULT CHARSET=utf8mb4;

--
-- Dumping data for table `dashboard_presentationdata`
--

INSERT INTO `dashboard_presentationdata` (`id`, `sub_identi`, `sp_hypo`, `poi`, `pt`, `legal_doc`, `cadastral_no`, `land_book_no`, `uat`, `charges`, `sarcini`, `current_use`, `identification`, `history`, `ref_no_id`, `access`, `description`, `strada`, `zona`) VALUES
(1, NULL, '', 'School,College', '[\'Metrou\', \'Tramvai\', \'Autobuz\']', '[\'5\', \'6\']', '12345', '56789', 'Bucharest', 'no', '', 'locuita', 'id1', '', 1, NULL, NULL, NULL, NULL);

-- --------------------------------------------------------

--
-- Table structure for table `dashboard_residentialattr`
--

CREATE TABLE `dashboard_residentialattr` (
  `id` bigint(20) NOT NULL,
  `name` varchar(255) DEFAULT NULL,
  `property_type` varchar(50) DEFAULT NULL,
  `has_photo` tinyint(1) NOT NULL,
  `has_nr` tinyint(1) NOT NULL
) ENGINE=InnoDB DEFAULT CHARSET=utf8mb4;

--
-- Dumping data for table `dashboard_residentialattr`
--

INSERT INTO `dashboard_residentialattr` (`id`, `name`, `property_type`, `has_photo`, `has_nr`) VALUES
(1, 'Exterior', 'apartamente', 1, 0),
(2, 'Dormitor', 'apartamente', 1, 1),
(3, 'Baie', 'apartamente', 1, 1),
(4, 'Hol', 'apartamente', 1, 1),
(5, 'Balcon', 'apartamente', 1, 1),
(6, 'Terrace', 'apartamente', 1, 1),
(7, 'Parcare suprateran', 'apartamente', 1, 1),
(8, 'Parcare subteran', 'apartamente', 1, 1),
(9, 'Boxa', 'apartamente', 1, 1);

-- --------------------------------------------------------

--
-- Table structure for table `dashboard_residentialattrfile`
--

CREATE TABLE `dashboard_residentialattrfile` (
  `id` bigint(20) NOT NULL,
  `file_name` varchar(100) NOT NULL,
  `attr_id_id` bigint(20) NOT NULL,
  `ref_no_id` bigint(20) NOT NULL
) ENGINE=InnoDB DEFAULT CHARSET=utf8mb4;

--
-- Dumping data for table `dashboard_residentialattrfile`
--

INSERT INTO `dashboard_residentialattrfile` (`id`, `file_name`, `attr_id_id`, `ref_no_id`) VALUES
(1, 'valuation/2021/10/01/exterior1.jpg', 1, 1),
(2, 'valuation/2021/10/01/exterior3.jpg', 1, 1),
(3, 'valuation/2021/10/01/bedroom3.jpg', 2, 1),
(4, 'valuation/2021/10/01/bedroom5.jpg', 2, 1),
(5, 'valuation/2021/10/01/bathroom3.jpg', 3, 1),
(6, 'valuation/2021/10/01/bathroom4.jpg', 3, 1),
(7, 'valuation/2021/10/01/exterior4.jpg', 4, 1),
(8, 'valuation/2021/10/01/diningroom1.jpg', 5, 1);

-- --------------------------------------------------------

--
-- Table structure for table `dashboard_residentialattrvalue`
--

CREATE TABLE `dashboard_residentialattrvalue` (
  `id` bigint(20) NOT NULL,
  `attr_value` varchar(10) DEFAULT NULL,
  `mav` decimal(10,2) NOT NULL,
  `iav` decimal(10,2) NOT NULL,
  `floor_type` varchar(55) DEFAULT NULL,
  `attr_id_id` bigint(20) NOT NULL,
  `ref_no_id` bigint(20) NOT NULL
) ENGINE=InnoDB DEFAULT CHARSET=utf8mb4;

--
-- Dumping data for table `dashboard_residentialattrvalue`
--

INSERT INTO `dashboard_residentialattrvalue` (`id`, `attr_value`, `mav`, `iav`, `floor_type`, `attr_id_id`, `ref_no_id`) VALUES
(1, 'none', '0.00', '0.00', 'NULL', 1, 1),
(2, '3', '10000.00', '0.00', 'laminat', 2, 1),
(3, '2', '10000.00', '0.00', 'gresie', 3, 1),
(4, '2', '10000.00', '0.00', 'gresie', 4, 1),
(5, '3', '10000.00', '0.00', 'gresie', 5, 1),
(6, '0', '0.00', '0.00', 'NULL', 6, 1),
(7, '1', '10000.00', '0.00', 'gresie', 7, 1),
(8, '2', '0.00', '0.00', 'gresie', 8, 1),
(9, '0', '0.00', '0.00', 'NULL', 9, 1);

-- --------------------------------------------------------

--
-- Table structure for table `dashboard_sourceofinformation`
--

CREATE TABLE `dashboard_sourceofinformation` (
  `id` bigint(20) NOT NULL,
  `source` varchar(255) DEFAULT NULL,
  `ref_no_id` bigint(20) NOT NULL
) ENGINE=InnoDB DEFAULT CHARSET=utf8mb4;

--
-- Dumping data for table `dashboard_sourceofinformation`
--

INSERT INTO `dashboard_sourceofinformation` (`id`, `source`, `ref_no_id`) VALUES
(1, 'Contract de vanzare-cumparare nr 4027 din 21.12.2007', 1),
(2, 'Extras de carte funciara pentru informare nr. 75150 avand numar cerere 332818 din data de 16.08.2010', 1),
(3, 'Releveul apartamentului scara 1:100 avizat ANCPI', 1);

-- --------------------------------------------------------

--
-- Table structure for table `dashboard_suprafete`
--

CREATE TABLE `dashboard_suprafete` (
  `id` bigint(20) NOT NULL,
  `room_name` varchar(155) DEFAULT NULL,
  `area` decimal(10,2) NOT NULL,
  `utila` tinyint(1) NOT NULL,
  `ref_no_id` bigint(20) NOT NULL
) ENGINE=InnoDB DEFAULT CHARSET=utf8mb4;

--
-- Dumping data for table `dashboard_suprafete`
--

INSERT INTO `dashboard_suprafete` (`id`, `room_name`, `area`, `utila`, `ref_no_id`) VALUES
(1, 'Dormitor 1', '13.12', 1, 1),
(2, 'Dormitor 2', '13.88', 1, 1),
(3, 'Dormitor 3', '24.88', 1, 1),
(4, 'Baie 1', '3.20', 1, 1),
(5, 'Baie 2', '7.63', 1, 1),
(6, 'Hol 1', '10.76', 1, 1),
(7, 'Hol 2', '6.14', 1, 1),
(8, 'Balcon 1', '2.25', 0, 1),
(9, 'Balcon 2', '0.69', 0, 1),
(10, 'Balcon 3', '14.55', 0, 1);

-- --------------------------------------------------------

--
-- Table structure for table `dashboard_valuationsummary`
--

CREATE TABLE `dashboard_valuationsummary` (
  `id` bigint(20) NOT NULL,
  `purpose` varchar(150) DEFAULT NULL,
  `approach` varchar(150) DEFAULT NULL,
  `amav` decimal(10,2) NOT NULL,
  `aiav` decimal(10,2) NOT NULL,
  `fer` decimal(10,2) DEFAULT NULL,
  `fer_date` date DEFAULT NULL,
  `ref_no_id` bigint(20) NOT NULL,
  `valued_property` longtext DEFAULT NULL,
  `boxa_iv` decimal(10,2) NOT NULL,
  `boxa_mv` decimal(10,2) NOT NULL,
  `subteran_iv` decimal(10,2) NOT NULL,
  `subteran_mv` decimal(10,2) NOT NULL,
  `suprateran_iv` decimal(10,2) NOT NULL,
  `suprateran_mv` decimal(10,2) NOT NULL
) ENGINE=InnoDB DEFAULT CHARSET=utf8mb4;

--
-- Dumping data for table `dashboard_valuationsummary`
--

INSERT INTO `dashboard_valuationsummary` (`id`, `purpose`, `approach`, `amav`, `aiav`, `fer`, `fer_date`, `ref_no_id`, `valued_property`, `boxa_iv`, `boxa_mv`, `subteran_iv`, `subteran_mv`, `suprateran_iv`, `suprateran_mv`) VALUES
(1, 'bank_guarantee', 'market', '187000.00', '0.00', '4.95', '2021-10-07', 1, NULL, '0.00', '0.00', '0.00', '0.00', '0.00', '0.00');

-- --------------------------------------------------------

--
-- Table structure for table `django_admin_log`
--

CREATE TABLE `django_admin_log` (
  `id` int(11) NOT NULL,
  `action_time` datetime(6) NOT NULL,
  `object_id` longtext DEFAULT NULL,
  `object_repr` varchar(200) NOT NULL,
  `action_flag` smallint(5) UNSIGNED NOT NULL CHECK (`action_flag` >= 0),
  `change_message` longtext NOT NULL,
  `content_type_id` int(11) DEFAULT NULL,
  `user_id` bigint(20) NOT NULL
) ENGINE=InnoDB DEFAULT CHARSET=utf8mb4;

--
-- Dumping data for table `django_admin_log`
--

INSERT INTO `django_admin_log` (`id`, `action_time`, `object_id`, `object_repr`, `action_flag`, `change_message`, `content_type_id`, `user_id`) VALUES
(1, '2021-10-18 14:45:30.633002', '1', 'Apartamente', 1, '[{\"added\": {}}]', 27, 1),
(2, '2021-10-18 14:45:52.013729', '1', '1', 1, '[{\"added\": {}}]', 43, 1),
(3, '2021-10-18 14:46:05.936063', '2', '2', 1, '[{\"added\": {}}]', 43, 1),
(4, '2021-10-18 14:46:29.145305', '3', '3', 1, '[{\"added\": {}}]', 43, 1),
(5, '2021-10-18 14:46:35.855096', '4', '4', 1, '[{\"added\": {}}]', 43, 1),
(6, '2021-10-18 14:46:48.105111', '5', '5', 1, '[{\"added\": {}}]', 43, 1),
(7, '2021-10-18 14:47:03.118551', '6', '6', 1, '[{\"added\": {}}]', 43, 1),
(8, '2021-10-18 14:47:15.617636', '7', '7', 1, '[{\"added\": {}}]', 43, 1),
(9, '2021-10-18 14:47:22.277703', '8', '8', 1, '[{\"added\": {}}]', 43, 1),
(10, '2021-10-18 14:47:35.868664', '9', '9', 1, '[{\"added\": {}}]', 43, 1),
(11, '2021-10-18 14:47:52.570764', '10', '10', 1, '[{\"added\": {}}]', 43, 1),
(12, '2021-10-18 14:48:01.513997', '11', '11', 1, '[{\"added\": {}}]', 43, 1),
(13, '2021-10-18 14:57:40.495133', '1', 'Decomandat', 1, '[{\"added\": {}}]', 52, 1),
(14, '2021-10-18 14:57:45.900554', '2', 'Semidecomandat', 1, '[{\"added\": {}}]', 52, 1),
(15, '2021-10-18 14:57:50.166971', '3', 'Neecomandat', 1, '[{\"added\": {}}]', 52, 1),
(16, '2021-10-18 14:57:53.683201', '4', 'Circular', 1, '[{\"added\": {}}]', 52, 1),
(17, '2021-10-18 15:42:47.552458', '2', 'Alba', 1, '[{\"added\": {}}]', 60, 1),
(18, '2021-10-18 15:43:00.739000', '3', 'Arad', 1, '[{\"added\": {}}]', 60, 1),
(19, '2021-10-18 15:43:44.549286', '2', 'Abrud', 1, '[{\"added\": {}}]', 40, 1),
(20, '2021-10-18 15:56:22.753826', '1', 'In progress', 1, '[{\"added\": {}}]', 46, 1),
(21, '2021-10-18 15:56:27.923953', '2', 'Completed', 1, '[{\"added\": {}}]', 46, 1),
(22, '2021-10-18 15:56:32.144907', '3', 'Suspended', 1, '[{\"added\": {}}]', 46, 1),
(23, '2021-10-18 15:56:35.547846', '4', 'Cancelled', 1, '[{\"added\": {}}]', 46, 1),
(24, '2021-10-19 10:35:29.880244', '1', 'Garantare Bancara', 1, '[{\"added\": {}}]', 59, 1),
(25, '2021-10-19 10:35:35.319968', '2', 'Informativ', 1, '[{\"added\": {}}]', 59, 1),
(26, '2021-10-19 10:35:42.396439', '3', 'Raportare Financiara', 1, '[{\"added\": {}}]', 59, 1),
(27, '2021-10-19 11:54:16.902986', '1', 'Abordare de piață', 1, '[{\"added\": {}}]', 34, 1),
(28, '2021-10-19 11:54:22.609170', '2', 'Abordarea prin venit', 1, '[{\"added\": {}}]', 34, 1),
(29, '2021-10-19 11:54:50.016452', '1', 'Rigips', 1, '[{\"added\": {}}]', 38, 1),
(30, '2021-10-19 11:54:55.116425', '2', 'BCA', 1, '[{\"added\": {}}]', 38, 1),
(31, '2021-10-19 11:54:58.791010', '3', 'Caramida', 1, '[{\"added\": {}}]', 38, 1),
(32, '2021-10-19 11:55:10.388751', '1', 'Zidarie portanta', 1, '[{\"added\": {}}]', 57, 1),
(33, '2021-10-19 11:55:18.346608', '2', 'Cadre din beton armat', 1, '[{\"added\": {}}]', 57, 1),
(34, '2021-10-19 11:55:23.859394', '3', 'Cadre de metal', 1, '[{\"added\": {}}]', 57, 1),
(35, '2021-10-19 11:55:29.595015', '4', 'Diafragme din beton armat', 1, '[{\"added\": {}}]', 57, 1),
(36, '2021-10-19 11:55:33.479253', '5', 'Lemn', 1, '[{\"added\": {}}]', 57, 1),
(37, '2021-10-19 11:55:39.548082', '6', 'Mixt – cadre de metal + structura put beton', 1, '[{\"added\": {}}]', 57, 1),
(38, '2021-10-19 11:56:03.145346', '1', 'Terasa circulabila', 1, '[{\"added\": {}}]', 53, 1),
(39, '2021-10-19 11:56:08.850678', '2', 'Terasa necirculabila', 1, '[{\"added\": {}}]', 53, 1),
(40, '2021-10-19 11:56:15.714206', '3', 'Sarpanta din lemn', 1, '[{\"added\": {}}]', 53, 1),
(41, '2021-10-19 11:56:21.579753', '4', 'Sarpanta din metal', 1, '[{\"added\": {}}]', 53, 1),
(42, '2021-10-19 11:58:04.028601', '1', 'Bitum', 1, '[{\"added\": {}}]', 25, 1),
(43, '2021-10-19 11:58:08.242507', '2', 'Tigla', 1, '[{\"added\": {}}]', 25, 1),
(44, '2021-10-19 11:58:12.191352', '3', 'Tabla', 1, '[{\"added\": {}}]', 25, 1),
(45, '2021-10-19 11:58:22.113305', '1', 'Termoficare', 1, '[{\"added\": {}}]', 47, 1),
(46, '2021-10-19 11:58:28.906488', '2', 'Centrala termica proprie', 1, '[{\"added\": {}}]', 47, 1),
(47, '2021-10-19 11:58:34.284368', '3', 'Centrala termica a blocului', 1, '[{\"added\": {}}]', 47, 1),
(48, '2021-10-19 11:58:52.534224', '1', 'Continue din beton armat', 1, '[{\"added\": {}}]', 45, 1),
(49, '2021-10-19 11:58:57.283668', '2', 'Stalpi din beton armat prefabricat', 1, '[{\"added\": {}}]', 45, 1),
(50, '2021-10-19 11:59:03.225959', '3', 'Grinzi continue sub stalpi', 1, '[{\"added\": {}}]', 45, 1),
(51, '2021-10-19 11:59:13.393265', '4', 'Tip Radier General', 1, '[{\"added\": {}}]', 45, 1),
(52, '2021-10-19 11:59:19.223977', '5', 'Pe piloti', 1, '[{\"added\": {}}]', 45, 1),
(53, '2021-10-19 11:59:26.443410', '6', 'Pe chesoane', 1, '[{\"added\": {}}]', 45, 1),
(54, '2021-10-19 11:59:39.602198', '1', 'Beton armat', 1, '[{\"added\": {}}]', 29, 1),
(55, '2021-10-19 11:59:44.182845', '2', 'Lemn', 1, '[{\"added\": {}}]', 29, 1),
(56, '2021-10-19 11:59:53.994141', '1', 'Medii', 1, '[{\"added\": {}}]', 51, 1),
(57, '2021-10-19 11:59:57.751316', '2', 'Bune', 1, '[{\"added\": {}}]', 51, 1),
(58, '2021-10-19 12:00:09.724278', '1', 'Inspectiei', 1, '[{\"added\": {}}]', 28, 1),
(59, '2021-10-19 12:00:14.885909', '2', 'Certificatului de performanta energetica', 1, '[{\"added\": {}}]', 28, 1),
(60, '2021-10-19 12:00:27.801130', '3', 'Procesului verbal de receptie la terminarea lucrarilor', 1, '[{\"added\": {}}]', 28, 1),
(61, '2021-10-19 12:00:35.484090', '4', 'Planului de amplasament si de mutare a imobilului', 1, '[{\"added\": {}}]', 28, 1),
(62, '2021-10-19 12:00:52.178169', '1', 'Zidarie Caramida', 1, '[{\"added\": {}}]', 39, 1),
(63, '2021-10-19 12:00:56.666502', '2', 'Zidarie BCA', 1, '[{\"added\": {}}]', 39, 1),
(64, '2021-10-19 13:00:43.521258', '1', 'Natural gas', 1, '[{\"added\": {}}]', 62, 1),
(65, '2021-10-19 13:00:48.219636', '2', 'Electricity', 1, '[{\"added\": {}}]', 62, 1),
(66, '2021-10-19 13:00:52.860183', '3', 'Apa', 1, '[{\"added\": {}}]', 62, 1),
(67, '2021-10-19 13:00:57.188348', '4', 'Sewerage', 1, '[{\"added\": {}}]', 62, 1),
(68, '2021-10-19 13:01:09.342700', '1', 'Air conditioning', 1, '[{\"added\": {}}]', 61, 1),
(69, '2021-10-19 13:01:26.328772', '2', 'Mobilat', 1, '[{\"added\": {}}]', 61, 1),
(70, '2021-10-19 15:53:23.017857', '1', 'Metrou', 1, '[{\"added\": {}}]', 26, 1),
(71, '2021-10-19 15:53:27.633604', '2', 'Tramvai', 1, '[{\"added\": {}}]', 26, 1),
(72, '2021-10-19 15:53:31.748408', '3', 'Autobuz', 1, '[{\"added\": {}}]', 26, 1),
(73, '2021-10-19 16:00:11.329583', '1', 'O banda de circulatie', 1, '[{\"added\": {}}]', 44, 1),
(74, '2021-10-19 16:00:16.449595', '2', 'Doua benzi de circulatie', 1, '[{\"added\": {}}]', 44, 1),
(75, '2021-10-19 16:00:22.280508', '3', 'Trei benzi de circulatie', 1, '[{\"added\": {}}]', 44, 1),
(76, '2021-10-20 14:02:52.373037', '1', 'Nemobilat', 1, '[{\"added\": {}}]', 58, 1),
(77, '2021-10-20 14:02:59.413433', '2', 'Partial mobilat', 1, '[{\"added\": {}}]', 58, 1),
(78, '2021-10-20 14:03:05.956649', '3', 'Complet mobilat', 1, '[{\"added\": {}}]', 58, 1),
(79, '2021-10-20 15:04:06.370899', '1', 'Deplin', 1, '[{\"added\": {}}]', 36, 1),
(80, '2021-10-20 15:04:11.286013', '2', 'Partial', 1, '[{\"added\": {}}]', 36, 1),
(81, '2021-11-01 12:04:49.821281', '14', '14', 1, '[{\"added\": {}}]', 32, 1),
(82, '2021-11-01 12:05:39.363847', '14', '00001', 3, '', 32, 1),
(83, '2021-11-01 12:05:39.747164', '13', '00001', 3, '', 32, 1),
(84, '2021-11-01 12:05:39.837047', '12', '00001', 3, '', 32, 1),
(85, '2021-11-01 12:05:39.897875', '11', '00001', 3, '', 32, 1),
(86, '2021-11-01 12:05:39.935192', '10', '00001', 3, '', 32, 1),
(87, '2021-11-01 12:07:47.236382', '15', '00001', 1, '[{\"added\": {}}]', 32, 1);

-- --------------------------------------------------------

--
-- Table structure for table `django_content_type`
--

CREATE TABLE `django_content_type` (
  `id` int(11) NOT NULL,
  `app_label` varchar(100) NOT NULL,
  `model` varchar(100) NOT NULL
) ENGINE=InnoDB DEFAULT CHARSET=utf8mb4;

--
-- Dumping data for table `django_content_type`
--

INSERT INTO `django_content_type` (`id`, `app_label`, `model`) VALUES
(1, 'admin', 'logentry'),
(3, 'auth', 'group'),
(2, 'auth', 'permission'),
(6, 'authentication', 'user'),
(4, 'contenttypes', 'contenttype'),
(23, 'dashboard', 'anexa'),
(7, 'dashboard', 'area'),
(8, 'dashboard', 'city'),
(22, 'dashboard', 'comparableproperty'),
(21, 'dashboard', 'comparabletable'),
(20, 'dashboard', 'construction'),
(19, 'dashboard', 'customfieldfile'),
(18, 'dashboard', 'customfieldvalue'),
(9, 'dashboard', 'evaluareform'),
(24, 'dashboard', 'marketanalysis'),
(17, 'dashboard', 'photo'),
(16, 'dashboard', 'presentationdata'),
(10, 'dashboard', 'residentialattr'),
(15, 'dashboard', 'residentialattrfile'),
(14, 'dashboard', 'residentialattrvalue'),
(13, 'dashboard', 'sourceofinformation'),
(12, 'dashboard', 'suprafete'),
(11, 'dashboard', 'valuationsummary'),
(5, 'sessions', 'session'),
(61, 'valuation', 'additionalequipment'),
(31, 'valuation', 'anexa'),
(48, 'valuation', 'anexa2'),
(60, 'valuation', 'area'),
(40, 'valuation', 'city'),
(39, 'valuation', 'clousertype'),
(54, 'valuation', 'comparableproperty'),
(41, 'valuation', 'comparabletable'),
(43, 'valuation', 'compartimentare'),
(42, 'valuation', 'compartimentarevalue'),
(52, 'valuation', 'compartmenttype'),
(28, 'valuation', 'conformtype'),
(35, 'valuation', 'construction'),
(50, 'valuation', 'customfieldvalue'),
(51, 'valuation', 'finishtype'),
(29, 'valuation', 'floortype'),
(45, 'valuation', 'foundationtype'),
(47, 'valuation', 'heatingsystem'),
(25, 'valuation', 'invelitoaretype'),
(37, 'valuation', 'marketanalysis'),
(58, 'valuation', 'mobilatype'),
(64, 'valuation', 'mvbtable'),
(32, 'valuation', 'photo'),
(49, 'valuation', 'presentationdata'),
(36, 'valuation', 'propertyrighttype'),
(27, 'valuation', 'propertytype'),
(53, 'valuation', 'rooftype'),
(55, 'valuation', 'sourceofinformation'),
(46, 'valuation', 'status'),
(44, 'valuation', 'stradatype'),
(57, 'valuation', 'structuretype'),
(38, 'valuation', 'subcompartmenttype'),
(63, 'valuation', 'summaryvalue'),
(56, 'valuation', 'suprafete'),
(26, 'valuation', 'transport'),
(62, 'valuation', 'utility'),
(33, 'valuation', 'valuatedproperty'),
(34, 'valuation', 'valuationapproach'),
(59, 'valuation', 'valuationpurpose'),
(30, 'valuation', 'valuationsummary');

-- --------------------------------------------------------

--
-- Table structure for table `django_migrations`
--

CREATE TABLE `django_migrations` (
  `id` bigint(20) NOT NULL,
  `app` varchar(255) NOT NULL,
  `name` varchar(255) NOT NULL,
  `applied` datetime(6) NOT NULL
) ENGINE=InnoDB DEFAULT CHARSET=utf8mb4;

--
-- Dumping data for table `django_migrations`
--

INSERT INTO `django_migrations` (`id`, `app`, `name`, `applied`) VALUES
(1, 'contenttypes', '0001_initial', '2021-10-05 08:33:24.296634'),
(2, 'contenttypes', '0002_remove_content_type_name', '2021-10-05 08:33:24.936646'),
(3, 'auth', '0001_initial', '2021-10-05 08:33:29.679248'),
(4, 'auth', '0002_alter_permission_name_max_length', '2021-10-05 08:33:30.448210'),
(5, 'auth', '0003_alter_user_email_max_length', '2021-10-05 08:33:30.495030'),
(6, 'auth', '0004_alter_user_username_opts', '2021-10-05 08:33:30.541940'),
(7, 'auth', '0005_alter_user_last_login_null', '2021-10-05 08:33:30.620426'),
(8, 'auth', '0006_require_contenttypes_0002', '2021-10-05 08:33:31.087787'),
(9, 'auth', '0007_alter_validators_add_error_messages', '2021-10-05 08:33:31.167120'),
(10, 'auth', '0008_alter_user_username_max_length', '2021-10-05 08:33:31.216524'),
(11, 'auth', '0009_alter_user_last_name_max_length', '2021-10-05 08:33:31.295314'),
(12, 'auth', '0010_alter_group_name_max_length', '2021-10-05 08:33:31.436398'),
(13, 'auth', '0011_update_proxy_permissions', '2021-10-05 08:33:31.467898'),
(14, 'auth', '0012_alter_user_first_name_max_length', '2021-10-05 08:33:31.514752'),
(15, 'authentication', '0001_initial', '2021-10-05 08:33:36.126832'),
(16, 'admin', '0001_initial', '2021-10-05 08:33:38.503759'),
(17, 'admin', '0002_logentry_remove_auto_add', '2021-10-05 08:33:38.569152'),
(18, 'admin', '0003_logentry_add_action_flag_choices', '2021-10-05 08:33:38.616022'),
(19, 'dashboard', '0001_initial', '2021-10-05 08:34:12.640650'),
(20, 'sessions', '0001_initial', '2021-10-05 08:34:14.035031'),
(21, 'dashboard', '0002_alter_comparableproperty_is_comparable', '2021-10-05 10:09:53.948611'),
(22, 'dashboard', '0003_comparableproperty_correct_price', '2021-10-06 05:38:41.886182'),
(23, 'dashboard', '0004_auto_20211006_2048', '2021-10-06 14:49:28.113032'),
(24, 'dashboard', '0005_auto_20211007_1529', '2021-10-07 09:29:27.164963'),
(25, 'dashboard', '0006_comparabletable_correction_value', '2021-10-07 09:39:12.614386'),
(26, 'dashboard', '0007_auto_20211007_2035', '2021-10-07 14:35:33.097630'),
(27, 'dashboard', '0008_auto_20211008_1744', '2021-10-08 11:44:54.649988'),
(28, 'dashboard', '0009_auto_20211011_2041', '2021-10-11 14:42:00.924377'),
(29, 'dashboard', '0010_auto_20211011_2146', '2021-10-11 15:46:21.609486'),
(30, 'dashboard', '0011_auto_20211012_1917', '2021-10-12 13:17:22.245422'),
(31, 'valuation', '0001_initial', '2021-10-18 13:58:37.167241'),
(32, 'valuation', '0002_auto_20211019_1805', '2021-10-19 12:06:22.101930'),
(33, 'valuation', '0003_auto_20211019_1854', '2021-10-19 12:54:29.923753'),
(34, 'valuation', '0004_auto_20211020_1445', '2021-10-20 08:45:15.353000'),
(35, 'valuation', '0005_auto_20211020_2020', '2021-10-20 14:21:11.569820'),
(36, 'valuation', '0006_auto_20211020_2032', '2021-10-20 14:32:20.592374'),
(37, 'valuation', '0007_auto_20211020_2208', '2021-10-20 16:08:57.560486'),
(38, 'valuation', '0008_auto_20211020_2215', '2021-10-20 16:16:05.408886'),
(39, 'valuation', '0009_comparableproperty_price_persqm', '2021-10-20 16:21:36.352079'),
(40, 'valuation', '0010_auto_20211021_1702', '2021-10-21 11:02:47.707716'),
(41, 'valuation', '0011_auto_20211021_2001', '2021-10-21 14:01:58.784725'),
(42, 'valuation', '0012_alter_construction_floors', '2021-10-21 15:03:23.372639'),
(43, 'valuation', '0013_auto_20211022_1556', '2021-10-22 09:56:44.955855'),
(44, 'valuation', '0014_auto_20211022_1616', '2021-10-22 10:16:42.741487'),
(45, 'valuation', '0015_auto_20211022_1619', '2021-10-22 10:19:19.957006'),
(46, 'valuation', '0016_auto_20211022_2129', '2021-10-22 15:29:45.635654'),
(47, 'valuation', '0017_auto_20211022_2201', '2021-10-22 16:01:41.467235'),
(48, 'valuation', '0018_auto_20211026_1506', '2021-10-26 09:07:16.860927'),
(49, 'valuation', '0019_auto_20211029_1612', '2021-10-29 10:12:22.541453'),
(50, 'valuation', '0020_suprafete_is_utila', '2021-11-01 15:43:42.366467'),
(51, 'valuation', '0021_valuatedproperty_assigned_to', '2021-11-04 09:57:12.878522');

-- --------------------------------------------------------

--
-- Table structure for table `django_session`
--

CREATE TABLE `django_session` (
  `session_key` varchar(40) NOT NULL,
  `session_data` longtext NOT NULL,
  `expire_date` datetime(6) NOT NULL
) ENGINE=InnoDB DEFAULT CHARSET=utf8mb4;

--
-- Dumping data for table `django_session`
--

INSERT INTO `django_session` (`session_key`, `session_data`, `expire_date`) VALUES
('bn9vfpwjyqvefyeajxbq8zqju9c7jigy', '.eJxVjM0OwiAQhN-FsyFlQX48eu8zkF1YpWogKe3J-O62SQ96m8z3zbxFxHUpce08xymLi1Di9NsRpifXHeQH1nuTqdVlnkjuijxol2PL_Loe7t9BwV62NZMmTqTCeUB2ClArMsHQlq3xQBn1ADftrPfBZADj2ANyJraONYH4fAHr5jf4:1mafcV:FCT_DI7nKBjSidbvmdPLG-Fwy2QHVPst-qtlgu96ghY', '2021-10-27 14:52:39.567005'),
('dmfhubhh1ndef71m93iri4cjavjm7epv', '.eJxVjM0OwiAQhN-FsyFlQX48eu8zkF1YpWogKe3J-O62SQ96m8z3zbxFxHUpce08xymLi1Di9NsRpifXHeQH1nuTqdVlnkjuijxol2PL_Loe7t9BwV62NZMmTqTCeUB2ClArMsHQlq3xQBn1ADftrPfBZADj2ANyJraONYH4fAHr5jf4:1miZ3j:Q-CuHFHkcZxUtgxYkMsqh6e12vZjvnorRSH2ZbtpE-U', '2021-11-18 09:29:23.069045'),
('e4ug72ga95dn2tose4g1jpfziwcyz81q', '.eJxVjM0OwiAQhN-FsyFlQX48eu8zkF1YpWogKe3J-O62SQ96m8z3zbxFxHUpce08xymLi1Di9NsRpifXHeQH1nuTqdVlnkjuijxol2PL_Loe7t9BwV62NZMmTqTCeUB2ClArMsHQlq3xQBn1ADftrPfBZADj2ANyJraONYH4fAHr5jf4:1mZrEs:-Ma6NYK0fUbjqIN-drIQ3bOM9GSsyLR9dZ-HcQo9Hr4', '2021-10-25 09:04:54.716665'),
('g4mc1ogue76lik2fwikv9h65a3i21yyh', '.eJxVjM0OwiAQhN-FsyFlQX48eu8zkF1YpWogKe3J-O62SQ96m8z3zbxFxHUpce08xymLi1Di9NsRpifXHeQH1nuTqdVlnkjuijxol2PL_Loe7t9BwV62NZMmTqTCeUB2ClArMsHQlq3xQBn1ADftrPfBZADj2ANyJraONYH4fAHr5jf4:1miaxF:wa9GpIsK9mBSI0kPfqJpolTW8JET1WwfuBYfpgohAA0', '2021-11-18 11:30:49.166481'),
('rkyejr0e1y1cifhdjxcerrv23rbjcw02', '.eJxVjDsOwjAQRO_iGlnx2sROSnrOYO16FxI-MYqdCnF3EikFdKOZN--tIi51iEuROY6semXU4bcjTHeZtoFvOF2zTnmq80h6Q_S-Fn3OLI_Tzv4JBizD-hayJIlMd2xQvAG0hlznaM2tC0CMtoGL9W0InWMA5yUACpO0XizBKk35-YrCY1V9nRf5fAHVgT4W:1mYok7:qcsf3WAZ8LpQlui-a8T76y1vSaqE2HEGedeuKzCkJCU', '2021-10-22 12:12:51.892673');

-- --------------------------------------------------------

--
-- Table structure for table `valuation_additionalequipment`
--

CREATE TABLE `valuation_additionalequipment` (
  `id` bigint(20) NOT NULL,
  `name` varchar(255) NOT NULL
) ENGINE=InnoDB DEFAULT CHARSET=utf8mb4;

--
-- Dumping data for table `valuation_additionalequipment`
--

INSERT INTO `valuation_additionalequipment` (`id`, `name`) VALUES
(1, 'Air conditioning'),
(2, 'Mobilat');

-- --------------------------------------------------------

--
-- Table structure for table `valuation_anexa1`
--

CREATE TABLE `valuation_anexa1` (
  `id` bigint(20) NOT NULL,
  `file` varchar(100) NOT NULL,
  `image` varchar(100) NOT NULL,
  `ref_no_id` bigint(20) NOT NULL
) ENGINE=InnoDB DEFAULT CHARSET=utf8mb4;

--
-- Dumping data for table `valuation_anexa1`
--

INSERT INTO `valuation_anexa1` (`id`, `file`, `image`, `ref_no_id`) VALUES
(1, '', 'screenshot/2021/11/04/myimg8197.png', 4),
(2, '', 'screenshot/2021/11/04/myimg3502.png', 4);

-- --------------------------------------------------------

--
-- Table structure for table `valuation_anexa3`
--

CREATE TABLE `valuation_anexa3` (
  `id` bigint(20) NOT NULL,
  `image` varchar(100) NOT NULL,
  `ref_no_id` bigint(20) NOT NULL
) ENGINE=InnoDB DEFAULT CHARSET=utf8mb4;

-- --------------------------------------------------------

--
-- Table structure for table `valuation_anexa4`
--

CREATE TABLE `valuation_anexa4` (
  `id` bigint(20) NOT NULL,
  `file` varchar(100) NOT NULL,
  `ref_no_id` bigint(20) NOT NULL
) ENGINE=InnoDB DEFAULT CHARSET=utf8mb4;

-- --------------------------------------------------------

--
-- Table structure for table `valuation_area`
--

CREATE TABLE `valuation_area` (
  `id` bigint(20) NOT NULL,
  `auto` varchar(3) DEFAULT NULL,
  `name` varchar(255) DEFAULT NULL
) ENGINE=InnoDB DEFAULT CHARSET=utf8mb4;

--
-- Dumping data for table `valuation_area`
--

INSERT INTO `valuation_area` (`id`, `auto`, `name`) VALUES
(1, 'AB', 'Alba'),
(2, 'AR', 'Arad'),
(3, 'AG', 'Argeş'),
(4, 'BC', 'Bacău'),
(5, 'BH', 'Bihor'),
(6, 'BN', 'Bistriţa-Năsăud'),
(7, 'BT', 'Botoşani'),
(8, 'BR', 'Brăila'),
(9, 'BV', 'Braşov'),
(10, 'B', 'Bucureşti'),
(11, 'BZ', 'Buzău'),
(12, 'CL', 'Călăraşi'),
(13, 'CS', 'Caraş-Severin'),
(14, 'CJ', 'Cluj'),
(15, 'CT', 'Constanţa'),
(16, 'CV', 'Covasna'),
(17, 'DB', 'Dâmboviţa'),
(18, 'DJ', 'Dolj'),
(19, 'GL', 'Galaţi'),
(20, 'GR', 'Giurgiu'),
(21, 'GJ', 'Gorj'),
(22, 'HR', 'Harghita'),
(23, 'HD', 'Hunedoara'),
(24, 'IL', 'Ialomiţa'),
(25, 'IS', 'Iaşi'),
(26, 'IF', 'Ilfov'),
(27, 'MM', 'Maramureş'),
(28, 'MH', 'Mehedinţi'),
(29, 'MS', 'Mureş'),
(30, 'NT', 'Neamţ'),
(31, 'OT', 'Olt'),
(32, 'PH', 'Prahova'),
(33, 'SJ', 'Sălaj'),
(34, 'SM', 'Satu Mare'),
(35, 'SB', 'Sibiu'),
(36, 'SV', 'Suceava'),
(37, 'TR', 'Teleorman'),
(38, 'TM', 'Timiş'),
(39, 'TL', 'Tulcea'),
(40, 'VL', 'Vâlcea'),
(41, 'VS', 'Vaslui'),
(42, 'VN', 'Vrancea');

-- --------------------------------------------------------

--
-- Table structure for table `valuation_city`
--

CREATE TABLE `valuation_city` (
  `id` bigint(20) NOT NULL,
  `name` varchar(155) DEFAULT NULL,
  `area_id` bigint(20) NOT NULL
) ENGINE=InnoDB DEFAULT CHARSET=utf8mb4;

--
-- Dumping data for table `valuation_city`
--

INSERT INTO `valuation_city` (`id`, `name`, `area_id`) VALUES
(1, 'Abrud', 1),
(2, 'Aiud', 1),
(3, 'Alba Iulia', 1),
(4, 'Albac', 1),
(5, 'Almaşu Mare', 1),
(6, 'Arieşeni', 1),
(7, 'Avram Iancu', 1),
(8, 'Baia de Arieş', 1),
(9, 'Berghin', 1),
(10, 'Bistra', 1),
(11, 'Blaj', 1),
(12, 'Blandiana', 1),
(13, 'Bucium', 1),
(14, 'Cenade', 1),
(15, 'Ceru-Băcăinţi', 1),
(16, 'Cetatea de Baltă', 1),
(17, 'Ciugud', 1),
(18, 'Ciuruleasa', 1),
(19, 'Cricău', 1),
(20, 'Crăciunelu de Jos', 1),
(21, 'Cugir', 1),
(22, 'Câlnic', 1),
(23, 'Câmpeni', 1),
(24, 'Daia Română', 1),
(25, 'Doştat', 1),
(26, 'Fărău', 1),
(27, 'Galda de Jos', 1),
(28, 'Gârbova', 1),
(29, 'Gârda de Sus', 1),
(30, 'Hopârta', 1),
(31, 'Horea', 1),
(32, 'Ighiu', 1),
(33, 'Jidvei', 1),
(34, 'Livezile', 1),
(35, 'Lopadea Nouă', 1),
(36, 'Lunca Mureşului', 1),
(37, 'Lupşa', 1),
(38, 'Meteş', 1),
(39, 'Mihalţ', 1),
(40, 'Mirăslău', 1),
(41, 'Mogoş', 1),
(42, 'Noşlac', 1),
(43, 'Ocna Mureş', 1),
(44, 'Ocoliş', 1),
(45, 'Ohaba', 1),
(46, 'Poiana Vadului', 1),
(47, 'Ponor', 1),
(48, 'Roşia Montană', 1),
(49, 'Roşia de Secaş', 1),
(50, 'Râmetea', 1),
(51, 'Râmeţ', 1),
(52, 'Rădeşti', 1),
(53, 'Scărişoara', 1),
(54, 'Sebeş', 1),
(55, 'Sohodol', 1),
(56, 'Stremţ', 1),
(57, 'Sâncel', 1),
(58, 'Sântimbru', 1),
(59, 'Săliştea', 1),
(60, 'Săsciori', 1),
(61, 'Teiuş', 1),
(62, 'Unirea', 1),
(63, 'Vadu Moţilor', 1),
(64, 'Valea Lungă', 1),
(65, 'Vidra', 1),
(66, 'Vinţu de Jos', 1),
(67, 'Zlatna', 1),
(68, 'Întregalde', 1),
(69, 'Şibot', 1),
(70, 'Şona', 1),
(71, 'Şpring', 1),
(72, 'Şugag', 1),
(73, 'Abrud-Sat', 1),
(74, 'Gura Cornei', 1),
(75, 'Soharu', 1),
(76, 'Aiudul de Sus', 1),
(77, 'Ciumbrud', 1),
(78, 'Gâmbaş', 1),
(79, 'Gârbova de Jos', 1),
(80, 'Gârbova de Sus', 1),
(81, 'Gârboviţa', 1),
(82, 'Măgina', 1),
(83, 'Păgida', 1),
(84, 'Sâncrai', 1),
(85, 'Ţifra', 1),
(86, 'Bărăbanţ', 1),
(87, 'Miceşti', 1),
(88, 'Oarda', 1),
(89, 'Pâclişa', 1),
(90, 'Budăieşti', 1),
(91, 'Bărăşti', 1),
(92, 'Cioneşti', 1),
(93, 'Costeşti', 1),
(94, 'Dealu Lămăşoi', 1),
(95, 'Deve', 1),
(96, 'După Pleşe', 1),
(97, 'Faţa', 1),
(98, 'Pleşeşti', 1),
(99, 'Potionci', 1),
(100, 'Rogoz', 1),
(101, 'Roşeşti', 1),
(102, 'Ruseşti', 1),
(103, 'Sohodol', 1),
(104, 'Tamboreşti', 1),
(105, 'Almaşu de Mijloc', 1),
(106, 'Brădet', 1),
(107, 'Cheile Cibului', 1),
(108, 'Cib', 1),
(109, 'Glod', 1),
(110, 'Nădăştia', 1),
(111, 'Avrămeşti', 1),
(112, 'Bubeşti', 1),
(113, 'Casa de Piatră', 1),
(114, 'Cobleş', 1),
(115, 'Dealu Bajului', 1),
(116, 'Faţa Cristesei', 1),
(117, 'Faţa Lăpuşului', 1),
(118, 'Galbena', 1),
(119, 'Hodobana', 1),
(120, 'Izlaz', 1),
(121, 'Poieniţa', 1),
(122, 'Pănteşti', 1),
(123, 'Pătrăhăiţeşti', 1),
(124, 'Raviceşti', 1),
(125, 'Sturu', 1),
(126, 'Vanvuceşti', 1),
(127, 'Ştei-Arieşeni', 1),
(128, 'Achimeţeşti', 1),
(129, 'Avrămeşti', 1),
(130, 'Boldeşti', 1),
(131, 'Bădăi', 1),
(132, 'Coceşti', 1),
(133, 'Cocoşeşti', 1),
(134, 'Coroieşti', 1),
(135, 'Cândeşti', 1),
(136, 'Cârăşti', 1),
(137, 'Cârţuleşti', 1),
(138, 'Călugăreşti', 1),
(139, 'Căsoaia', 1),
(140, 'Dealu Crişului', 1),
(141, 'Doleşti', 1),
(142, 'Dumăceşti', 1),
(143, 'Gojeieşti', 1),
(144, 'Helereşti', 1),
(145, 'Inceşti', 1),
(146, 'Jojei', 1),
(147, 'Mărteşti', 1),
(148, 'Orgeşti', 1),
(149, 'Plai', 1),
(150, 'Puşeleşti', 1),
(151, 'Pătruţeşti', 1),
(152, 'Târsa', 1),
(153, 'Târsa-Plai', 1),
(154, 'Valea Maciului', 1),
(155, 'Valea Uţului', 1),
(156, 'Verdeşti', 1),
(157, 'Vidrişoara', 1),
(158, 'Şoiceşti', 1),
(159, 'Şterteşti', 1),
(160, 'Brăzeşti', 1),
(161, 'Cioara de Sus', 1),
(162, 'Muncelu', 1),
(163, 'Sartăş', 1),
(164, 'Simuleşti', 1),
(165, 'Ghirbom', 1),
(166, 'Henig', 1),
(167, 'Straja', 1),
(168, 'Aroneşti', 1),
(169, 'Bârleşti', 1),
(170, 'Băleşti', 1),
(171, 'Băleşti-Cătun', 1),
(172, 'Cheleteni', 1),
(173, 'Ciuldeşti', 1),
(174, 'Creţeşti', 1),
(175, 'Dealu Muntelui', 1),
(176, 'Durăşti', 1),
(177, 'Dâmbureni', 1),
(178, 'Gârde', 1),
(179, 'Găneşti', 1),
(180, 'Hodişeşti', 1),
(181, 'Hudriceşti', 1),
(182, 'Lipaia', 1),
(183, 'Lunca Largă', 1),
(184, 'Lunca Merilor', 1),
(185, 'Mihăieşti', 1),
(186, 'Novăceşti', 1),
(187, 'Nămaş', 1),
(188, 'Perjeşti', 1),
(189, 'Poiana', 1),
(190, 'Poiu', 1),
(191, 'Runcuri', 1),
(192, 'Rătitiş', 1),
(193, 'Sălăgeşti', 1),
(194, 'Tolăceşti', 1),
(195, 'Tomnatec', 1),
(196, 'Trişoreşti', 1),
(197, 'Vârşi-Rontu', 1),
(198, 'Vârşii Mari', 1),
(199, 'Vârşii Mici', 1),
(200, 'Ştefanca', 1),
(201, 'Ţărăneşti', 1),
(202, 'Deleni-Obârşie', 1),
(203, 'Fliteşti', 1),
(204, 'Izvoarele', 1),
(205, 'Mănărade', 1),
(206, 'Petrisat', 1),
(207, 'Spătac', 1),
(208, 'Tiur', 1),
(209, 'Veza', 1),
(210, 'Acmariu', 1),
(211, 'Ibru', 1),
(212, 'Poieni', 1),
(213, 'Răcătău', 1),
(214, 'Angheleşti', 1),
(215, 'Bisericani', 1),
(216, 'Bucium-Sat', 1),
(217, 'Cerbu', 1),
(218, 'Ciuculeşti', 1),
(219, 'Coleşeni', 1),
(220, 'Dogăreşti', 1),
(221, 'Fereşti', 1),
(222, 'Floreşti', 1),
(223, 'Gura Izbitei', 1),
(224, 'Heleşti', 1),
(225, 'Izbicioara', 1),
(226, 'Izbita', 1),
(227, 'Jurcuieşti', 1),
(228, 'Lupuleşti', 1),
(229, 'Muntari', 1),
(230, 'Măgura', 1),
(231, 'Petreni', 1),
(232, 'Poiana', 1),
(233, 'Poieni', 1),
(234, 'Stâlnişoara', 1),
(235, 'Valea Abruzel', 1),
(236, 'Valea Albă', 1),
(237, 'Valea Cerbului', 1),
(238, 'Valea Negrilesii', 1),
(239, 'Valea Poienii', 1),
(240, 'Valea Şesii', 1),
(241, 'Vâlcea', 1),
(242, 'Văleni', 1),
(243, 'Cut', 1),
(244, 'Deal', 1),
(245, 'Bonceşti', 1),
(246, 'Borleşti', 1),
(247, 'Boteşti', 1),
(248, 'Certege', 1),
(249, 'Coasta Vâscului', 1),
(250, 'Dealu Bistrii', 1),
(251, 'Dealu Capsei', 1),
(252, 'Dric', 1),
(253, 'Dănduţ', 1),
(254, 'Faţa Abrudului', 1),
(255, 'Floreşti', 1),
(256, 'Furduieşti', 1),
(257, 'Mihoeşti', 1),
(258, 'Motorăşti', 1),
(259, 'Peste Valea Bistrii', 1),
(260, 'Poduri', 1),
(261, 'Sorliţa', 1),
(262, 'Tomuşeşti', 1),
(263, 'Valea Bistrii', 1),
(264, 'Valea Caselor', 1),
(265, 'Vârşi', 1),
(266, 'Capu Dealului', 1),
(267, 'Gorgan', 1),
(268, 'Cergău Mare', 1),
(269, 'Cergău Mic', 1),
(270, 'Lupu', 1),
(271, 'Bolovăneşti', 1),
(272, 'Bulbuc', 1),
(273, 'Cucuta', 1),
(274, 'Curpeni', 1),
(275, 'Dumbrăviţa', 1),
(276, 'Fântânele', 1),
(277, 'Groşi', 1),
(278, 'Valea Mare', 1),
(279, 'Viezuri', 1),
(280, 'Craciunelu de Sus', 1),
(281, 'Sântămărie', 1),
(282, 'Tătârlaua', 1),
(283, 'Drâmbar', 1),
(284, 'Hăpria', 1),
(285, 'Limba', 1),
(286, 'Teleac', 1),
(287, 'Şeuşa', 1),
(288, 'Bidigeşti', 1),
(289, 'Bodreşti', 1),
(290, 'Bogleşti', 1),
(291, 'Buninginea', 1),
(292, 'Gheduleşti', 1),
(293, 'Morăreşti', 1),
(294, 'Mătişeşti', 1),
(295, 'Vulcan', 1),
(296, 'Bucerdea Grânoasă', 1),
(297, 'Cornu', 1),
(298, 'Pânca', 1),
(299, 'Pădure', 1),
(300, 'Craiva', 1),
(301, 'Tibru', 1),
(302, 'Bocşitura', 1),
(303, 'Bucuru', 1),
(304, 'Călene', 1),
(305, 'Feţeni', 1),
(306, 'Goaşele', 1),
(307, 'Mugeşti', 1),
(308, 'Vinerea', 1),
(309, 'Boz', 1),
(310, 'Dealu Doştatului', 1),
(311, 'Heria', 1),
(312, 'Medveş', 1),
(313, 'Sânbenedic', 1),
(314, 'Şilea', 1),
(315, 'Benic', 1),
(316, 'Cetea', 1),
(317, 'Galda de Sus', 1),
(318, 'Lupşeni', 1),
(319, 'Mesentea', 1),
(320, 'Măgura', 1),
(321, 'Oiejdea', 1),
(322, 'Poiana Galdei', 1),
(323, 'Răicani', 1),
(324, 'Zăgriş', 1),
(325, 'Cărpiniş', 1),
(326, 'Reciu', 1),
(327, 'Biharia', 1),
(328, 'Dealu Frumos', 1),
(329, 'Dealu Ordâncuşii', 1),
(330, 'Dobreşti', 1),
(331, 'Gheţari', 1),
(332, 'Gârda Seacă', 1),
(333, 'Hanăşeşti', 1),
(334, 'Huzăreşti', 1),
(335, 'Izvoarele', 1),
(336, 'Munună', 1),
(337, 'Ocoale', 1),
(338, 'Plai', 1),
(339, 'Plişti', 1),
(340, 'Scoarţa', 1),
(341, 'Snide', 1),
(342, 'Suceşti', 1),
(343, 'Silivaş', 1),
(344, 'Turdaş', 1),
(345, 'Vama Seacă', 1),
(346, 'Şpălnaca', 1),
(347, 'Baba', 1),
(348, 'Buteşti', 1),
(349, 'Dârleşti', 1),
(350, 'Fericet', 1),
(351, 'Giurgiuţ', 1),
(352, 'Mănceşti', 1),
(353, 'Mătişeşti', 1),
(354, 'Niculeşti', 1),
(355, 'Petreasa', 1),
(356, 'Preluca', 1),
(357, 'Pătruşeşti', 1),
(358, 'Teiu', 1),
(359, 'Trifeşti', 1),
(360, 'Zânzeşti', 1),
(361, 'Bucerdea Vânoasă', 1),
(362, 'Ighiel', 1),
(363, 'Şard', 1),
(364, 'Ţelna', 1),
(365, 'Dealu Geoagiului', 1),
(366, 'Ghioncani', 1),
(367, 'Ilieşti', 1),
(368, 'Ivăniş', 1),
(369, 'Modoleşti', 1),
(370, 'Mărineşti', 1),
(371, 'Necrileşti', 1),
(372, 'Popeşti', 1),
(373, 'Sfârcea', 1),
(374, 'Tecşeşti', 1),
(375, 'Bălcaciu', 1),
(376, 'Căpâlna de Jos', 1),
(377, 'Feisa', 1),
(378, 'Veseuş', 1),
(379, 'Izvoarele', 1),
(380, 'Poiana Aiudului', 1),
(381, 'Vălişoara', 1),
(382, 'Asinip', 1),
(383, 'Beţa', 1),
(384, 'Băgău', 1),
(385, 'Cicârd', 1),
(386, 'Ciuguzel', 1),
(387, 'Ocnişoara', 1),
(388, 'Odverem', 1),
(389, 'Gura Arieşului', 1),
(390, 'Bârdeşti', 1),
(391, 'Bârzan', 1),
(392, 'Curmătură', 1),
(393, 'După Deal', 1),
(394, 'Geamăna', 1),
(395, 'Holobani', 1),
(396, 'Hădărău', 1),
(397, 'Lazuri', 1),
(398, 'Lunca', 1),
(399, 'Muşca', 1),
(400, 'Mănăstire', 1),
(401, 'Mărgaia', 1),
(402, 'Piţiga', 1),
(403, 'Poşogani', 1),
(404, 'Pârâu-Cărbunări', 1),
(405, 'Trifeşti', 1),
(406, 'Valea Holhorii', 1),
(407, 'Valea Lupşii', 1),
(408, 'Valea Şesii', 1),
(409, 'Vinţa', 1),
(410, 'Văi', 1),
(411, 'Şasa', 1),
(412, 'Ampoiţa', 1),
(413, 'Isca', 1),
(414, 'Lunca Ampoiţei', 1),
(415, 'Lunca Meteşului', 1),
(416, 'Poiana Ampoiului', 1),
(417, 'Poiana Ursului', 1),
(418, 'Presaca Ampoiului', 1),
(419, 'Pădurea', 1),
(420, 'Remetea', 1),
(421, 'Tăuţi', 1),
(422, 'Văleni', 1),
(423, 'Cistei', 1),
(424, 'Obreja', 1),
(425, 'Zărieş', 1),
(426, 'Cicău', 1),
(427, 'Decea', 1),
(428, 'Lopadea Veche', 1),
(429, 'Ormeniş', 1),
(430, 'Rachiş', 1),
(431, 'Boceşti', 1),
(432, 'Bogdăneşti', 1),
(433, 'Buteşti', 1),
(434, 'Bârleşti', 1),
(435, 'Bârleşti-Cătun', 1),
(436, 'Bârzogani', 1),
(437, 'Bărbeşti', 1),
(438, 'Cojocani', 1),
(439, 'Cristeşti', 1),
(440, 'Mămăligani', 1),
(441, 'Negreşti', 1),
(442, 'Onceşti', 1),
(443, 'Poienile-Mogoş', 1),
(444, 'Tomeşti', 1),
(445, 'Valea Barnii', 1),
(446, 'Valea Bârluţeşti', 1),
(447, 'Valea Coceşti', 1),
(448, 'Valea Giogeşti', 1),
(449, 'Valea Mlacii', 1),
(450, 'Valea Ţupilor', 1),
(451, 'Copand', 1),
(452, 'Căptălan', 1),
(453, 'Găbud', 1),
(454, 'Stâna de Mureş', 1),
(455, 'Valea Ciuciului', 1),
(456, 'Cisteiu de Mureş', 1),
(457, 'Micoşlaca', 1),
(458, 'Războieni-Cetate', 1),
(459, 'Uioara de Jos', 1),
(460, 'Uioara de Sus', 1),
(461, 'Lunca Largă', 1),
(462, 'Runc', 1),
(463, 'Vidolm', 1),
(464, 'Colibi', 1),
(465, 'Măghierat', 1),
(466, 'Secăşel', 1),
(467, 'Pianu de Jos', 1),
(468, 'Pianu de Sus', 1),
(469, 'Plaiuri', 1),
(470, 'Purcăreţi', 1),
(471, 'Strungari', 1),
(472, 'Costeşti', 1),
(473, 'Duduieni', 1),
(474, 'Făgetu de Jos', 1),
(475, 'Făgetu de Sus', 1),
(476, 'Hănăşeşti', 1),
(477, 'Lupăieşti', 1),
(478, 'Morcăneşti', 1),
(479, 'Petelei', 1),
(480, 'Păşteşti', 1),
(481, 'Stăneşti', 1),
(482, 'Dupa Deal', 1),
(483, 'Geogel', 1),
(484, 'Măcăreşti', 1),
(485, 'Vale In Jos', 1),
(486, 'Valea Bucurului', 1),
(487, 'Corţeşti', 1),
(488, 'Inceşti', 1),
(489, 'Lunca', 1),
(490, 'Orăşti', 1),
(491, 'Poşaga de Jos', 1),
(492, 'Poşaga de Sus', 1),
(493, 'Sagagea', 1),
(494, 'Leorinţ', 1),
(495, 'Meşcreac', 1),
(496, 'Şoimuş', 1),
(497, 'Boţani', 1),
(498, 'Brădeşti', 1),
(499, 'Cheia', 1),
(500, 'Cotorăşti', 1),
(501, 'Floreşti', 1),
(502, 'Olteni', 1),
(503, 'Valea Făgetului', 1),
(504, 'Valea Inzelului', 1),
(505, 'Valea Mănăstirii', 1),
(506, 'Valea Poienii', 1),
(507, 'Valea Uzei', 1),
(508, 'Vlădeşti', 1),
(509, 'Colţeşti', 1),
(510, 'Tău', 1),
(511, 'Ungurei', 1),
(512, 'Blideşti', 1),
(513, 'Bunta', 1),
(514, 'Bălmoşeşti', 1),
(515, 'Coasta Henţii', 1),
(516, 'Corna', 1),
(517, 'Curături', 1),
(518, 'Cărpiniş', 1),
(519, 'Dăroaia', 1),
(520, 'Gura Roşiei', 1),
(521, 'Gârda-Bărbuleşti', 1),
(522, 'Iacobeşti', 1),
(523, 'Ignăţeşti', 1),
(524, 'Vârtop', 1),
(525, 'Şoal', 1),
(526, 'Ţarina', 1),
(527, 'Dealu Caselor', 1),
(528, 'Dumeşti', 1),
(529, 'Sub Piatră', 1),
(530, 'Sălciua de Jos', 1),
(531, 'Sălciua de Sus', 1),
(532, 'Valea Largă', 1),
(533, 'Mărgineni', 1),
(534, 'Săliştea-Deal', 1),
(535, 'Tărtăria', 1),
(536, 'Iclod', 1),
(537, 'Pănade', 1),
(538, 'Coşlariu', 1),
(539, 'Dumitra', 1),
(540, 'Galtiu', 1),
(541, 'Totoi', 1),
(542, 'Căpâlna', 1),
(543, 'Dumbrava', 1),
(544, 'Laz', 1),
(545, 'Loman', 1),
(546, 'Pleşi', 1),
(547, 'Răchita', 1),
(548, 'Sebeşel', 1),
(549, 'Tonea', 1),
(550, 'Boteşti', 1),
(551, 'Bârleşti', 1),
(552, 'Faţa-Lăzeşti', 1),
(553, 'Floreşti', 1),
(554, 'Lespezea', 1),
(555, 'Lăzeşti', 1),
(556, 'Maţei', 1),
(557, 'Negeşti', 1),
(558, 'Prelucă', 1),
(559, 'Runc', 1),
(560, 'Sfoartea', 1),
(561, 'Trânceşti', 1),
(562, 'Ştiuleţi', 1),
(563, 'Lancrăm', 1),
(564, 'Petreşti', 1),
(565, 'Răhău', 1),
(566, 'Balomiru de Câmp', 1),
(567, 'Băcăinţi', 1),
(568, 'Sărăcsău', 1),
(569, 'Bilăneşti', 1),
(570, 'Bobăreşti', 1),
(571, 'Brădeana', 1),
(572, 'Burzoneşti', 1),
(573, 'Băzeşti', 1),
(574, 'Deonceşti', 1),
(575, 'Dilimani', 1),
(576, 'Furduieşti', 1),
(577, 'Gura Sohodol', 1),
(578, 'Hoancă', 1),
(579, 'Joldişeşti', 1),
(580, 'Lazuri', 1),
(581, 'Leheşti', 1),
(582, 'Lumineşti', 1),
(583, 'Medreşti', 1),
(584, 'Morăreşti', 1),
(585, 'Muneşti', 1),
(586, 'Nelegeşti', 1),
(587, 'Nicoreşti', 1),
(588, 'Năpăieşti', 1),
(589, 'Peleş', 1),
(590, 'Poiana', 1),
(591, 'Robeşti', 1),
(592, 'Sebişeşti', 1),
(593, 'Sicoieşti', 1),
(594, 'Surdeşti', 1),
(595, 'Toci', 1),
(596, 'Valea Verde', 1),
(597, 'Vlădoşeşti', 1),
(598, 'Şimoceşti', 1),
(599, 'Alecuş', 1),
(600, 'Biia', 1),
(601, 'Doptău', 1),
(602, 'Lunca Târnavei', 1),
(603, 'Sânmiclăuş', 1),
(604, 'Valea Sasului', 1),
(605, 'Carpen', 1),
(606, 'Carpenii de Sus', 1),
(607, 'Cunţa', 1),
(608, 'Draşov', 1),
(609, 'Vingard', 1),
(610, 'Faţa Pietrii', 1),
(611, 'Geoagiu de Sus', 1),
(612, 'Geomal', 1),
(613, 'Arţi', 1),
(614, 'Bârsana', 1),
(615, 'Dobra', 1),
(616, 'Jidoştina', 1),
(617, 'Mărtinie', 1),
(618, 'Tău Bistra', 1),
(619, 'Beldiu', 1),
(620, 'Coşlariu Nou', 1),
(621, 'Căpud', 1),
(622, 'Peţelca', 1),
(623, 'Ciugudu de Jos', 1),
(624, 'Ciugudu de Sus', 1),
(625, 'Dumbrava', 1),
(626, 'Inoc', 1),
(627, 'Măhăceni', 1),
(628, 'Bodeşti', 1),
(629, 'Burzeşti', 1),
(630, 'Dealu Frumos', 1),
(631, 'Lăzeşti', 1),
(632, 'Necşeşti', 1),
(633, 'Poduri-Briceşti', 1),
(634, 'Popeştii de Jos', 1),
(635, 'Popeştii de Sus', 1),
(636, 'Tomuţeşti', 1),
(637, 'Toţeşti', 1),
(638, 'Vâltori', 1),
(639, 'Făget', 1),
(640, 'Glogoveţ', 1),
(641, 'Lodroman', 1),
(642, 'Lunca', 1),
(643, 'Tăuni', 1),
(644, 'Bobăreşti', 1),
(645, 'Bogdăneşti', 1),
(646, 'Bordeştii Poieni', 1),
(647, 'Băi', 1),
(648, 'Culdeşti', 1),
(649, 'Dealu Goieşti', 1),
(650, 'Dos', 1),
(651, 'Dosu Luncii', 1),
(652, 'Dosu Văseşti', 1),
(653, 'Drăgoieşti-Luncă', 1),
(654, 'Ficăreşti', 1),
(655, 'Gligoreşti', 1),
(656, 'Goieşti', 1),
(657, 'Haiduceşti', 1),
(658, 'Hoancă', 1),
(659, 'Hărăşti', 1),
(660, 'Jefleşti', 1),
(661, 'Lunca', 1),
(662, 'Lunca Bisericii', 1),
(663, 'Lunca Goieşti', 1),
(664, 'Lunca Veseşti', 1),
(665, 'Lunca de Jos', 1),
(666, 'Modoleşti', 1),
(667, 'Nemeşi', 1),
(668, 'Oideşti', 1),
(669, 'Pitărceşti', 1),
(670, 'Pleşcuţa', 1),
(671, 'Poieni', 1),
(672, 'Ponorel', 1),
(673, 'Puiuleţeşti', 1),
(674, 'Runc', 1),
(675, 'Segaj', 1),
(676, 'Urdeş', 1),
(677, 'Valea Morii', 1),
(678, 'Vâlceşti', 1),
(679, 'Vâlcăneasa', 1),
(680, 'Vârtăneşti', 1),
(681, 'Văseşti', 1),
(682, 'Ciocaşu', 1),
(683, 'Crişeni', 1),
(684, 'Câmpu Goblii', 1),
(685, 'Dealu Ferului', 1),
(686, 'Gura Cuţului', 1),
(687, 'Haţegana', 1),
(688, 'Inuri', 1),
(689, 'Laz', 1),
(690, 'Mereteu', 1),
(691, 'Mătăcina', 1),
(692, 'Poieniţa', 1),
(693, 'Pârău lui Mihai', 1),
(694, 'Stăuini', 1),
(695, 'Valea Goblii', 1),
(696, 'Valea Vinţului', 1),
(697, 'Valea lui Mihai', 1),
(698, 'Vurpăr', 1),
(699, 'Boteşti', 1),
(700, 'Budeni', 1),
(701, 'Dealu Roatei', 1),
(702, 'Dobrot', 1),
(703, 'Dumbrava', 1),
(704, 'Feneş', 1),
(705, 'Galaţi', 1),
(706, 'Izvoru Ampoiului', 1),
(707, 'Pirita', 1),
(708, 'Podu lui Paul', 1),
(709, 'Pârau Gruiului', 1),
(710, 'Pătrângeni', 1),
(711, 'Runc', 1),
(712, 'Ruşi', 1),
(713, 'Suseni', 1),
(714, 'Trâmpoiele', 1),
(715, 'Valea Mică', 1),
(716, 'Vâltori', 1),
(717, 'Almaş', 2),
(718, 'Apateu', 2),
(719, 'Arad', 2),
(720, 'Archiş', 2),
(721, 'Bata', 2),
(722, 'Beliu', 2),
(723, 'Birchiş', 2),
(724, 'Bocsig', 2),
(725, 'Brazii', 2),
(726, 'Buteni', 2),
(727, 'Bârsa', 2),
(728, 'Bârzava', 2),
(729, 'Cermei', 2),
(730, 'Chisindia', 2),
(731, 'Chişineu-Criş', 2),
(732, 'Conop', 2),
(733, 'Covăsinţ', 2),
(734, 'Craiva', 2),
(735, 'Curtici', 2),
(736, 'Cărand', 2),
(737, 'Dezna', 2),
(738, 'Dieci', 2),
(739, 'Dorgoş', 2),
(740, 'Felnac', 2),
(741, 'Ghioroc', 2),
(742, 'Grăniceri', 2),
(743, 'Gurahonţ', 2),
(744, 'Hălmagiu', 2),
(745, 'Hălmăgel', 2),
(746, 'Hăşmaş', 2),
(747, 'Igneşti', 2),
(748, 'Ineu', 2),
(749, 'Iratoşu', 2),
(750, 'Lipova', 2),
(751, 'Livada', 2),
(752, 'Macea', 2),
(753, 'Mişca', 2),
(754, 'Moneasa', 2),
(755, 'Nădlac', 2),
(756, 'Olari', 2),
(757, 'Pecica', 2),
(758, 'Peregu Mare', 2),
(759, 'Petriş', 2),
(760, 'Pilu', 2),
(761, 'Pleşcuţa', 2),
(762, 'Pâncota', 2),
(763, 'Păuliş', 2),
(764, 'Sebiş', 2),
(765, 'Secusigiu', 2),
(766, 'Seleuş', 2),
(767, 'Semlac', 2),
(768, 'Sintea Mare', 2),
(769, 'Socodor', 2),
(770, 'Sântana', 2),
(771, 'Săvârşin', 2),
(772, 'Tauţ', 2),
(773, 'Târnova', 2),
(774, 'Vinga', 2),
(775, 'Vladimirescu', 2),
(776, 'Vârfurile', 2),
(777, 'Vărădia de Mureş', 2),
(778, 'Zerind', 2),
(779, 'Zimandu Nou', 2),
(780, 'Zăbrani', 2),
(781, 'Zărand', 2),
(782, 'Şagu', 2),
(783, 'Şeitin', 2),
(784, 'Şepreuş', 2),
(785, 'Şicula', 2),
(786, 'Şilindia', 2),
(787, 'Şimand', 2),
(788, 'Şiria', 2),
(789, 'Şiştarovăţ', 2),
(790, 'Şofronea', 2),
(791, 'Cil', 2),
(792, 'Joia Mare', 2),
(793, 'Rădeşti', 2),
(794, 'Berechiu', 2),
(795, 'Moţiori', 2),
(796, 'Bârzeşti', 2),
(797, 'Groşeni', 2),
(798, 'Nermiş', 2),
(799, 'Aldeşti', 2),
(800, 'Hodiş', 2),
(801, 'Voivodeni', 2),
(802, 'Bătuţa', 2),
(803, 'Căpruţa', 2),
(804, 'Dumbrăviţa', 2),
(805, 'Groşii Noi', 2),
(806, 'Lalaşinţ', 2),
(807, 'Monoroştia', 2),
(808, 'Slatina de Mureş', 2),
(809, 'Bacău de Mijloc', 2),
(810, 'Bulci', 2),
(811, 'Ţela', 2),
(812, 'Beneşti', 2),
(813, 'Bochia', 2),
(814, 'Secaci', 2),
(815, 'Tăgădău', 2),
(816, 'Vasile Goldiş', 2),
(817, 'Căpălnaş', 2),
(818, 'Ostrov', 2),
(819, 'Virismort', 2),
(820, 'Mânerău', 2),
(821, 'Răpsig', 2),
(822, 'Buceava-Şoimuş', 2),
(823, 'Iacobini', 2),
(824, 'Mădrigeşti', 2),
(825, 'Secaş', 2),
(826, 'Berindia', 2),
(827, 'Cuied', 2),
(828, 'Păulian', 2),
(829, 'Seliştea', 2),
(830, 'Avram Iancu', 2),
(831, 'Şomoşcheş', 2),
(832, 'Păiuşeni', 2),
(833, 'Văsoaia', 2),
(834, 'Nadab', 2),
(835, 'Belotinţ', 2),
(836, 'Chelmac', 2),
(837, 'Milova', 2),
(838, 'Odvoş', 2),
(839, 'Chişlaca', 2),
(840, 'Ciunteşti', 2),
(841, 'Coroi', 2),
(842, 'Mărăuş', 2),
(843, 'Rogoz de Beliu', 2),
(844, 'Stoineşti', 2),
(845, 'Susag', 2),
(846, 'Tălmaci', 2),
(847, 'Şiad', 2),
(848, 'Dorobanţi', 2),
(849, 'Buhani', 2),
(850, 'Laz', 2),
(851, 'Neagra', 2),
(852, 'Slatina de Criş', 2),
(853, 'Cociuba', 2),
(854, 'Crocna', 2),
(855, 'Revetiş', 2),
(856, 'Roşia', 2),
(857, 'Bruznic', 2),
(858, 'Pătârş', 2),
(859, 'Ususău', 2),
(860, 'Zăbalţ', 2),
(861, 'Aluniş', 2),
(862, 'Frumuşeni', 2),
(863, 'Fântânele', 2),
(864, 'Tisa Nouă', 2),
(865, 'Bodrogu Nou', 2),
(866, 'Călugăreni', 2),
(867, 'Zădăreni', 2),
(868, 'Cuvin', 2),
(869, 'Miniş', 2),
(870, 'Şiclău', 2),
(871, 'Bonţeşti', 2),
(872, 'Dulcele', 2),
(873, 'Feniş', 2),
(874, 'Honţişor', 2),
(875, 'Iosaş', 2),
(876, 'Musteşti', 2),
(877, 'Pescari', 2),
(878, 'Valea Mare', 2),
(879, 'Zimbru', 2),
(880, 'Luncşoara', 2),
(881, 'Sârbi', 2),
(882, 'Târnăviţa', 2),
(883, 'Ţoheşti', 2),
(884, 'Bodeşti', 2),
(885, 'Brusturi', 2),
(886, 'Băneşti', 2),
(887, 'Cristeşti', 2),
(888, 'Ioneşti', 2),
(889, 'Leasa', 2),
(890, 'Leştioara', 2),
(891, 'Poienari', 2),
(892, 'Tisa', 2),
(893, 'Ţărmure', 2),
(894, 'Agrişu Mic', 2),
(895, 'Botfei', 2),
(896, 'Clit', 2),
(897, 'Comăneşti', 2),
(898, 'Urvişu de Beliu', 2),
(899, 'Minead', 2),
(900, 'Nădălbeşti', 2),
(901, 'Susani', 2),
(902, 'Mocrea', 2),
(903, 'Variaşu Mare', 2),
(904, 'Variaşu Mic', 2),
(905, 'Radna', 2),
(906, 'Şoimoş', 2),
(907, 'Sânleani', 2),
(908, 'Sânmartin', 2),
(909, 'Satu Nou', 2),
(910, 'Vânători', 2),
(911, 'Zerindu Mic', 2),
(912, 'Rănuşa', 2),
(913, 'Sintea Mică', 2),
(914, 'Măderat', 2),
(915, 'Baraţca', 2),
(916, 'Cladova', 2),
(917, 'Sâmbăteni', 2),
(918, 'Bodrogu Vechi', 2),
(919, 'Sederhat', 2),
(920, 'Turnu', 2),
(921, 'Peregu Mic', 2),
(922, 'Corbeşti', 2),
(923, 'Ilteu', 2),
(924, 'Obârşia', 2),
(925, 'Roşia Nouă', 2),
(926, 'Selişte', 2),
(927, 'Vărşand', 2),
(928, 'Aciuţa', 2),
(929, 'Budeşti', 2),
(930, 'Dumbrava', 2),
(931, 'Gura Văii', 2),
(932, 'Rostoci', 2),
(933, 'Tălagiu', 2),
(934, 'Cruceni', 2),
(935, 'Firiteaz', 2),
(936, 'Fiscut', 2),
(937, 'Hunedoara Timişană', 2),
(938, 'Caporal Alexa', 2),
(939, 'Cuiaş', 2),
(940, 'Căprioara', 2),
(941, 'Hălăliş', 2),
(942, 'Pârneşti', 2),
(943, 'Temeşeşti', 2),
(944, 'Toc', 2),
(945, 'Troaş', 2),
(946, 'Valea Mare', 2),
(947, 'Donceni', 2),
(948, 'Prunişor', 2),
(949, 'Sălăjeni', 2),
(950, 'Munar', 2),
(951, 'Satu Mare', 2),
(952, 'Sânpetru German', 2),
(953, 'Iermata', 2),
(954, 'Moroda', 2),
(955, 'Chereluş', 2),
(956, 'Gurba', 2),
(957, 'Camna', 2),
(958, 'Iercoşeni', 2),
(959, 'Luguzău', 2),
(960, 'Satu Mic', 2),
(961, 'Adea', 2),
(962, 'Ţipar', 2),
(963, 'Galşa', 2),
(964, 'Mâsca', 2),
(965, 'Cuveşdia', 2),
(966, 'Labaşinţ', 2),
(967, 'Varniţa', 2),
(968, 'Sânpaul', 2),
(969, 'Agrişu Mare', 2),
(970, 'Arăneag', 2),
(971, 'Chier', 2),
(972, 'Drauţ', 2),
(973, 'Dud', 2),
(974, 'Minişel', 2),
(975, 'Minişu de Sus', 2),
(976, 'Nadăş', 2),
(977, 'Baia', 2),
(978, 'Juliţa', 2),
(979, 'Lupeşti', 2),
(980, 'Nicolae Bălcescu', 2),
(981, 'Stejar', 2),
(982, 'Avram Iancu', 2),
(983, 'Groşi', 2),
(984, 'Lazuri', 2),
(985, 'Mermeşti', 2),
(986, 'Măgulicea', 2),
(987, 'Poiana', 2),
(988, 'Vidra', 2),
(989, 'Mailat', 2),
(990, 'Mănăştur', 2),
(991, 'Cicir', 2),
(992, 'Horia', 2),
(993, 'Mândruloc', 2),
(994, 'Chesinţ', 2),
(995, 'Neudorf', 2),
(996, 'Cintei', 2),
(997, 'Iermata Neagră', 2),
(998, 'Andrei Şaguna', 2),
(999, 'Zimandcuz', 2),
(1000, 'Albota', 3),
(1001, 'Aninoasa', 3),
(1002, 'Arefu', 3),
(1003, 'Bascov', 3),
(1004, 'Berevoeşti', 3),
(1005, 'Bogaţi', 3),
(1006, 'Boteni', 3),
(1007, 'Boţeşti', 3),
(1008, 'Bradu', 3),
(1009, 'Brăduleţ', 3),
(1010, 'Bughea de Jos', 3),
(1011, 'Buzoeşti', 3),
(1012, 'Bârla', 3),
(1013, 'Băbana', 3),
(1014, 'Băiculeşti', 3),
(1015, 'Bălileşti', 3),
(1016, 'Cetăţeni', 3),
(1017, 'Cicăneşti', 3),
(1018, 'Ciofrângeni', 3),
(1019, 'Ciomăgeşti', 3),
(1020, 'Cocu', 3),
(1021, 'Corbeni', 3),
(1022, 'Corbi', 3),
(1023, 'Costeşti', 3),
(1024, 'Cotmeana', 3),
(1025, 'Coşeşti', 3),
(1026, 'Cuca', 3),
(1027, 'Curtea de Argeş', 3),
(1028, 'Câmpulung', 3),
(1029, 'Căldăraru', 3),
(1030, 'Călineşti', 3),
(1031, 'Căteasca', 3),
(1032, 'Davideşti', 3),
(1033, 'Dobreşti', 3),
(1034, 'Domneşti', 3),
(1035, 'Dragoslavele', 3),
(1036, 'Dâmbovicioara', 3),
(1037, 'Dârmăneşti', 3),
(1038, 'Godeni', 3),
(1039, 'Hârseşti', 3),
(1040, 'Hârtieşti', 3),
(1041, 'Izvoru', 3),
(1042, 'Leordeni', 3),
(1043, 'Lereşti', 3),
(1044, 'Lunca Corbului', 3),
(1045, 'Merişani', 3),
(1046, 'Miceşti', 3),
(1047, 'Mihăeşti', 3),
(1048, 'Mioveni', 3),
(1049, 'Miroşi', 3),
(1050, 'Morăreşti', 3),
(1051, 'Mozăceni', 3),
(1052, 'Moşoaia', 3),
(1053, 'Musăţeşti', 3),
(1054, 'Mălureni', 3),
(1055, 'Mărăcineni', 3),
(1056, 'Negraşi', 3),
(1057, 'Nucşoara', 3),
(1058, 'Oarja', 3),
(1059, 'Pietroşani', 3),
(1060, 'Piteşti', 3),
(1061, 'Poiana Lacului', 3),
(1062, 'Popeşti', 3),
(1063, 'Priboieni', 3),
(1064, 'Recea', 3),
(1065, 'Rociu', 3),
(1066, 'Rucăr', 3),
(1067, 'Râca', 3),
(1068, 'Răteşti', 3),
(1069, 'Schitu Goleşti', 3),
(1070, 'Slobozia', 3),
(1071, 'Stoeneşti', 3),
(1072, 'Stolnici', 3),
(1073, 'Stâlpeni', 3),
(1074, 'Suseni', 3),
(1075, 'Sălătrucu', 3),
(1076, 'Teiu', 3),
(1077, 'Tigveni', 3),
(1078, 'Topoloveni', 3),
(1079, 'Uda', 3),
(1080, 'Ungheni', 3),
(1081, 'Valea Danului', 3),
(1082, 'Valea Iaşului', 3),
(1083, 'Valea Mare Pravăţ', 3),
(1084, 'Vedea', 3),
(1085, 'Vlădeşti', 3),
(1086, 'Vultureşti', 3),
(1087, 'Ştefan cel Mare', 3),
(1088, 'Ştefăneşti', 3),
(1089, 'Şuici', 3),
(1090, 'Ţiţeşti', 3),
(1091, 'Albeştii Pamânteni', 3),
(1092, 'Albeştii Ungureni', 3),
(1093, 'Brăteşti', 3),
(1094, 'Doblea', 3),
(1095, 'Dobrotu', 3),
(1096, 'Dumireşti', 3),
(1097, 'Florieni', 3),
(1098, 'Albeşti', 3),
(1099, 'Bughea de Sus', 3),
(1100, 'Cândeşti', 3),
(1101, 'Cerbu', 3),
(1102, 'Frăteşti', 3),
(1103, 'Gura Văii', 3),
(1104, 'Mareş', 3),
(1105, 'Broşteni', 3),
(1106, 'Slănic', 3),
(1107, 'Valea Siliştii', 3),
(1108, 'Căpăţânenii Pământeni', 3),
(1109, 'Căpăţânenii Ungureni', 3),
(1110, 'Băjăneşti', 3),
(1111, 'Ciobăneşti', 3),
(1112, 'Cotmeniţa', 3),
(1113, 'Groşi', 3),
(1114, 'Lupueni', 3),
(1115, 'Slăatioarele', 3),
(1116, 'Alunişu', 3),
(1117, 'Anghineşti', 3),
(1118, 'Argeşani', 3),
(1119, 'Măniceşti', 3),
(1120, 'Stejari', 3),
(1121, 'Tutana', 3),
(1122, 'Valea Brazilor', 3),
(1123, 'Valea lui Enache', 3),
(1124, 'Zigoneni', 3),
(1125, 'Băjeşti', 3),
(1126, 'Goleşti', 3),
(1127, 'Poieniţa', 3),
(1128, 'Priboaia', 3),
(1129, 'Uliţa', 3),
(1130, 'Valea Mare-Bratia', 3),
(1131, 'Afrimeşti', 3),
(1132, 'Brabeţi', 3),
(1133, 'Bădeşti', 3),
(1134, 'Cioceşti', 3),
(1135, 'Malu', 3),
(1136, 'Mozăcenii-Vale', 3),
(1137, 'Mândra', 3),
(1138, 'Podişoru', 3),
(1139, 'Urlueni', 3),
(1140, 'Zuvelcaţi', 3),
(1141, 'Şelăreasca', 3),
(1142, 'Brăileni', 3),
(1143, 'Glâmbocu', 3),
(1144, 'Mica', 3),
(1145, 'Prislopu Mic', 3),
(1146, 'Scheau', 3),
(1147, 'Uiasca', 3),
(1148, 'Valea Ursului', 3),
(1149, 'Beleţi', 3),
(1150, 'Lenţea', 3),
(1151, 'Negreşti', 3),
(1152, 'Zgripceşti', 3),
(1153, 'Bratia', 3),
(1154, 'Gămăceşti', 3),
(1155, 'Oţelu', 3),
(1156, 'Bujoi', 3),
(1157, 'Bârloi', 3),
(1158, 'Chiţeşti', 3),
(1159, 'Dumbrava', 3),
(1160, 'Glâmbocel', 3),
(1161, 'Glâmbocelu', 3),
(1162, 'Suseni', 3),
(1163, 'Balabani', 3),
(1164, 'Lunca', 3),
(1165, 'Muşcel', 3),
(1166, 'Moşteni-Greci', 3),
(1167, 'Geamăna', 3),
(1168, 'Alunişu', 3),
(1169, 'Brădetu', 3),
(1170, 'Cosaci', 3),
(1171, 'Galeşu', 3),
(1172, 'Piatra', 3),
(1173, 'Slămneşti', 3),
(1174, 'Uleni', 3),
(1175, 'Ungureni', 3),
(1176, 'Budeasa Mare', 3),
(1177, 'Budeasa Mică', 3),
(1178, 'Caloteşti', 3),
(1179, 'Gălăşeşti', 3),
(1180, 'Rogojina', 3),
(1181, 'Valea Mărului', 3),
(1182, 'Bujoreni', 3),
(1183, 'Cornăţel', 3),
(1184, 'Curteanca', 3),
(1185, 'Ioneşti', 3),
(1186, 'Podeni', 3),
(1187, 'Redea', 3),
(1188, 'Tomşanca', 3),
(1189, 'Vlăduţa', 3),
(1190, 'Vulpeşti', 3),
(1191, 'Şerboeni', 3),
(1192, 'Burdea', 3),
(1193, 'Strâmbeni', 3),
(1194, 'Ciocăneşti', 3),
(1195, 'Cârstieni', 3),
(1196, 'Glodu', 3),
(1197, 'Gorganu', 3),
(1198, 'Radu Negru', 3),
(1199, 'Râncăciov', 3),
(1200, 'Udeni-Zăvoi', 3),
(1201, 'Urlucea', 3),
(1202, 'Valea Corbului', 3),
(1203, 'Vrăneşti', 3),
(1204, 'Văleni-Podgoria', 3),
(1205, 'Valea Rumâneştilor', 3),
(1206, 'Catanele', 3),
(1207, 'Cireşu', 3),
(1208, 'Coşeri', 3),
(1209, 'Gruiu', 3),
(1210, 'Recea', 3),
(1211, 'Siliştea', 3),
(1212, 'Ceparii Pământeni', 3),
(1213, 'Ceparii Ungureni', 3),
(1214, 'Cărpeniş', 3),
(1215, 'Morăşti', 3),
(1216, 'Urluieşti', 3),
(1217, 'Valea Măgurei', 3),
(1218, 'Zamfireşti', 3),
(1219, 'Şendruleşti', 3),
(1220, 'Lăicăi', 3),
(1221, 'Valea Cetăţuia', 3),
(1222, 'Bărăşti', 3),
(1223, 'Mioarele', 3),
(1224, 'Urecheşti', 3),
(1225, 'Burluşi', 3),
(1226, 'Lacurile', 3),
(1227, 'Piatra', 3),
(1228, 'Schitu-Matei', 3),
(1229, 'Beculeşti', 3),
(1230, 'Bratia', 3),
(1231, 'Cungrea', 3),
(1232, 'Dogari', 3),
(1233, 'Fedeleşoiu', 3),
(1234, 'Giuclani', 3),
(1235, 'Păuneşti', 3),
(1236, 'Răduţeşti', 3),
(1237, 'Bărbăteşti', 3),
(1238, 'Crucişoara', 3),
(1239, 'Făcăleţeşti', 3),
(1240, 'Greabănu', 3),
(1241, 'Popeşti', 3),
(1242, 'Răchiţele de Jos', 3),
(1243, 'Răchiţele de Sus', 3),
(1244, 'Berindeşti', 3),
(1245, 'Bucşeneşti', 3),
(1246, 'Oeştii Pamânteni', 3),
(1247, 'Oeştii Ungureni', 3),
(1248, 'Poienari', 3),
(1249, 'Rotunda', 3),
(1250, 'Turburea', 3),
(1251, 'Corbşori', 3),
(1252, 'Jgheaburi', 3),
(1253, 'Poduri', 3),
(1254, 'Poienărei', 3),
(1255, 'Stăneşti', 3),
(1256, 'Jupâneşti', 3),
(1257, 'Leiceşti', 3),
(1258, 'Lăpuşani', 3),
(1259, 'Petreşti', 3),
(1260, 'Priseaca', 3),
(1261, 'Păcioiu', 3),
(1262, 'Broşteni', 3),
(1263, 'Lăceni', 3),
(1264, 'Podu Broşteni', 3),
(1265, 'Pârvu Roşu', 3),
(1266, 'Smei', 3),
(1267, 'Stârci', 3),
(1268, 'Bascovele', 3),
(1269, 'Buneşti', 3),
(1270, 'Costeşti', 3),
(1271, 'Dealu Pădurii', 3),
(1272, 'Drăgoleşti', 3),
(1273, 'Linteşti', 3),
(1274, 'Negeşti', 3),
(1275, 'Pieleşti', 3),
(1276, 'Spiridoni', 3),
(1277, 'Sănduleşti', 3),
(1278, 'Ursoaia', 3),
(1279, 'Vârloveni', 3),
(1280, 'Zamfireşti', 3),
(1281, 'Bălţata', 3),
(1282, 'Bărbălani', 3),
(1283, 'Cotu', 3),
(1284, 'Crivăţu', 3),
(1285, 'Cârceşti', 3),
(1286, 'Lăunele de Sus', 3),
(1287, 'Măcăi', 3),
(1288, 'Măneşti', 3),
(1289, 'Sineşti', 3),
(1290, 'Stănicei', 3),
(1291, 'Teodoreşti', 3),
(1292, 'Valea Cucii', 3),
(1293, 'Vonigeasa', 3),
(1294, 'Noapteş', 3),
(1295, 'Ciocanu', 3),
(1296, 'Podu Dâmboviţei', 3),
(1297, 'Negreni', 3),
(1298, 'Piscani', 3),
(1299, 'Valea Nandrii', 3),
(1300, 'Valea Rizii', 3),
(1301, 'Conţeşti', 3),
(1302, 'Voroveni', 3),
(1303, 'Fureşti', 3),
(1304, 'Băceşti', 3),
(1305, 'Drăganu-Olteni', 3),
(1306, 'Dumbrăveşti', 3),
(1307, 'Prislopu Mare', 3),
(1308, 'Valea Hotarului', 3),
(1309, 'Bordeieni', 3),
(1310, 'Capu Piscului', 3),
(1311, 'Coteşti', 3),
(1312, 'Malu', 3),
(1313, 'Ciobani', 3),
(1314, 'Martalogi', 3),
(1315, 'Dealu', 3),
(1316, 'Lespezi', 3),
(1317, 'Lucieni', 3),
(1318, 'Baloteasca', 3),
(1319, 'Budişteni', 3),
(1320, 'Bântău', 3),
(1321, 'Băila', 3),
(1322, 'Ciolceşti', 3),
(1323, 'Ciulniţa', 3),
(1324, 'Cotu Malului', 3),
(1325, 'Cârciumăreşti', 3),
(1326, 'Glodu', 3),
(1327, 'Glâmbocata', 3),
(1328, 'Glâmbocata-Deal', 3),
(1329, 'Moara Mocanului', 3),
(1330, 'Schitu Scoiceşti', 3),
(1331, 'Pojorâta', 3),
(1332, 'Voineşti', 3),
(1333, 'Bumbueni', 3),
(1334, 'Catane', 3),
(1335, 'Cieşti', 3),
(1336, 'Lăngeşti', 3),
(1337, 'Mârghia de Jos', 3),
(1338, 'Mârghia de Sus', 3),
(1339, 'Pădureţi', 3),
(1340, 'Silişteni', 3),
(1341, 'Buneşti', 3),
(1342, 'Păuleasca', 3),
(1343, 'Topliţa', 3),
(1344, 'Zărneşti', 3),
(1345, 'Argeşelu', 3),
(1346, 'Borleşti', 3),
(1347, 'Brăteasca', 3),
(1348, 'Capu Piscului', 3),
(1349, 'Crâmpotani', 3),
(1350, 'Dobrogostea', 3),
(1351, 'Malu Vânăt', 3),
(1352, 'Vâlcelele', 3),
(1353, 'Vărzaru', 3),
(1354, 'Brânzari', 3),
(1355, 'Purcăreni', 3),
(1356, 'Păuleasca', 3),
(1357, 'Drăghici', 3),
(1358, 'Furnicoşi', 3),
(1359, 'Rudeni', 3),
(1360, 'Valea Bradului', 3),
(1361, 'Valea Popii', 3),
(1362, 'Văcarea', 3),
(1363, 'Aluniş', 3),
(1364, 'Chilii', 3),
(1365, 'Coceneşti', 3),
(1366, 'Măţău', 3),
(1367, 'Suslăneşti', 3),
(1368, 'Clucereasa', 3),
(1369, 'Colibaşi', 3),
(1370, 'Făgetu', 3),
(1371, 'Racoviţa', 3),
(1372, 'Surduleşti', 3),
(1373, 'Dealu Obejdeanului', 3),
(1374, 'Deduleşti', 3),
(1375, 'Luminile', 3),
(1376, 'Măncioiu', 3),
(1377, 'Săpunari', 3),
(1378, 'Bătrâni', 3),
(1379, 'Ciocănăi', 3),
(1380, 'Dealu Viilor', 3),
(1381, 'Hinţeşti', 3),
(1382, 'Lăzăreşti', 3),
(1383, 'Smeura', 3),
(1384, 'Babaroaga', 3),
(1385, 'Zidurile', 3),
(1386, 'Bolovăneşti', 3),
(1387, 'Costeşti-Vâslan', 3),
(1388, 'Prosia', 3),
(1389, 'Robaia', 3),
(1390, 'Stroeşti', 3),
(1391, 'Valea Faurului', 3),
(1392, 'Valea Muscelului', 3),
(1393, 'Valea lui Maş', 3),
(1394, 'Vâlsăneşti', 3),
(1395, 'Buta', 3),
(1396, 'Bârlogu', 3),
(1397, 'Mozacu', 3),
(1398, 'Gruiu', 3),
(1399, 'Sboghiţeşti', 3),
(1400, 'Slatina', 3),
(1401, 'Ceauşeşti', 3),
(1402, 'Bădeşti', 3),
(1403, 'Găneşti', 3),
(1404, 'Retevoieşti', 3),
(1405, 'Vărzăroaia', 3),
(1406, 'Cepari', 3),
(1407, 'Cătunaşi', 3),
(1408, 'Dealu Oraşului', 3),
(1409, 'Dealu Viilor', 3),
(1410, 'Dinculeşti', 3),
(1411, 'Gâlceşti', 3),
(1412, 'Găleţeanu', 3),
(1413, 'Gărdineşti', 3),
(1414, 'Metofu', 3),
(1415, 'Păduroiu din Deal', 3),
(1416, 'Păduroiu din Vale', 3),
(1417, 'Sămara', 3),
(1418, 'Ceaureşti', 3),
(1419, 'Ioaniceşti', 3),
(1420, 'Poienari', 3),
(1421, 'Tomuleşti', 3),
(1422, 'Groşani', 3),
(1423, 'Jugur', 3),
(1424, 'Poienari', 3),
(1425, 'Valea Îndărăt', 3),
(1426, 'Şerbăneşti', 3),
(1427, 'Palanga', 3),
(1428, 'Purcăreni', 3),
(1429, 'Slobozia', 3),
(1430, 'Albotele', 3),
(1431, 'Paraschiveşti', 3),
(1432, 'Pitoi', 3),
(1433, 'Sămăila', 3),
(1434, 'Valea Mare', 3),
(1435, 'Valea Nenii', 3),
(1436, 'Valea Popii', 3),
(1437, 'Adunaţi', 3),
(1438, 'Bucov', 3),
(1439, 'Ciupa-Mănciulescu', 3),
(1440, 'Furdueşti', 3),
(1441, 'Mavrodolu', 3),
(1442, 'Nejlovelu', 3),
(1443, 'Pătuleni', 3),
(1444, 'Tigveni', 3),
(1445, 'Deagu de Jos', 3),
(1446, 'Deagu de Sus', 3),
(1447, 'Goleasca', 3),
(1448, 'Orodel', 3),
(1449, 'Gliganu de Jos', 3),
(1450, 'Gliganu de Sus', 3),
(1451, 'Şerbăneşti', 3),
(1452, 'Sătic', 3),
(1453, 'Văleni', 3),
(1454, 'Bănăreşti', 3),
(1455, 'Dealu Bradului', 3),
(1456, 'Drăghiceşti', 3),
(1457, 'Găinuşa', 3),
(1458, 'Lipia', 3),
(1459, 'Mârţeşti', 3),
(1460, 'Popeşti', 3),
(1461, 'Turceşti', 3),
(1462, 'Burneşti', 3),
(1463, 'Costiţă', 3),
(1464, 'Loturi', 3),
(1465, 'Lăzăreşti', 3),
(1466, 'Valea Pechii', 3),
(1467, 'Nigrişoara', 3),
(1468, 'Dealu Frumos', 3),
(1469, 'Livezeni', 3),
(1470, 'Ogrezea', 3),
(1471, 'Opreşti', 3),
(1472, 'Piţigaia', 3),
(1473, 'Rădeşti', 3),
(1474, 'Glavacioc', 3),
(1475, 'Enculeşti', 3),
(1476, 'Goleşti', 3),
(1477, 'Izvorani', 3),
(1478, 'Valea Mare-Podgoria', 3),
(1479, 'Viişoara', 3),
(1480, 'Zăvoi', 3),
(1481, 'Ştefăneştii Noi', 3),
(1482, 'Bădeni', 3),
(1483, 'Coteneşti', 3),
(1484, 'Lunca Gârtii', 3),
(1485, 'Piatra', 3),
(1486, 'Slobozia', 3),
(1487, 'Valea Bădenilor', 3),
(1488, 'Cochineşti', 3),
(1489, 'Cotmeana', 3),
(1490, 'Fâlfani', 3),
(1491, 'Izbăşeşti', 3),
(1492, 'Vlăşcuţa', 3),
(1493, 'Ianculeşti', 3),
(1494, 'Paltenu', 3),
(1495, 'Păuleni', 3),
(1496, 'Rudeni', 3),
(1497, 'Valea Calului', 3),
(1498, 'Burdeşti', 3),
(1499, 'Cerşani', 3),
(1500, 'Chiriţeşti', 3),
(1501, 'Găleşeşti', 3),
(1502, 'Odăeni', 3),
(1503, 'Pădureni', 3),
(1504, 'Stefăneşti', 3),
(1505, 'Strâmbeni', 3),
(1506, 'Ţuţuleşti', 3),
(1507, 'Leşile', 3),
(1508, 'Blaju', 3),
(1509, 'Bârseştii de Jos', 3),
(1510, 'Bârseştii de Sus', 3),
(1511, 'Bădislava', 3),
(1512, 'Bălileşti', 3),
(1513, 'Bălteni', 3),
(1514, 'Vlădeşti', 3),
(1515, 'Bucşeneşti-Lotaşi', 3),
(1516, 'Cişmea', 3),
(1517, 'Valea Mănăstirii', 3),
(1518, 'Valea Stânii', 3),
(1519, 'Boţârcani', 3),
(1520, 'Crinteşti', 3),
(1521, 'Gorăneşti', 3),
(1522, 'Ţigăneşti', 3),
(1523, 'Braniştea', 3),
(1524, 'Băduleşti', 3),
(1525, 'Bărăneşti', 3),
(1526, 'Chiriţeşti', 3),
(1527, 'Cotu', 3),
(1528, 'Dealu Bisericii', 3),
(1529, 'Dealu Tolcesii', 3),
(1530, 'Diconeşti', 3),
(1531, 'Gorani', 3),
(1532, 'Greabăn', 3),
(1533, 'Lunguleşti', 3),
(1534, 'Miercani', 3),
(1535, 'Romana', 3),
(1536, 'Râjleţu-Govora', 3),
(1537, 'Săliştea', 3),
(1538, 'Colţu', 3),
(1539, 'Goia', 3),
(1540, 'Găujani', 3),
(1541, 'Humele', 3),
(1542, 'Satu Nou', 3),
(1543, 'Bolculeşti', 3),
(1544, 'Borobăneşti', 3),
(1545, 'Băniceşti', 3),
(1546, 'Verneşti', 3),
(1547, 'Borovineşti', 3),
(1548, 'Bădila', 3),
(1549, 'Bărbălăteşti', 3),
(1550, 'Cerbureni', 3),
(1551, 'Mustăţeşti', 3),
(1552, 'Ruginoasa', 3),
(1553, 'Ungureni', 3),
(1554, 'Valea Uleiului', 3),
(1555, 'Bilceşti', 3),
(1556, 'Colnic', 3),
(1557, 'Fântânea', 3),
(1558, 'Gura Pravăţ', 3),
(1559, 'Nămăeşti', 3),
(1560, 'Pietroasa', 3),
(1561, 'Şelari', 3),
(1562, 'Blejani', 3),
(1563, 'Bureţeşti', 3),
(1564, 'Bădicea', 3),
(1565, 'Chiriţeşti', 3),
(1566, 'Chiţani', 3),
(1567, 'Ciureşti', 3),
(1568, 'Dincani', 3),
(1569, 'Fata', 3),
(1570, 'Frătici', 3),
(1571, 'Izvoru de Jos', 3),
(1572, 'Izvoru de Sus', 3),
(1573, 'Lungani', 3),
(1574, 'Mogoşeşti', 3),
(1575, 'Prodani', 3),
(1576, 'Răţoi', 3),
(1577, 'Vaţa', 3),
(1578, 'Veţişoara', 3),
(1579, 'Vârşeşti', 3),
(1580, 'Coteasca', 3),
(1581, 'Drăghescu', 3),
(1582, 'Putina', 3),
(1583, 'Bârzeşti', 3),
(1584, 'Huluba', 3),
(1585, 'Agăş', 4),
(1586, 'Ardeoani', 4),
(1587, 'Asău', 4),
(1588, 'Bacău', 4),
(1589, 'Balcani', 4),
(1590, 'Bereşti-Bistriţa', 4),
(1591, 'Bereşti-Tazlău', 4),
(1592, 'Berzunţi', 4),
(1593, 'Blăgeşti', 4),
(1594, 'Bogdăneşti', 4),
(1595, 'Brusturoasa', 4),
(1596, 'Buhoci', 4),
(1597, 'Buhuşi', 4),
(1598, 'Bârsăneşti', 4),
(1599, 'Caşin', 4),
(1600, 'Cleja', 4),
(1601, 'Coloneşti', 4),
(1602, 'Comăneşti', 4),
(1603, 'Corbasca', 4),
(1604, 'Coţofăneşti', 4),
(1605, 'Căiuţi', 4),
(1606, 'Dealu Morii', 4),
(1607, 'Dofteana', 4),
(1608, 'Dămieneşti', 4),
(1609, 'Dărmăneşti', 4),
(1610, 'Faraoani', 4),
(1611, 'Filipeni', 4),
(1612, 'Filipeşti', 4),
(1613, 'Glăvăneşti', 4),
(1614, 'Gura Văii', 4),
(1615, 'Gârleni', 4),
(1616, 'Găiceana', 4),
(1617, 'Helegiu', 4),
(1618, 'Hemeiuş', 4),
(1619, 'Horgeşti', 4),
(1620, 'Huruieşti', 4),
(1621, 'Izvoru Berheciului', 4),
(1622, 'Letea Veche', 4),
(1623, 'Lipova', 4),
(1624, 'Livezi', 4),
(1625, 'Luizi-Călugăra', 4),
(1626, 'Moineşti', 4),
(1627, 'Motoşeni', 4),
(1628, 'Măgireşti', 4),
(1629, 'Măgura', 4),
(1630, 'Mănăstirea Caşin', 4),
(1631, 'Mărgineni', 4),
(1632, 'Negri', 4),
(1633, 'Nicolae Bălcescu', 4),
(1634, 'Oituz', 4),
(1635, 'Onceşti', 4),
(1636, 'Oneşti', 4),
(1637, 'Orbeni', 4),
(1638, 'Palanca', 4),
(1639, 'Parava', 4),
(1640, 'Parincea', 4),
(1641, 'Plopana', 4),
(1642, 'Podu Turcului', 4),
(1643, 'Poduri', 4),
(1644, 'Pânceşti', 4),
(1645, 'Pârgăreşti', 4),
(1646, 'Pârjol', 4),
(1647, 'Racova', 4),
(1648, 'Roşiori', 4),
(1649, 'Răchitoasa', 4),
(1650, 'Răcăciuni', 4),
(1651, 'Sascut', 4),
(1652, 'Scorţeni', 4),
(1653, 'Secuieni', 4),
(1654, 'Solonţ', 4),
(1655, 'Strugari', 4),
(1656, 'Stănişeşti', 4),
(1657, 'Sănduleni', 4),
(1658, 'Săuceşti', 4),
(1659, 'Tamaşi', 4),
(1660, 'Traian', 4),
(1661, 'Târgu Ocna', 4),
(1662, 'Târgu Trotuş', 4),
(1663, 'Tătărăşti', 4),
(1664, 'Ungureni', 4),
(1665, 'Urecheşti', 4),
(1666, 'Valea Seacă', 4),
(1667, 'Vultureni', 4),
(1668, 'Zemeş', 4),
(1669, 'Ştefan cel Mare', 4),
(1670, 'Beleghet', 4),
(1671, 'Cotumba', 4),
(1672, 'Coşnea', 4),
(1673, 'Diaconeşti', 4),
(1674, 'Goioasa', 4),
(1675, 'Preluci', 4),
(1676, 'Sulţa', 4),
(1677, 'Leontineşti', 4),
(1678, 'Apa Asău', 4),
(1679, 'Ciobănuş', 4),
(1680, 'Lunca Asău', 4),
(1681, 'Păltiniş', 4),
(1682, 'Straja', 4),
(1683, 'Frumoasa', 4),
(1684, 'Ludaşi', 4),
(1685, 'Schitu Frumoasa', 4),
(1686, 'Albele', 4),
(1687, 'Brăteşti', 4),
(1688, 'Caraclău', 4),
(1689, 'Brad', 4),
(1690, 'Ciumaşi', 4),
(1691, 'Climeşti', 4),
(1692, 'Dumbrava', 4),
(1693, 'Făgeţel', 4),
(1694, 'Iteşti', 4),
(1695, 'Pădureni', 4),
(1696, 'Boşoteni', 4),
(1697, 'Enăcheşti', 4),
(1698, 'Prisaca', 4),
(1699, 'Româneşti', 4),
(1700, 'Tescani', 4),
(1701, 'Turluianu', 4),
(1702, 'Buda', 4),
(1703, 'Dragomir', 4),
(1704, 'Buda', 4),
(1705, 'Poiana Negustorului', 4),
(1706, 'Valea lui Ion', 4),
(1707, 'Ţârdenii Mari', 4),
(1708, 'Filipeşti', 4),
(1709, 'Buruieniş', 4),
(1710, 'Buruienişu de Sus', 4),
(1711, 'Camenca', 4),
(1712, 'Cuchiniş', 4),
(1713, 'Hângăneşti', 4),
(1714, 'Bijghir', 4),
(1715, 'Buhocel', 4),
(1716, 'Coteni', 4),
(1717, 'Dospineşti', 4),
(1718, 'Marginea', 4),
(1719, 'Runcu', 4),
(1720, 'Blidari', 4),
(1721, 'Boiştea', 4),
(1722, 'Floreşti', 4),
(1723, 'Heltiu', 4),
(1724, 'Mărceşti', 4),
(1725, 'Popeni', 4),
(1726, 'Pralea', 4),
(1727, 'Vrânceni', 4),
(1728, 'Curiţa', 4),
(1729, 'Somuşca', 4),
(1730, 'Valea Mică', 4),
(1731, 'Călini', 4),
(1732, 'Poiana', 4),
(1733, 'Satu Nou', 4),
(1734, 'Spria', 4),
(1735, 'Valea Mare', 4),
(1736, 'Zăpodia', 4),
(1737, 'Podei', 4),
(1738, 'Vermeşti', 4),
(1739, 'Băcioiu', 4),
(1740, 'Marvila', 4),
(1741, 'Pogleţ', 4),
(1742, 'Rogoaza', 4),
(1743, 'Scărişoara', 4),
(1744, 'Vâlcele', 4),
(1745, 'Boiştea de Jos', 4),
(1746, 'Borşani', 4),
(1747, 'Bâlca', 4),
(1748, 'Tămăşoaia', 4),
(1749, 'Călugăreni', 4),
(1750, 'Drăgeşti', 4),
(1751, 'Pădureni', 4),
(1752, 'Dărmăneasca', 4),
(1753, 'Lăpoş', 4),
(1754, 'Plopu', 4),
(1755, 'Păgubeni', 4),
(1756, 'Sălătruc', 4),
(1757, 'Banca', 4),
(1758, 'Blaga', 4),
(1759, 'Boboş', 4),
(1760, 'Bodeasa', 4),
(1761, 'Bostăneşti', 4),
(1762, 'Bălăneşti', 4),
(1763, 'Calapodeşti', 4),
(1764, 'Căuia', 4),
(1765, 'Dorofei', 4),
(1766, 'Ghionoaia', 4),
(1767, 'Grădeşti', 4),
(1768, 'Neguleşti', 4),
(1769, 'Tăvădăreşti', 4),
(1770, 'Bogata', 4),
(1771, 'Cucuieţi', 4),
(1772, 'Hăghiac', 4),
(1773, 'Larga', 4),
(1774, 'Seaca', 4),
(1775, 'Ştefan Vodă', 4),
(1776, 'Brad', 4),
(1777, 'Bălaia', 4),
(1778, 'Frunteşti', 4),
(1779, 'Mărăşti', 4),
(1780, 'Pădureni', 4),
(1781, 'Slobozia', 4),
(1782, 'Valea Boţului', 4),
(1783, 'Boanţa', 4),
(1784, 'Corneşti', 4),
(1785, 'Cotu Grosului', 4),
(1786, 'Cârligi', 4),
(1787, 'Galbeni', 4),
(1788, 'Hârleşti', 4),
(1789, 'Onişcani', 4),
(1790, 'Arini', 4),
(1791, 'Huţu', 4),
(1792, 'Popeşti', 4),
(1793, 'Gârlenii de Sus', 4),
(1794, 'Lespezi', 4),
(1795, 'Şurina', 4),
(1796, 'Bolovăniş', 4),
(1797, 'Făget', 4),
(1798, 'Făgetu de Sus', 4),
(1799, 'Ghimeş', 4),
(1800, 'Răchitiş', 4),
(1801, 'Tărhăuşi', 4),
(1802, 'Frumuşelu', 4),
(1803, 'Muncelu', 4),
(1804, 'Putredeni', 4),
(1805, 'Răzeşu', 4),
(1806, 'Capăta', 4),
(1807, 'Dumbrava', 4),
(1808, 'Motoceşti', 4),
(1809, 'Păltinata', 4),
(1810, 'Temelia', 4),
(1811, 'Brătila', 4),
(1812, 'Deleni', 4),
(1813, 'Drăgugeşti', 4),
(1814, 'Fântânele', 4),
(1815, 'Lilieci', 4),
(1816, 'Bazga', 4),
(1817, 'Galeri', 4),
(1818, 'Mărăscu', 4),
(1819, 'Recea', 4),
(1820, 'Răcătău de Jos', 4),
(1821, 'Răcătău-Răzeşi', 4),
(1822, 'Sohodor', 4),
(1823, 'Căpoteşti', 4),
(1824, 'Floreşti', 4),
(1825, 'Fundoaia', 4),
(1826, 'Ocheni', 4),
(1827, 'Perchiu', 4),
(1828, 'Prădaiş', 4),
(1829, 'Antoheşti', 4),
(1830, 'Băimac', 4),
(1831, 'Făghieni', 4),
(1832, 'Obârşia', 4),
(1833, 'Oţeleşti', 4),
(1834, 'Pădureni', 4),
(1835, 'Holt', 4),
(1836, 'Radomireşti', 4),
(1837, 'Ruşi-Ciutea', 4),
(1838, 'Siretu', 4),
(1839, 'Mâlosu', 4),
(1840, 'Satu Nou', 4),
(1841, 'Valea Caselor', 4),
(1842, 'Valea Hogei', 4),
(1843, 'Valea Moşneagului', 4),
(1844, 'Valea Mărului', 4),
(1845, 'Bălăneasa', 4),
(1846, 'Orăşa', 4),
(1847, 'Poiana', 4),
(1848, 'Prajoaia', 4),
(1849, 'Scăriga', 4),
(1850, 'Osebiţi', 4),
(1851, 'Prăjeşti', 4),
(1852, 'Stăneşti', 4),
(1853, 'Valea Arinilor', 4),
(1854, 'Şesuri', 4),
(1855, 'Crihan', 4),
(1856, 'Dealu-Mare', 4),
(1857, 'Sohodol', 4),
(1858, 'Lupeşti', 4),
(1859, 'Pârvuleşti', 4),
(1860, 'Scutaru', 4),
(1861, 'Baraţi', 4),
(1862, 'Luncani', 4),
(1863, 'Podiş', 4),
(1864, 'Poiana', 4),
(1865, 'Pădureni', 4),
(1866, 'Trebeş', 4),
(1867, 'Valea Budului', 4),
(1868, 'Găzărie', 4),
(1869, 'Bâcleşti', 4),
(1870, 'Chetreni', 4),
(1871, 'Chicerea', 4),
(1872, 'Cociu', 4),
(1873, 'Cornăţelu', 4),
(1874, 'Fundătura', 4),
(1875, 'Fântânele', 4),
(1876, 'Gura Crăieşti', 4),
(1877, 'Poiana', 4),
(1878, 'Praja', 4),
(1879, 'Rotăria', 4),
(1880, 'Şendreşti', 4),
(1881, 'Ţepoaia', 4),
(1882, 'Brad', 4),
(1883, 'Călineşti', 4),
(1884, 'Mâgla', 4),
(1885, 'Poiana', 4),
(1886, 'Ursoaia', 4),
(1887, 'Buchila', 4),
(1888, 'Bălţata', 4),
(1889, 'Galbeni', 4),
(1890, 'Lărguţa', 4),
(1891, 'Sărata', 4),
(1892, 'Valea Seacă', 4),
(1893, 'Călcâi', 4),
(1894, 'Ferestrău-Oituz', 4),
(1895, 'Hârja', 4),
(1896, 'Marginea', 4),
(1897, 'Poiana Sărată', 4),
(1898, 'Bărboasa', 4),
(1899, 'Dealu Perjului', 4),
(1900, 'Onceştii Vechi', 4),
(1901, 'Satu Nou', 4),
(1902, 'Tarniţa', 4),
(1903, 'Taula', 4),
(1904, 'Borzeşti', 4),
(1905, 'Slobozia', 4),
(1906, 'Scurta', 4),
(1907, 'Ciugheş', 4),
(1908, 'Cădăreşti', 4),
(1909, 'Pajiştea', 4),
(1910, 'Popoiu', 4),
(1911, 'Chilia Benei', 4),
(1912, 'Dieneţ', 4),
(1913, 'Fulgeriş', 4),
(1914, 'Fundu Văii', 4),
(1915, 'Motoc', 4),
(1916, 'Petreşti', 4),
(1917, 'Soci', 4),
(1918, 'Drăguşani', 4),
(1919, 'Rădoaia', 4),
(1920, 'Teiuş', 4),
(1921, 'Bahna', 4),
(1922, 'Nicoreşti', 4),
(1923, 'Pârâu Boghii', 4),
(1924, 'Satu Nou', 4),
(1925, 'Barna', 4),
(1926, 'Mileştii de Jos', 4),
(1927, 'Mileştii de Sus', 4),
(1928, 'Năneşti', 4),
(1929, 'Năstăseni', 4),
(1930, 'Poieni', 4),
(1931, 'Satu Nou', 4),
(1932, 'Vladnic', 4),
(1933, 'Văleni', 4),
(1934, 'Băhnăşeni', 4),
(1935, 'Bărneşti', 4),
(1936, 'Băsăşti', 4),
(1937, 'Câmpeni', 4),
(1938, 'Hemieni', 4),
(1939, 'Hâineala', 4),
(1940, 'Pustiana', 4),
(1941, 'Tărâţa', 4),
(1942, 'Budeşti', 4),
(1943, 'Dorneni', 4),
(1944, 'Fundu Tutovei', 4),
(1945, 'Iţcani', 4),
(1946, 'Rusenii Răzeşi', 4),
(1947, 'Rusenii de Sus', 4),
(1948, 'Străminoasa', 4),
(1949, 'Ţâgâra', 4),
(1950, 'Bălăneşti', 4),
(1951, 'Căbeşti', 4),
(1952, 'Fichiteşti', 4),
(1953, 'Giurgioana', 4),
(1954, 'Hanţa', 4),
(1955, 'Lehancea', 4),
(1956, 'Plopu', 4),
(1957, 'Răcuşana', 4),
(1958, 'Sârbi', 4),
(1959, 'Bucşeşti', 4),
(1960, 'Cernu', 4),
(1961, 'Cornet', 4),
(1962, 'Negreni', 4),
(1963, 'Prohozeşti', 4),
(1964, 'Valea Şoşii', 4),
(1965, 'Ciucani', 4),
(1966, 'Fundu Răcăciuni', 4),
(1967, 'Gheorghe Doja', 4),
(1968, 'Gâşteni', 4),
(1969, 'Răstoaca', 4),
(1970, 'Barcana', 4),
(1971, 'Bucşa', 4),
(1972, 'Buda', 4),
(1973, 'Burdusaci', 4),
(1974, 'Dumbrava', 4),
(1975, 'Dănăila', 4),
(1976, 'Farcaşa', 4),
(1977, 'Fundătura Răchitoasa', 4),
(1978, 'Hăghiac', 4),
(1979, 'Magazia', 4),
(1980, 'Moviliţa', 4),
(1981, 'Oprişeşti', 4),
(1982, 'Putini', 4),
(1983, 'Tochilea', 4),
(1984, 'Gura Văii', 4),
(1985, 'Hălmăcioaia', 4),
(1986, 'Ilieşi', 4),
(1987, 'Misihăneşti', 4),
(1988, 'Neguşeni', 4),
(1989, 'Poieni', 4),
(1990, 'Valea Mare', 4),
(1991, 'Valea Mică', 4),
(1992, 'Bârzuleşti', 4),
(1993, 'Coman', 4),
(1994, 'Mateieşti', 4),
(1995, 'Stufu', 4),
(1996, 'Tisa', 4),
(1997, 'Verşeşti', 4),
(1998, 'Bereşti', 4),
(1999, 'Conţeşti', 4),
(2000, 'Pănceşti', 4),
(2001, 'Sascut-Sat', 4),
(2002, 'Schineni', 4),
(2003, 'Valea Nacului', 4),
(2004, 'Bogdan Vodă', 4),
(2005, 'Costei', 4),
(2006, 'Schineni', 4),
(2007, 'Siretu', 4),
(2008, 'Şerbeşti', 4),
(2009, 'Bogdăneşti', 4),
(2010, 'Floreşti', 4),
(2011, 'Grigoreni', 4),
(2012, 'Stejaru', 4),
(2013, 'Şerpeni', 4),
(2014, 'Berbinceni', 4),
(2015, 'Băluşa', 4),
(2016, 'Chiticeni', 4),
(2017, 'Ciutureşti', 4),
(2018, 'Fundeni', 4),
(2019, 'Glodişoarele', 4),
(2020, 'Odobeşti', 4),
(2021, 'Tisa-Silvestri', 4),
(2022, 'Valea Fânaţului', 4),
(2023, 'Văleni', 4),
(2024, 'Cerdac', 4),
(2025, 'Cireşoaia', 4),
(2026, 'Slănic-Moldova', 4),
(2027, 'Cucuieţi', 4),
(2028, 'Sărata', 4),
(2029, 'Baloteşti', 4),
(2030, 'Belciuneasa', 4),
(2031, 'Beneşti', 4),
(2032, 'Crăieşti', 4),
(2033, 'Gorgheşti', 4),
(2034, 'Slobozia', 4),
(2035, 'Slobozia Nouă', 4),
(2036, 'Văleni', 4),
(2037, 'Bogdana', 4),
(2038, 'Buciumi', 4),
(2039, 'Gutinaş', 4),
(2040, 'Negoieşti', 4),
(2041, 'Răcăuţi', 4),
(2042, 'Rădeana', 4),
(2043, 'Viişoara', 4),
(2044, 'Cetăţuia', 4),
(2045, 'Iaz', 4),
(2046, 'Nadişa', 4),
(2047, 'Petricica', 4),
(2048, 'Răchitişu', 4),
(2049, 'Chetriş', 4),
(2050, 'Furnicari', 4),
(2051, 'Gioseni', 4),
(2052, 'Poieni', 4),
(2053, 'Vâlcele', 4),
(2054, 'Tuta', 4),
(2055, 'Viişoara', 4),
(2056, 'Cornii de Jos', 4),
(2057, 'Cornii de Sus', 4),
(2058, 'Drăgeşti', 4),
(2059, 'Gherdana', 4),
(2060, 'Giurgeni', 4),
(2061, 'Ungureni', 4),
(2062, 'Bogdăneşti', 4),
(2063, 'Hertioana de Jos', 4),
(2064, 'Hertioana-Răzeşi', 4),
(2065, 'Prăjeşti', 4),
(2066, 'Zăpodia', 4),
(2067, 'Bibireşti', 4),
(2068, 'Bota', 4),
(2069, 'Boteşti', 4),
(2070, 'Bărtăşeşti', 4),
(2071, 'Gârla Anei', 4),
(2072, 'Viforeni', 4),
(2073, 'Zlătari', 4),
(2074, 'Cornăţel', 4),
(2075, 'Lunca Dochiei', 4),
(2076, 'Satu Nou', 4),
(2077, 'Slobozia', 4),
(2078, 'Cucova', 4),
(2079, 'Bosia', 4),
(2080, 'Dorneni', 4),
(2081, 'Dădeşti', 4),
(2082, 'Ghilăveşti', 4),
(2083, 'Godineştii de Jos', 4),
(2084, 'Godineştii de Sus', 4),
(2085, 'Lichitişeni', 4),
(2086, 'Medeleni', 4),
(2087, 'Năzărioaia', 4),
(2088, 'Reprivăţ', 4),
(2089, 'Tomozia', 4),
(2090, 'Valea Lupului', 4),
(2091, 'Valea Merilor', 4),
(2092, 'Valea Salciei', 4),
(2093, 'Ţigăneşti', 4),
(2094, 'Bolătău', 4),
(2095, 'Abram', 5),
(2096, 'Abrămuţ', 5),
(2097, 'Aleşd', 5),
(2098, 'Auşeu', 5),
(2099, 'Avram Iancu', 5),
(2100, 'Aştileu', 5),
(2101, 'Balc', 5),
(2102, 'Batăr', 5),
(2103, 'Beiuş', 5),
(2104, 'Biharia', 5),
(2105, 'Boianu Mare', 5),
(2106, 'Borod', 5),
(2107, 'Borş', 5),
(2108, 'Bratca', 5),
(2109, 'Brusturi', 5),
(2110, 'Budureasa', 5),
(2111, 'Buduslău', 5),
(2112, 'Bulz', 5),
(2113, 'Bunteşti', 5),
(2114, 'Cefa', 5),
(2115, 'Ceica', 5),
(2116, 'Cetariu', 5),
(2117, 'Cherechiu', 5),
(2118, 'Chişlaz', 5),
(2119, 'Ciuhoi', 5),
(2120, 'Ciumeghiu', 5),
(2121, 'Cociuba Mare', 5),
(2122, 'Copăcel', 5),
(2123, 'Criştioru de Jos', 5),
(2124, 'Curtuişeni', 5),
(2125, 'Curăţele', 5),
(2126, 'Câmpani', 5),
(2127, 'Căbeşti', 5),
(2128, 'Căpâlna', 5),
(2129, 'Cărpinet', 5),
(2130, 'Derna', 5),
(2131, 'Diosig', 5),
(2132, 'Dobreşti', 5),
(2133, 'Drăgeşti', 5),
(2134, 'Drăgăneşti', 5),
(2135, 'Finiş', 5),
(2136, 'Gepiu', 5),
(2137, 'Girişu de Criş', 5),
(2138, 'Hidişelu de Sus', 5),
(2139, 'Holod', 5),
(2140, 'Husasău de Tinca', 5),
(2141, 'Ineu', 5),
(2142, 'Lazuri de Beiuş', 5),
(2143, 'Lugaşu de Jos', 5),
(2144, 'Lunca', 5),
(2145, 'Lăzăreni', 5),
(2146, 'Marghita', 5),
(2147, 'Mădăraş', 5),
(2148, 'Măgeşti', 5),
(2149, 'Nojorid', 5),
(2150, 'Nucet', 5),
(2151, 'Olcea', 5),
(2152, 'Oradea', 5),
(2153, 'Oşorhei', 5),
(2154, 'Paleu', 5),
(2155, 'Pietroasa', 5),
(2156, 'Pocola', 5),
(2157, 'Pomezeu', 5),
(2158, 'Popeşti', 5),
(2159, 'Remetea', 5),
(2160, 'Rieni', 5),
(2161, 'Roşia', 5),
(2162, 'Roşiori', 5),
(2163, 'Răbăgani', 5),
(2164, 'Salonta', 5),
(2165, 'Spinuş', 5),
(2166, 'Suplacu de Barcău', 5),
(2167, 'Sâmbăta', 5),
(2168, 'Sânmartin', 5),
(2169, 'Sânnicolau Român', 5),
(2170, 'Sântandrei', 5),
(2171, 'Sârbi', 5),
(2172, 'Săcueni', 5),
(2173, 'Săcădat', 5),
(2174, 'Sălacea', 5),
(2175, 'Sălard', 5),
(2176, 'Tarcea', 5),
(2177, 'Tileagd', 5),
(2178, 'Tinca', 5),
(2179, 'Tulca', 5),
(2180, 'Tămăşeu', 5),
(2181, 'Tărcaia', 5),
(2182, 'Tăuteu', 5),
(2183, 'Uileacu de Beiuş', 5),
(2184, 'Vadu Crişului', 5),
(2185, 'Valea lui Mihai', 5),
(2186, 'Vaşcău', 5),
(2187, 'Viişoara', 5),
(2188, 'Vârciorog', 5),
(2189, 'Şimian', 5),
(2190, 'Şinteu', 5),
(2191, 'Şoimi', 5),
(2192, 'Ştei', 5),
(2193, 'Şuncuiuş', 5),
(2194, 'Ţeţchea', 5),
(2195, 'Cohani', 5),
(2196, 'Dijir', 5),
(2197, 'Iteu', 5),
(2198, 'Iteu Nou', 5),
(2199, 'Margine', 5),
(2200, 'Satu Barbă', 5),
(2201, 'Suiug', 5),
(2202, 'Crestur', 5),
(2203, 'Făncica', 5),
(2204, 'Petreu', 5),
(2205, 'Peştiş', 5),
(2206, 'Pădurea Neagră', 5),
(2207, 'Tinăud', 5),
(2208, 'Chistag', 5),
(2209, 'Călăţea', 5),
(2210, 'Peştere', 5),
(2211, 'Cacuciu Vechi', 5),
(2212, 'Codrişoru', 5),
(2213, 'Gheghie', 5),
(2214, 'Groşi', 5),
(2215, 'Luncşoara', 5),
(2216, 'Ant', 5),
(2217, 'Tămaşda', 5),
(2218, 'Almaşu Mare', 5),
(2219, 'Almaşu Mic', 5),
(2220, 'Ghida', 5),
(2221, 'Săldăbagiu de Barcău', 5),
(2222, 'Arpăşel', 5),
(2223, 'Talpoş', 5),
(2224, 'Tăut', 5),
(2225, 'Delani', 5),
(2226, 'Cauaceu', 5),
(2227, 'Corboaia', 5),
(2228, 'Huta', 5),
(2229, 'Păgaia', 5),
(2230, 'Rugea', 5),
(2231, 'Borozel', 5),
(2232, 'Cetea', 5),
(2233, 'Corniţel', 5),
(2234, 'Valea Mare de Criş', 5),
(2235, 'Şerani', 5),
(2236, 'Santăul Mare', 5),
(2237, 'Santăul Mic', 5),
(2238, 'Sântion', 5),
(2239, 'Beznea', 5),
(2240, 'Damiş', 5),
(2241, 'Lorău', 5),
(2242, 'Ponoară', 5),
(2243, 'Valea Crişului', 5),
(2244, 'Cuieşd', 5),
(2245, 'Loranta', 5),
(2246, 'Orvişele', 5),
(2247, 'Picleu', 5),
(2248, 'Păuleşti', 5),
(2249, 'Varasău', 5),
(2250, 'Ţigăneştii de Criş', 5),
(2251, 'Burda', 5),
(2252, 'Saca', 5),
(2253, 'Sălişte de Beiuş', 5),
(2254, 'Teleac', 5),
(2255, 'Albiş', 5),
(2256, 'Munteni', 5),
(2257, 'Remeţi', 5),
(2258, 'Brădet', 5),
(2259, 'Dumbrăvani', 5),
(2260, 'Ferice', 5),
(2261, 'Leleşti', 5),
(2262, 'Poienii de Jos', 5),
(2263, 'Poienii de Sus', 5),
(2264, 'Stânceşti', 5),
(2265, 'Săud', 5),
(2266, 'Goila', 5),
(2267, 'Gurbeşti', 5),
(2268, 'Josani', 5),
(2269, 'Sohodol', 5),
(2270, 'Fânaţe', 5),
(2271, 'Hârseşti', 5),
(2272, 'Sighiştel', 5),
(2273, 'Valea de Sus', 5),
(2274, 'Ginta', 5),
(2275, 'Rohani', 5),
(2276, 'Suplacu de Tinca', 5),
(2277, 'Săldăbagiu Mic', 5),
(2278, 'Călugări', 5),
(2279, 'Izbuc', 5),
(2280, 'Leheceni', 5),
(2281, 'Ateaş', 5),
(2282, 'Inand', 5),
(2283, 'Bucium', 5),
(2284, 'Ceişoara', 5),
(2285, 'Corbeşti', 5),
(2286, 'Cotiglet', 5),
(2287, 'Duşeşti', 5),
(2288, 'Inceşti', 5),
(2289, 'Tăutelec', 5),
(2290, 'Şişterea', 5),
(2291, 'Şuşturogi', 5),
(2292, 'Cheşereu', 5),
(2293, 'Târguşor', 5),
(2294, 'Chiraleu', 5),
(2295, 'Hăuceşti', 5),
(2296, 'Mişca', 5),
(2297, 'Pocluşa de Barcău', 5),
(2298, 'Sânlazăr', 5),
(2299, 'Sărsig', 5),
(2300, 'Cenaloş', 5),
(2301, 'Sfârnaş', 5),
(2302, 'Sâniob', 5),
(2303, 'Boiu', 5),
(2304, 'Ghiorac', 5),
(2305, 'Cheşa', 5),
(2306, 'Cărăsău', 5),
(2307, 'Petid', 5),
(2308, 'Bucuroaia', 5),
(2309, 'Chijic', 5),
(2310, 'Poiana Tăşad', 5),
(2311, 'Surduc', 5),
(2312, 'Sărand', 5),
(2313, 'Bâlc', 5),
(2314, 'Criştioru de Sus', 5),
(2315, 'Poiana', 5),
(2316, 'Sălişte de Vaşcău', 5),
(2317, 'Beiuşele', 5),
(2318, 'Cresuia', 5),
(2319, 'Nimăieşti', 5),
(2320, 'Pociovelişte', 5),
(2321, 'Văşad', 5),
(2322, 'Dernişoara', 5),
(2323, 'Sacalasău', 5),
(2324, 'Sacalasău Nou', 5),
(2325, 'Tria', 5),
(2326, 'Ianca', 5),
(2327, 'Cornişeşti', 5),
(2328, 'Crânceşti', 5),
(2329, 'Hidişel', 5),
(2330, 'Luncasprie', 5),
(2331, 'Răcaş', 5),
(2332, 'Topa de Jos', 5),
(2333, 'Topa de Sus', 5),
(2334, 'Belejeni', 5),
(2335, 'Grădinari', 5),
(2336, 'Livada Beiuşului', 5),
(2337, 'Mizieş', 5),
(2338, 'Păntăşeşti', 5),
(2339, 'Talpe', 5),
(2340, 'Şebiş', 5),
(2341, 'Ţigăneştii de Beiuş', 5),
(2342, 'Dicăneşti', 5),
(2343, 'Stracoş', 5),
(2344, 'Topeşti', 5),
(2345, 'Tăşad', 5),
(2346, 'Păcăleşti', 5),
(2347, 'Brusturi', 5),
(2348, 'Fiziş', 5),
(2349, 'Ioaniş', 5),
(2350, 'Şuncuiş', 5),
(2351, 'Bicaci', 5),
(2352, 'Cheresig', 5),
(2353, 'Toboliu', 5),
(2354, 'Tărian', 5),
(2355, 'Hidişelu de Jos', 5),
(2356, 'Mierlău', 5),
(2357, 'Sântelec', 5),
(2358, 'Şumugiu', 5),
(2359, 'Dumbrava', 5),
(2360, 'Dumbrăviţa', 5),
(2361, 'Forosig', 5),
(2362, 'Hodiş', 5),
(2363, 'Lupoaia', 5),
(2364, 'Valea Mare de Codru', 5),
(2365, 'Vintere', 5),
(2366, 'Fonău', 5),
(2367, 'Miersig', 5),
(2368, 'Oşand', 5),
(2369, 'Sititelec', 5),
(2370, 'Botean', 5),
(2371, 'Husasău de Criş', 5),
(2372, 'Bicăcel', 5),
(2373, 'Calea Mare', 5),
(2374, 'Cărăndeni', 5),
(2375, 'Cărănzel', 5),
(2376, 'Gepiş', 5),
(2377, 'Gruilung', 5),
(2378, 'Miheleu', 5),
(2379, 'Băleni', 5),
(2380, 'Cusuiuş', 5),
(2381, 'Hinchiriş', 5),
(2382, 'Lugaşu de Sus', 5),
(2383, 'Urvind', 5),
(2384, 'Briheni', 5),
(2385, 'Hotărel', 5),
(2386, 'Seghişte', 5),
(2387, 'Sârbeşti', 5),
(2388, 'Şuştiu', 5),
(2389, 'Homorog', 5),
(2390, 'Ianoşda', 5),
(2391, 'Marţihaz', 5),
(2392, 'Butani', 5),
(2393, 'Cacuciu Nou', 5),
(2394, 'Dobricioneşti', 5),
(2395, 'Gălăşeni', 5),
(2396, 'Josani', 5),
(2397, 'Ortiteag', 5);
INSERT INTO `valuation_city` (`id`, `name`, `area_id`) VALUES
(2398, 'Cheţ', 5),
(2399, 'Ghenetea', 5),
(2400, 'Apateu', 5),
(2401, 'Chişirid', 5),
(2402, 'Leş', 5),
(2403, 'Livada de Bihor', 5),
(2404, 'Păuşa', 5),
(2405, 'Şauaieu', 5),
(2406, 'Băiţa', 5),
(2407, 'Băiţa-Plai', 5),
(2408, 'Călacea', 5),
(2409, 'Hodişel', 5),
(2410, 'Ucuriş', 5),
(2411, 'Alparea', 5),
(2412, 'Cheriu', 5),
(2413, 'Felcheriu', 5),
(2414, 'Fughiu', 5),
(2415, 'Săldăbagiu de Munte', 5),
(2416, 'Uileacu de Munte', 5),
(2417, 'Chişcău', 5),
(2418, 'Cociuba Mică', 5),
(2419, 'Giuleşti', 5),
(2420, 'Gurani', 5),
(2421, 'Moţeşti', 5),
(2422, 'Măgura', 5),
(2423, 'Feneriş', 5),
(2424, 'Petrani', 5),
(2425, 'Poietari', 5),
(2426, 'Sânmartin de Beiuş', 5),
(2427, 'Coşdeni', 5),
(2428, 'Câmpani de Pomezeu', 5),
(2429, 'Hidiş', 5),
(2430, 'Lacu Sărat', 5),
(2431, 'Sitani', 5),
(2432, 'Spinuş de Pomezeu', 5),
(2433, 'Vălani de Pomezeu', 5),
(2434, 'Bistra', 5),
(2435, 'Budoi', 5),
(2436, 'Cuzap', 5),
(2437, 'Varviz', 5),
(2438, 'Voivozi', 5),
(2439, 'Vărzari', 5),
(2440, 'Albeşti', 5),
(2441, 'Brăteşti', 5),
(2442, 'Salişte de Pomezeu', 5),
(2443, 'Săucani', 5),
(2444, 'Vărăşeni', 5),
(2445, 'Drăgoteni', 5),
(2446, 'Meziad', 5),
(2447, 'Petreasa', 5),
(2448, 'Soimuş', 5),
(2449, 'Cucuceni', 5),
(2450, 'Ghighişeni', 5),
(2451, 'Petrileni', 5),
(2452, 'Sudrigiu', 5),
(2453, 'Valea de Jos', 5),
(2454, 'Lazuri', 5),
(2455, 'Mihai Bravu', 5),
(2456, 'Vaida', 5),
(2457, 'Borşa', 5),
(2458, 'Săbolciu', 5),
(2459, 'Cadea', 5),
(2460, 'Ciocaia', 5),
(2461, 'Cubulcut', 5),
(2462, 'Olosig', 5),
(2463, 'Sânnicolau de Munte', 5),
(2464, 'Otomani', 5),
(2465, 'Hodoş', 5),
(2466, 'Sântimreu', 5),
(2467, 'Copăceni', 5),
(2468, 'Ogeşti', 5),
(2469, 'Rogoz', 5),
(2470, 'Rotăreşti', 5),
(2471, 'Zăvoiu', 5),
(2472, 'Betfia', 5),
(2473, 'Băile Felix', 5),
(2474, 'Cihei', 5),
(2475, 'Cordău', 5),
(2476, 'Haieu', 5),
(2477, 'Rontău', 5),
(2478, 'Berechiu', 5),
(2479, 'Roit', 5),
(2480, 'Palota', 5),
(2481, 'Almaşu Mic', 5),
(2482, 'Burzuc', 5),
(2483, 'Chioag', 5),
(2484, 'Fegernic', 5),
(2485, 'Fegernicu Nou', 5),
(2486, 'Sarcău', 5),
(2487, 'Voivozi', 5),
(2488, 'Şilindru', 5),
(2489, 'Huta Voivozi', 5),
(2490, 'Socet', 5),
(2491, 'Valea Târnei', 5),
(2492, 'Borz', 5),
(2493, 'Codru', 5),
(2494, 'Dumbrăviţa de Codru', 5),
(2495, 'Pocluşa de Beiuş', 5),
(2496, 'Sânnicolau de Beiuş', 5),
(2497, 'Ursad', 5),
(2498, 'Urviş de Beiuş', 5),
(2499, 'Ciuleşti', 5),
(2500, 'Gurbeşti', 5),
(2501, 'Nădar', 5),
(2502, 'Sălişte', 5),
(2503, 'Bălnaca', 5),
(2504, 'Bălnaca-Groşi', 5),
(2505, 'Zece Hotare', 5),
(2506, 'Borumlaca', 5),
(2507, 'Dolea', 5),
(2508, 'Foglaş', 5),
(2509, 'Valea Cerului', 5),
(2510, 'Vâlcelele', 5),
(2511, 'Niuved', 5),
(2512, 'Parhida', 5),
(2513, 'Satu Nou', 5),
(2514, 'Mierag', 5),
(2515, 'Totoreni', 5),
(2516, 'Tărcăiţa', 5),
(2517, 'Adoni', 5),
(2518, 'Galoşpetreu', 5),
(2519, 'Bogei', 5),
(2520, 'Chiribiş', 5),
(2521, 'Ciutelec', 5),
(2522, 'Poiana', 5),
(2523, 'Hotar', 5),
(2524, 'Subpiatră', 5),
(2525, 'Telechiu', 5),
(2526, 'Bălaia', 5),
(2527, 'Călătani', 5),
(2528, 'Poşoloaca', 5),
(2529, 'Tilecuş', 5),
(2530, 'Uileacu de Criş', 5),
(2531, 'Belfir', 5),
(2532, 'Girişu Negru', 5),
(2533, 'Gurbediu', 5),
(2534, 'Râpa', 5),
(2535, 'Căuaşd', 5),
(2536, 'Forău', 5),
(2537, 'Prisaca', 5),
(2538, 'Vălanii de Beiuş', 5),
(2539, 'Birtin', 5),
(2540, 'Tomnatic', 5),
(2541, 'Topa de Criş', 5),
(2542, 'Fâşca', 5),
(2543, 'Surducel', 5),
(2544, 'Şerghiş', 5),
(2545, 'Coleşti', 5),
(2546, 'Câmp', 5),
(2547, 'Câmp-Moţi', 5),
(2548, 'Vărzarii de Jos', 5),
(2549, 'Vărzarii de Sus', 5),
(2550, 'Izvoarele', 5),
(2551, 'Pădureni', 5),
(2552, 'Reghea', 5),
(2553, 'Beclean', 6),
(2554, 'Bistriţa', 6),
(2555, 'Bistriţa Bârgăului', 6),
(2556, 'Braniştea', 6),
(2557, 'Budacu de Jos', 6),
(2558, 'Budeşti', 6),
(2559, 'Chiochiş', 6),
(2560, 'Chiuza', 6),
(2561, 'Ciceu-Giurgeşti', 6),
(2562, 'Coşbuc', 6),
(2563, 'Căianu Mic', 6),
(2564, 'Dumitra', 6),
(2565, 'Dumitriţa', 6),
(2566, 'Feldru', 6),
(2567, 'Galaţii Bistriţei', 6),
(2568, 'Ilva Mare', 6),
(2569, 'Ilva Mica', 6),
(2570, 'Josenii Bârgăului', 6),
(2571, 'Lechinţa', 6),
(2572, 'Leşu', 6),
(2573, 'Livezile', 6),
(2574, 'Lunca Ilvei', 6),
(2575, 'Maieru', 6),
(2576, 'Matei', 6),
(2577, 'Miceştii de Câmpie', 6),
(2578, 'Milaş', 6),
(2579, 'Monor', 6),
(2580, 'Măgura Ilvei', 6),
(2581, 'Mărişelu', 6),
(2582, 'Negrileşti', 6),
(2583, 'Nuşeni', 6),
(2584, 'Năsăud', 6),
(2585, 'Parva', 6),
(2586, 'Poiana Ilvei', 6),
(2587, 'Prundu Bârgăului', 6),
(2588, 'Rebra', 6),
(2589, 'Rebrişoara', 6),
(2590, 'Rodna', 6),
(2591, 'Romuli', 6),
(2592, 'Salva', 6),
(2593, 'Spermezeu', 6),
(2594, 'Sângeorz-Băi', 6),
(2595, 'Teaca', 6),
(2596, 'Telciu', 6),
(2597, 'Tiha Bârgăului', 6),
(2598, 'Târlişua', 6),
(2599, 'Uriu', 6),
(2600, 'Urmeniş', 6),
(2601, 'Zagra', 6),
(2602, 'Şanţ', 6),
(2603, 'Şieu', 6),
(2604, 'Şieu-Măgheruş', 6),
(2605, 'Şieu-Odorhei', 6),
(2606, 'Şieuţ', 6),
(2607, 'Şintereag', 6),
(2608, 'Coldău', 6),
(2609, 'Figa', 6),
(2610, 'Rusu de Jos', 6),
(2611, 'Ghinda', 6),
(2612, 'Sigmir', 6),
(2613, 'Slătiniţa', 6),
(2614, 'Sărata', 6),
(2615, 'Unirea', 6),
(2616, 'Viişoara', 6),
(2617, 'Colibiţa', 6),
(2618, 'Cireşoaia', 6),
(2619, 'Măluţ', 6),
(2620, 'Buduş', 6),
(2621, 'Jelna', 6),
(2622, 'Monariu', 6),
(2623, 'Simioneşti', 6),
(2624, 'Budeşti-Fânaţe', 6),
(2625, 'Ţagu', 6),
(2626, 'Ţăgşoru', 6),
(2627, 'Ciceu-Poieni', 6),
(2628, 'Căianu Mare', 6),
(2629, 'Dobric', 6),
(2630, 'Dobricel', 6),
(2631, 'Dumbrăviţa', 6),
(2632, 'Orheiu Bistriţei', 6),
(2633, 'Petriş', 6),
(2634, 'Satu Nou', 6),
(2635, 'Apatiu', 6),
(2636, 'Bozieş', 6),
(2637, 'Buza Cătun', 6),
(2638, 'Cheţiu', 6),
(2639, 'Jimbor', 6),
(2640, 'Manic', 6),
(2641, 'Strugureni', 6),
(2642, 'Sânnicoară', 6),
(2643, 'Ţentea', 6),
(2644, 'Mireş', 6),
(2645, 'Piatra', 6),
(2646, 'Săsarm', 6),
(2647, 'Dumbrăveni', 6),
(2648, 'Bichigiu', 6),
(2649, 'Cepari', 6),
(2650, 'Tărpiu', 6),
(2651, 'Budacu de Sus', 6),
(2652, 'Ragla', 6),
(2653, 'Nepos', 6),
(2654, 'Albeştii Bistriţei', 6),
(2655, 'Dipşa', 6),
(2656, 'Herina', 6),
(2657, 'Tonciu', 6),
(2658, 'Ivăneasa', 6),
(2659, 'Mijlocenii Bârgăului', 6),
(2660, 'Rusu Bârgăului', 6),
(2661, 'Strâmba', 6),
(2662, 'Bungard', 6),
(2663, 'Chiraleş', 6),
(2664, 'Sângeorzu Nou', 6),
(2665, 'Sâniacob', 6),
(2666, 'Vermeş', 6),
(2667, 'Ţigău', 6),
(2668, 'Lunca Leşului', 6),
(2669, 'Cuşma', 6),
(2670, 'Dorolea', 6),
(2671, 'Dumbrava', 6),
(2672, 'Valea Poenii', 6),
(2673, 'Arşiţa', 6),
(2674, 'Anieş', 6),
(2675, 'Bârla', 6),
(2676, 'Domneşti', 6),
(2677, 'Jeica', 6),
(2678, 'Măgurele', 6),
(2679, 'Neţeni', 6),
(2680, 'Sântioana', 6),
(2681, 'Bidiu', 6),
(2682, 'Corvineşti', 6),
(2683, 'Enciu', 6),
(2684, 'Fântânele', 6),
(2685, 'Moruţ', 6),
(2686, 'Fântâniţa', 6),
(2687, 'Visuia', 6),
(2688, 'Comlod', 6),
(2689, 'Dupa Deal', 6),
(2690, 'Ghemeş', 6),
(2691, 'Hirean', 6),
(2692, 'Orosfaia', 6),
(2693, 'Gledin', 6),
(2694, 'Liviu Rebreanu', 6),
(2695, 'Luşca', 6),
(2696, 'Breaza', 6),
(2697, 'Purcărete', 6),
(2698, 'Floreşti', 6),
(2699, 'Mintiu', 6),
(2700, 'Mititei', 6),
(2701, 'Mocod', 6),
(2702, 'Mogoşeni', 6),
(2703, 'Nimigea de Jos', 6),
(2704, 'Nimigea de Sus', 6),
(2705, 'Tăure', 6),
(2706, 'Beudiu', 6),
(2707, 'Dumbrava', 6),
(2708, 'Feleac', 6),
(2709, 'Malin', 6),
(2710, 'Rusu de Sus', 6),
(2711, 'Viţa', 6),
(2712, 'Baţa', 6),
(2713, 'Ciceu-Corabia', 6),
(2714, 'Ciceu-Mihăieşti', 6),
(2715, 'Leleşti', 6),
(2716, 'Reteag', 6),
(2717, 'Susenii Bârgăului', 6),
(2718, 'Gersa I', 6),
(2719, 'Gersa Ii', 6),
(2720, 'Poderei', 6),
(2721, 'Valea Vinului', 6),
(2722, 'Dealu Ştefăniţei', 6),
(2723, 'Runcu Salvei', 6),
(2724, 'Cormaia', 6),
(2725, 'Valea Borcutului', 6),
(2726, 'Brăteni', 6),
(2727, 'La Curte', 6),
(2728, 'Stupini', 6),
(2729, 'Sânmihaiu de Câmpie', 6),
(2730, 'Sălcuţa', 6),
(2731, 'Zoreni', 6),
(2732, 'Valea Mare', 6),
(2733, 'Ardan', 6),
(2734, 'Posmuş', 6),
(2735, 'Şoimuş', 6),
(2736, 'Arcalia', 6),
(2737, 'Chintelnic', 6),
(2738, 'Crainimăt', 6),
(2739, 'Podirei', 6),
(2740, 'Sărăţel', 6),
(2741, 'Valea Măgheruşului', 6),
(2742, 'Agrişu de Jos', 6),
(2743, 'Agrişu de Sus', 6),
(2744, 'Bretea', 6),
(2745, 'Coasta', 6),
(2746, 'Cristur-Şieu', 6),
(2747, 'Şirioara', 6),
(2748, 'Lunca', 6),
(2749, 'Ruştior', 6),
(2750, 'Sebiş', 6),
(2751, 'Draga', 6),
(2752, 'Fânaţele Silivaşului', 6),
(2753, 'Porumbenii', 6),
(2754, 'Silivaşu de Câmpie', 6),
(2755, 'Blăjenii de Jos', 6),
(2756, 'Blăjenii de Sus', 6),
(2757, 'Caila', 6),
(2758, 'Cociu', 6),
(2759, 'Şieu-Sfântu', 6),
(2760, 'Şintereag-Gară', 6),
(2761, 'Hălmăsău', 6),
(2762, 'Lunca Borlesei', 6),
(2763, 'Păltineasa', 6),
(2764, 'Sita', 6),
(2765, 'Şeşuri Spermezeu-Vale', 6),
(2766, 'Agrieş', 6),
(2767, 'Agrieşel', 6),
(2768, 'Borleasa', 6),
(2769, 'Cireaşi', 6),
(2770, 'Lunca Săteasca', 6),
(2771, 'Molişet', 6),
(2772, 'Oarzina', 6),
(2773, 'Răcăteşu', 6),
(2774, 'Şendroaia', 6),
(2775, 'Archiud', 6),
(2776, 'Budurleni', 6),
(2777, 'Ocniţa', 6),
(2778, 'Pinticu', 6),
(2779, 'Viile Tecii', 6),
(2780, 'Fiad', 6),
(2781, 'Telcişor', 6),
(2782, 'Ciosa', 6),
(2783, 'Mureşenii Bârgăului', 6),
(2784, 'Piatra Fântânele', 6),
(2785, 'Tureac', 6),
(2786, 'Cristeştii Ciceului', 6),
(2787, 'Hăşmaşu Ciceului', 6),
(2788, 'Ilişua', 6),
(2789, 'Coşeriu', 6),
(2790, 'Câmp', 6),
(2791, 'Delureni', 6),
(2792, 'Fânaţe', 6),
(2793, 'Podenii', 6),
(2794, 'Scoabe', 6),
(2795, 'Valea', 6),
(2796, 'Valea Mare', 6),
(2797, 'Şopteriu', 6),
(2798, 'Alunişul', 6),
(2799, 'Perişor', 6),
(2800, 'Poienile Zagrei', 6),
(2801, 'Suplai', 6),
(2802, 'Albeşti', 7),
(2803, 'Avrămeni', 7),
(2804, 'Botoşani', 7),
(2805, 'Broscăuţi', 7),
(2806, 'Brăeşti', 7),
(2807, 'Bucecea', 7),
(2808, 'Băluşeni', 7),
(2809, 'Conceşti', 7),
(2810, 'Copălău', 7),
(2811, 'Cordăreni', 7),
(2812, 'Corlăteni', 7),
(2813, 'Corni', 7),
(2814, 'Coşula', 7),
(2815, 'Coţuşca', 7),
(2816, 'Cristeşti', 7),
(2817, 'Cristineşti', 7),
(2818, 'Curteşti', 7),
(2819, 'Cândeşti', 7),
(2820, 'Călăraşi', 7),
(2821, 'Darabani', 7),
(2822, 'Dersca', 7),
(2823, 'Dimăcheni', 7),
(2824, 'Dobârceni', 7),
(2825, 'Dorohoi', 7),
(2826, 'Drăguşeni', 7),
(2827, 'Durneşti', 7),
(2828, 'Dângeni', 7),
(2829, 'Flamânzi', 7),
(2830, 'Frumuşica', 7),
(2831, 'George Enescu', 7),
(2832, 'Gorbăneşti', 7),
(2833, 'Havârna', 7),
(2834, 'Hilişeu-Horia', 7),
(2835, 'Hlipiceni', 7),
(2836, 'Hudeşti', 7),
(2837, 'Hăneşti', 7),
(2838, 'Ibăneşti', 7),
(2839, 'Leorda', 7),
(2840, 'Lozna', 7),
(2841, 'Lunca', 7),
(2842, 'Manoleasa', 7),
(2843, 'Mihăileni', 7),
(2844, 'Mihălăşeni', 7),
(2845, 'Mileanca', 7),
(2846, 'Mitoc', 7),
(2847, 'Nicşeni', 7),
(2848, 'Pomârla', 7),
(2849, 'Prăjeni', 7),
(2850, 'Păltiniş', 7),
(2851, 'Ripiceni', 7),
(2852, 'Roma', 7),
(2853, 'Româneşti', 7),
(2854, 'Răchiţi', 7),
(2855, 'Rădăuţi-Prut', 7),
(2856, 'Răuşeni', 7),
(2857, 'Santa Mare', 7),
(2858, 'Stăuceni', 7),
(2859, 'Suharău', 7),
(2860, 'Suliţa', 7),
(2861, 'Săveni', 7),
(2862, 'Todireni', 7),
(2863, 'Truşeşti', 7),
(2864, 'Tudora', 7),
(2865, 'Ungureni', 7),
(2866, 'Unţeni', 7),
(2867, 'Viişoara', 7),
(2868, 'Vlădeni', 7),
(2869, 'Vlăsineşti', 7),
(2870, 'Vorniceni', 7),
(2871, 'Vorona', 7),
(2872, 'Vârfu Câmpului', 7),
(2873, 'Văculeşti', 7),
(2874, 'Şendriceni', 7),
(2875, 'Ştefăneşti', 7),
(2876, 'Ştiubieni', 7),
(2877, 'Buimăceni', 7),
(2878, 'Coştiugeni', 7),
(2879, 'Jijia', 7),
(2880, 'Măşcăteni', 7),
(2881, 'Tudor Vladimirescu', 7),
(2882, 'Adăşeni', 7),
(2883, 'Aurel Vlaicu', 7),
(2884, 'Dimitrie Cantemir', 7),
(2885, 'Ichimeni', 7),
(2886, 'Panaitoaia', 7),
(2887, 'Timuş', 7),
(2888, 'Tudor Vladimirescu', 7),
(2889, 'Zoiţani', 7),
(2890, 'Buzeni', 7),
(2891, 'Băluşenii Noi', 7),
(2892, 'Coşuleni', 7),
(2893, 'Draxini', 7),
(2894, 'Zăiceşti', 7),
(2895, 'Blândeşti', 7),
(2896, 'Cerchejeni', 7),
(2897, 'Şoldăneşti', 7),
(2898, 'Poiana', 7),
(2899, 'Popeni', 7),
(2900, 'Vâlcelele', 7),
(2901, 'Slobozia', 7),
(2902, 'Bohoghina', 7),
(2903, 'Călineşti', 7),
(2904, 'Libertatea', 7),
(2905, 'Pleşani', 7),
(2906, 'Călineşti', 7),
(2907, 'Talpa', 7),
(2908, 'Viţcani', 7),
(2909, 'Movileni', 7),
(2910, 'Cerbu', 7),
(2911, 'Cotu', 7),
(2912, 'Griviţa', 7),
(2913, 'Slobozia', 7),
(2914, 'Carasa', 7),
(2915, 'Podeni', 7),
(2916, 'Vlădeni', 7),
(2917, 'Balta Arsă', 7),
(2918, 'Mesteacăn', 7),
(2919, 'Sarafineşti', 7),
(2920, 'Buda', 7),
(2921, 'Pădureni', 7),
(2922, 'Şupitca', 7),
(2923, 'Avram Iancu', 7),
(2924, 'Cotu Miculinţi', 7),
(2925, 'Crasnaleuca', 7),
(2926, 'Ghireni', 7),
(2927, 'Mihail Kogălniceanu', 7),
(2928, 'Nichiteni', 7),
(2929, 'Nicolae Bălcescu', 7),
(2930, 'Puţureni', 7),
(2931, 'Oneaga', 7),
(2932, 'Schit-Orăşeni', 7),
(2933, 'Unguroaia', 7),
(2934, 'Baranca', 7),
(2935, 'Dragalina', 7),
(2936, 'Fundu Herţii', 7),
(2937, 'Poiana', 7),
(2938, 'Dămileni', 7),
(2939, 'Agafton', 7),
(2940, 'Băiceni', 7),
(2941, 'Hudum', 7),
(2942, 'Mănăstirea Doamnei', 7),
(2943, 'Orăşeni-Deal', 7),
(2944, 'Orăşeni-Vale', 7),
(2945, 'Hulub', 7),
(2946, 'Iacobeni', 7),
(2947, 'Strahotin', 7),
(2948, 'Bajura', 7),
(2949, 'Eşanca', 7),
(2950, 'Lismăniţa', 7),
(2951, 'Mateieni', 7),
(2952, 'Recia-Verbia', 7),
(2953, 'Bivolari', 7),
(2954, 'Brăteni', 7),
(2955, 'Cişmăneşti', 7),
(2956, 'Livada', 7),
(2957, 'Murguţa', 7),
(2958, 'Dealu Mare', 7),
(2959, 'Loturi Enescu', 7),
(2960, 'Progresul', 7),
(2961, 'Podriga', 7),
(2962, 'Sarata-Drăguşeni', 7),
(2963, 'Broşteni', 7),
(2964, 'Bârsăneşti', 7),
(2965, 'Băbiceni', 7),
(2966, 'Cucuteni', 7),
(2967, 'Guranda', 7),
(2968, 'Chiţoveni', 7),
(2969, 'Nicolae Bălcescu', 7),
(2970, 'Poiana', 7),
(2971, 'Prisăcani', 7),
(2972, 'Boscoteni', 7),
(2973, 'Rădeni', 7),
(2974, 'Storeşti', 7),
(2975, 'Vlădeni-Deal', 7),
(2976, 'Şendreni', 7),
(2977, 'Arborea', 7),
(2978, 'Dumeni', 7),
(2979, 'Popeni', 7),
(2980, 'Stânca', 7),
(2981, 'Bătrâneşti', 7),
(2982, 'George Coşbuc', 7),
(2983, 'Mihai Eminescu', 7),
(2984, 'Silişcani', 7),
(2985, 'Socrujeni', 7),
(2986, 'Viforeni', 7),
(2987, 'Vânători', 7),
(2988, 'Borolea', 7),
(2989, 'Moara Jorii', 7),
(2990, 'Sarata-Basarab', 7),
(2991, 'Slobozia Hăneşti', 7),
(2992, 'Balinţi', 7),
(2993, 'Galbeni', 7),
(2994, 'Gârbeni', 7),
(2995, 'Niculcea', 7),
(2996, 'Tătărăşeni', 7),
(2997, 'Corjăuţi', 7),
(2998, 'Hilişeu-Cloşca', 7),
(2999, 'Hilişeu-Crişan', 7),
(3000, 'Iezer', 7),
(3001, 'Dragalina', 7),
(3002, 'Victoria', 7),
(3003, 'Alba', 7),
(3004, 'Baranca', 7),
(3005, 'Mlenăuţi', 7),
(3006, 'Başeu', 7),
(3007, 'Vatra', 7),
(3008, 'Dumbrăviţa', 7),
(3009, 'Belcea', 7),
(3010, 'Costineşti', 7),
(3011, 'Dolina', 7),
(3012, 'Mitoc', 7),
(3013, 'Străteni', 7),
(3014, 'Stroieşti', 7),
(3015, 'Zlătunoaia', 7),
(3016, 'Bold', 7),
(3017, 'Flondora', 7),
(3018, 'Iorga', 7),
(3019, 'Liveni', 7),
(3020, 'Loturi', 7),
(3021, 'Manoleasa-Prut', 7),
(3022, 'Sadoveni', 7),
(3023, 'Zahoreni', 7),
(3024, 'Şerpeniţa', 7),
(3025, 'Baisa', 7),
(3026, 'Cerviceşti', 7),
(3027, 'Cerviceşti-Deal', 7),
(3028, 'Cucorăni', 7),
(3029, 'Cătămăreşti', 7),
(3030, 'Cătămăreşti-Deal', 7),
(3031, 'Ipoteşti', 7),
(3032, 'Manoleşti', 7),
(3033, 'Stânceşti', 7),
(3034, 'Pârâu Negru', 7),
(3035, 'Rogojeşti', 7),
(3036, 'Caraiman', 7),
(3037, 'Negreşti', 7),
(3038, 'Năstase', 7),
(3039, 'Păun', 7),
(3040, 'Sarata', 7),
(3041, 'Slobozia Silişcani', 7),
(3042, 'Codreni', 7),
(3043, 'Scutari', 7),
(3044, 'Seliştea', 7),
(3045, 'Horia', 7),
(3046, 'Dacia', 7),
(3047, 'Dorobanţi', 7),
(3048, 'Cuzlău', 7),
(3049, 'Horodiştea', 7),
(3050, 'Slobozia', 7),
(3051, 'Hulubeşti', 7),
(3052, 'Racovăţ', 7),
(3053, 'Câmpeni', 7),
(3054, 'Lupăria', 7),
(3055, 'Miletin', 7),
(3056, 'Cişmea', 7),
(3057, 'Costeşti', 7),
(3058, 'Roşiori', 7),
(3059, 'Miorcani', 7),
(3060, 'Rediu', 7),
(3061, 'Doina', 7),
(3062, 'Pogorăşti', 7),
(3063, 'Rediu', 7),
(3064, 'Stolniceni', 7),
(3065, 'Cinghiniia', 7),
(3066, 'Lehneşti', 7),
(3067, 'Movila Ruptă', 7),
(3068, 'Popoaia', 7),
(3069, 'Ripicenii Vechi', 7),
(3070, 'Râşca', 7),
(3071, 'Cotârgaci', 7),
(3072, 'Dămideni', 7),
(3073, 'Româneşti-Vale', 7),
(3074, 'Sărata', 7),
(3075, 'Berza', 7),
(3076, 'Bogdăneşti', 7),
(3077, 'Bădărăi', 7),
(3078, 'Durneşti', 7),
(3079, 'Ilişeni', 7),
(3080, 'Rânghileşti', 7),
(3081, 'Rânghileşti-Deal', 7),
(3082, 'Bodeasa', 7),
(3083, 'Bozieni', 7),
(3084, 'Chişcăreni', 7),
(3085, 'Petricani', 7),
(3086, 'Sat Nou', 7),
(3087, 'Horlăceni', 7),
(3088, 'Pădureni', 7),
(3089, 'Siliştea', 7),
(3090, 'Tocileni', 7),
(3091, 'Victoria', 7),
(3092, 'Bobuleşti', 7),
(3093, 'Bădiuţi', 7),
(3094, 'Stânca', 7),
(3095, 'Ştefăneşti-Sat', 7),
(3096, 'Ibăneasa', 7),
(3097, 'Negreni', 7),
(3098, 'Izvoare', 7),
(3099, 'Lişna', 7),
(3100, 'Oroftiana', 7),
(3101, 'Plevna', 7),
(3102, 'Smârdan', 7),
(3103, 'Cheliş', 7),
(3104, 'Dracşani', 7),
(3105, 'Cerneşti', 7),
(3106, 'Floreşti', 7),
(3107, 'Gârbeşti', 7),
(3108, 'Iureşti', 7),
(3109, 'Buhăceni', 7),
(3110, 'Ciritei', 7),
(3111, 'Drislea', 7),
(3112, 'Ionăşeni', 7),
(3113, 'Păsăteni', 7),
(3114, 'Borzeşti', 7),
(3115, 'Călugăreni', 7),
(3116, 'Călugărenii Noi', 7),
(3117, 'Durneşti', 7),
(3118, 'Mihai Viteazu', 7),
(3119, 'Mândreşti', 7),
(3120, 'Plopenii Mari', 7),
(3121, 'Plopenii Mici', 7),
(3122, 'Tăuteşti', 7),
(3123, 'Vicoleni', 7),
(3124, 'Burla', 7),
(3125, 'Burleşti', 7),
(3126, 'Mânăstireni', 7),
(3127, 'Soroceni', 7),
(3128, 'Valea Grajdului', 7),
(3129, 'Vultureni', 7),
(3130, 'Gorovei', 7),
(3131, 'Sauceniţa', 7),
(3132, 'Ionăşeni', 7),
(3133, 'Lunca', 7),
(3134, 'Cuza Vodă', 7),
(3135, 'Viişoara Mică', 7),
(3136, 'Brehuieşti', 7),
(3137, 'Hrişcani', 7),
(3138, 'Huţani', 7),
(3139, 'Mândreşti', 7),
(3140, 'Miron Costin', 7),
(3141, 'Sârbi', 7),
(3142, 'Davidoaia', 7),
(3143, 'Dealu Crucii', 7),
(3144, 'Icuşeni', 7),
(3145, 'Joldeşti', 7),
(3146, 'Poiana', 7),
(3147, 'Vorona Mare', 7),
(3148, 'Vorona-Teodoru', 7),
(3149, 'Dobrinăuţi-Hapăi', 7),
(3150, 'Maghera', 7),
(3151, 'Pustoaia', 7),
(3152, 'Berteştii de Jos', 8),
(3153, 'Bordei Verde', 8),
(3154, 'Brăila', 8),
(3155, 'Bărăganul', 8),
(3156, 'Cazasu', 8),
(3157, 'Chişcani', 8),
(3158, 'Ciocile', 8),
(3159, 'Cireşu', 8),
(3160, 'Dudeşti', 8),
(3161, 'Frecăţei', 8),
(3162, 'Făurei', 8),
(3163, 'Galbenu', 8),
(3164, 'Gemenele', 8),
(3165, 'Gradiştea', 8),
(3166, 'Gropeni', 8),
(3167, 'Ianca', 8),
(3168, 'Jirlău', 8),
(3169, 'Mircea Vodă', 8),
(3170, 'Movila Miresii', 8),
(3171, 'Măraşu', 8),
(3172, 'Măxineni', 8),
(3173, 'Racoviţă', 8),
(3174, 'Romanu', 8),
(3175, 'Roşiori', 8),
(3176, 'Râmnicelu', 8),
(3177, 'Salcia Tudor', 8),
(3178, 'Scorţaru Nou', 8),
(3179, 'Siliştea', 8),
(3180, 'Stăncuţa', 8),
(3181, 'Surdila-Greci', 8),
(3182, 'Surdila-Găiseanca', 8),
(3183, 'Tichileşti', 8),
(3184, 'Traian', 8),
(3185, 'Tudor Vladimirescu', 8),
(3186, 'Tufeşti', 8),
(3187, 'Ulmu', 8),
(3188, 'Unirea', 8),
(3189, 'Victoria', 8),
(3190, 'Viziru', 8),
(3191, 'Vişani', 8),
(3192, 'Vădeni', 8),
(3193, 'Zăvoaia', 8),
(3194, 'Însurăţei', 8),
(3195, 'Şuţeşti', 8),
(3196, 'Berteştii de Sus', 8),
(3197, 'Gura Călmăţui', 8),
(3198, 'Gura Gârluţei', 8),
(3199, 'Nicoleşti', 8),
(3200, 'Spiru Haret', 8),
(3201, 'Constantin Gabrielescu', 8),
(3202, 'Filiu', 8),
(3203, 'Lişcoteanca', 8),
(3204, 'Lacu Sărat', 8),
(3205, 'Vărsătura', 8),
(3206, 'Chichineţu', 8),
(3207, 'Chioibaşeşti', 8),
(3208, 'Odăieni', 8),
(3209, 'Batogu', 8),
(3210, 'Ioneşti', 8),
(3211, 'Scărlăteşti', 8),
(3212, 'Vultureni', 8),
(3213, 'Bumbăcari', 8),
(3214, 'Tătaru', 8),
(3215, 'Agaua', 8),
(3216, 'Cistia', 8),
(3217, 'Salcia', 8),
(3218, 'Stoieneşti', 8),
(3219, 'Titcov', 8),
(3220, 'Drogu', 8),
(3221, 'Pântecani', 8),
(3222, 'Sătuc', 8),
(3223, 'Zamfireşti', 8),
(3224, 'Găvani', 8),
(3225, 'Ibrianu', 8),
(3226, 'Maraloiu', 8),
(3227, 'Berleşti', 8),
(3228, 'Gara Ianca', 8),
(3229, 'Oprişeneşti', 8),
(3230, 'Perişoru', 8),
(3231, 'Plopu', 8),
(3232, 'Târlele Filiu', 8),
(3233, 'Lacu Rezii', 8),
(3234, 'Măru Roşu', 8),
(3235, 'Valea Călmăţuiului', 8),
(3236, 'Brădeanca', 8),
(3237, 'Băndoiu', 8),
(3238, 'Măgureni', 8),
(3239, 'Nedeicu', 8),
(3240, 'Plopi', 8),
(3241, 'Ţăcău', 8),
(3242, 'Corbu Nou', 8),
(3243, 'Corbu Vechi', 8),
(3244, 'Latinu', 8),
(3245, 'Voineşti', 8),
(3246, 'Deduleşti', 8),
(3247, 'Esna', 8),
(3248, 'Ţepeş Vodă', 8),
(3249, 'Corbeni', 8),
(3250, 'Custura', 8),
(3251, 'Boarca', 8),
(3252, 'Constantineşti', 8),
(3253, 'Mihail Kogălniceanu', 8),
(3254, 'Oancea', 8),
(3255, 'Colţea', 8),
(3256, 'Florica', 8),
(3257, 'Pribeagu', 8),
(3258, 'Ariciu', 8),
(3259, 'Cuza Vodă', 8),
(3260, 'Gulianca', 8),
(3261, 'Olăneasca', 8),
(3262, 'Deşiraţi', 8),
(3263, 'Gurguieţi', 8),
(3264, 'Nicolae Bălcescu', 8),
(3265, 'Pitulaţi', 8),
(3266, 'Sihleanu', 8),
(3267, 'Cotu Lung', 8),
(3268, 'Cotu Mihalea', 8),
(3269, 'Muchea', 8),
(3270, 'Mărtăceşti', 8),
(3271, 'Vameşu', 8),
(3272, 'Cuza Vodă', 8),
(3273, 'Polizeşti', 8),
(3274, 'Stanca', 8),
(3275, 'Filipeşti', 8),
(3276, 'Brateşu Vechi', 8),
(3277, 'Făurei Sat', 8),
(3278, 'Horia', 8),
(3279, 'Mihail Kogălniceanu', 8),
(3280, 'Albina', 8),
(3281, 'Căldăruşa', 8),
(3282, 'Silistraru', 8),
(3283, 'Urleasca', 8),
(3284, 'Comăneasca', 8),
(3285, 'Scorţaru Vechi', 8),
(3286, 'Jugureanu', 8),
(3287, 'Moroteşti', 8),
(3288, 'Valea Cânepii', 8),
(3289, 'Baldovineşti', 8),
(3290, 'Pietroiu', 8),
(3291, 'Mihai Bravu', 8),
(3292, 'Câineni-Băi', 8),
(3293, 'Plăsoiu', 8),
(3294, 'Lanurile', 8),
(3295, 'Dudescu', 8),
(3296, 'Apaţa', 9),
(3297, 'Beclean', 9),
(3298, 'Bod', 9),
(3299, 'Bran', 9),
(3300, 'Braşov', 9),
(3301, 'Budila', 9),
(3302, 'Buneşti', 9),
(3303, 'Caţa', 9),
(3304, 'Cincu', 9),
(3305, 'Codlea', 9),
(3306, 'Cristian', 9),
(3307, 'Crizbav', 9),
(3308, 'Dumbrăviţa', 9),
(3309, 'Feldioara', 9),
(3310, 'Fundata', 9),
(3311, 'Făgăraş', 9),
(3312, 'Ghimbav', 9),
(3313, 'Hoghiz', 9),
(3314, 'Homorod', 9),
(3315, 'Hârseni', 9),
(3316, 'Hălchiu', 9),
(3317, 'Hărman', 9),
(3318, 'Jibert', 9),
(3319, 'Lisa', 9),
(3320, 'Mândra', 9),
(3321, 'Măieruş', 9),
(3322, 'Ormeniş', 9),
(3323, 'Poiana Mărului', 9),
(3324, 'Predeal', 9),
(3325, 'Prejmer', 9),
(3326, 'Părău', 9),
(3327, 'Racoş', 9),
(3328, 'Recea', 9),
(3329, 'Rupea', 9),
(3330, 'Râşnov', 9),
(3331, 'Sâmbăta de Sus', 9),
(3332, 'Sânpetru', 9),
(3333, 'Săcele', 9),
(3334, 'Teliu', 9),
(3335, 'Tărlungeni', 9),
(3336, 'Ungra', 9),
(3337, 'Vama Buzăului', 9),
(3338, 'Victoria', 9),
(3339, 'Voila', 9),
(3340, 'Vulcan', 9),
(3341, 'Zărneşti', 9),
(3342, 'Şercaia', 9),
(3343, 'Şinca Nouă', 9),
(3344, 'Şoarş', 9),
(3345, 'Boholţ', 9),
(3346, 'Calbor', 9),
(3347, 'Hurez', 9),
(3348, 'Luţa', 9),
(3349, 'Colonia Bod', 9),
(3350, 'Predeluţ', 9),
(3351, 'Sohodol', 9),
(3352, 'Şimon', 9),
(3353, 'Poiana Braşov', 9),
(3354, 'Criţ', 9),
(3355, 'Meşendorf', 9),
(3356, 'Roadeş', 9),
(3357, 'Viscri', 9),
(3358, 'Beia', 9),
(3359, 'Drăuşeni', 9),
(3360, 'Ioneşti', 9),
(3361, 'Paloş', 9),
(3362, 'Toarcla', 9),
(3363, 'Comana de Jos', 9),
(3364, 'Comana de Sus', 9),
(3365, 'Crihalma', 9),
(3366, 'Ticuşu Nou', 9),
(3367, 'Cutuş', 9),
(3368, 'Vlădeni', 9),
(3369, 'Colonia Reconstrucţia', 9),
(3370, 'Rotbav', 9),
(3371, 'Fundăţica', 9),
(3372, 'Şirnea', 9),
(3373, 'Satu Nou', 9),
(3374, 'Podu Oltului', 9),
(3375, 'Copăcel', 9),
(3376, 'Măliniş', 9),
(3377, 'Mărgineni', 9),
(3378, 'Sebeş', 9),
(3379, 'Bogata Olteană', 9),
(3380, 'Cuciulata', 9),
(3381, 'Dopca', 9),
(3382, 'Fântâna', 9),
(3383, 'Lupşa', 9),
(3384, 'Jimbor', 9),
(3385, 'Mercheaşa', 9),
(3386, 'Dacia', 9),
(3387, 'Grânari', 9),
(3388, 'Lovnic', 9),
(3389, 'Văleni', 9),
(3390, 'Breaza', 9),
(3391, 'Pojorta', 9),
(3392, 'Arini', 9),
(3393, 'Ileni', 9),
(3394, 'Râuşor', 9),
(3395, 'Toderiţa', 9),
(3396, 'Şona', 9),
(3397, 'Cheia', 9),
(3398, 'Drumul Carului', 9),
(3399, 'Moieciu de Jos', 9),
(3400, 'Moieciu de Sus', 9),
(3401, 'Măgura', 9),
(3402, 'Peştera', 9),
(3403, 'Augustin', 9),
(3404, 'Grid', 9),
(3405, 'Veneţia de Jos', 9),
(3406, 'Veneţia de Sus', 9),
(3407, 'Pârâul Rece', 9),
(3408, 'Timişu de Jos', 9),
(3409, 'Timişu de Sus', 9),
(3410, 'Lunca Calnicului', 9),
(3411, 'Stupinii Prejmerului', 9),
(3412, 'Mateiaş', 9),
(3413, 'Berivoi', 9),
(3414, 'Dejani', 9),
(3415, 'Gura Văii', 9),
(3416, 'Iaşi', 9),
(3417, 'Săsciori', 9),
(3418, 'Săvăstreni', 9),
(3419, 'Fişer', 9),
(3420, 'Staţiunea Climaterică Sâmbăta', 9),
(3421, 'Hălmeag', 9),
(3422, 'Vad', 9),
(3423, 'Bucium', 9),
(3424, 'Ohaba', 9),
(3425, 'Perşani', 9),
(3426, 'Vâlcea', 9),
(3427, 'Şercăiţa', 9),
(3428, 'Şinca Veche', 9),
(3429, 'Paltin', 9),
(3430, 'Bărcut', 9),
(3431, 'Felmer', 9),
(3432, 'Rodbav', 9),
(3433, 'Seliştat', 9),
(3434, 'Cărpiniş', 9),
(3435, 'Purcăreni', 9),
(3436, 'Zizin', 9),
(3437, 'Cobor', 9),
(3438, 'Ticuşu Vechi', 9),
(3439, 'Corbi', 9),
(3440, 'Feldioara', 9),
(3441, 'Ucea de Jos', 9),
(3442, 'Ucea de Sus', 9),
(3443, 'Dăişoara', 9),
(3444, 'Acriş', 9),
(3445, 'Buzăiel', 9),
(3446, 'Dălghiu', 9),
(3447, 'Drăguş', 9),
(3448, 'Olteţ', 9),
(3449, 'Rucăr', 9),
(3450, 'Viştea de Jos', 9),
(3451, 'Viştea de Sus', 9),
(3452, 'Viştişoara', 9),
(3453, 'Cincşor', 9),
(3454, 'Dridif', 9),
(3455, 'Ludişor', 9),
(3456, 'Sâmbăta de Jos', 9),
(3457, 'Voivodeni', 9),
(3458, 'Colonia 1 Mai', 9),
(3459, 'Holbav', 9),
(3460, 'Tohanu Nou', 9),
(3461, 'Sector 1', 10),
(3462, 'Sector 2', 10),
(3463, 'Sector 3', 10),
(3464, 'Sector 4', 10),
(3465, 'Sector 5', 10),
(3466, 'Sector 6', 10),
(3467, 'Amaru', 11),
(3468, 'Balta Albă', 11),
(3469, 'Beceni', 11),
(3470, 'Berca', 11),
(3471, 'Bisoca', 11),
(3472, 'Blăjani', 11),
(3473, 'Boldu', 11),
(3474, 'Bozioru', 11),
(3475, 'Breaza', 11),
(3476, 'Brădeanu', 11),
(3477, 'Brăeşti', 11),
(3478, 'Buda', 11),
(3479, 'Buzău', 11),
(3480, 'Bălăceanu', 11),
(3481, 'C.a. Rosetti', 11),
(3482, 'Calvini', 11),
(3483, 'Cernăteşti', 11),
(3484, 'Chiliile', 11),
(3485, 'Chiojdu', 11),
(3486, 'Cilibia', 11),
(3487, 'Cislău', 11),
(3488, 'Cochirleanca', 11),
(3489, 'Colţi', 11),
(3490, 'Costeşti', 11),
(3491, 'Cozieni', 11),
(3492, 'Căneşti', 11),
(3493, 'Cătina', 11),
(3494, 'Ghergheasa', 11),
(3495, 'Gherăseni', 11),
(3496, 'Glodeanu Sărat', 11),
(3497, 'Glodeanu-Siliştea', 11),
(3498, 'Grebănu', 11),
(3499, 'Gura Teghii', 11),
(3500, 'Gălbinaşi', 11),
(3501, 'Largu', 11),
(3502, 'Lopătari', 11),
(3503, 'Luciu', 11),
(3504, 'Merei', 11),
(3505, 'Mihăileşti', 11),
(3506, 'Movila Banului', 11),
(3507, 'Murgeşti', 11),
(3508, 'Mânzăleşti', 11),
(3509, 'Măgura', 11),
(3510, 'Mărgăriteşti', 11),
(3511, 'Mărăcineni', 11),
(3512, 'Nehoiu', 11),
(3513, 'Năeni', 11),
(3514, 'Odăile', 11),
(3515, 'Padina', 11),
(3516, 'Pardoşi', 11),
(3517, 'Pietroasele', 11),
(3518, 'Podgoria', 11),
(3519, 'Pogoanele', 11),
(3520, 'Poşta Câlnău', 11),
(3521, 'Pârscov', 11),
(3522, 'Pănătău', 11),
(3523, 'Pătârlagele', 11),
(3524, 'Racoviţeni', 11),
(3525, 'Robeasca', 11),
(3526, 'Ruşeţu', 11),
(3527, 'Râmnicelu', 11),
(3528, 'Râmnicu Sărat', 11),
(3529, 'Scorţoasa', 11),
(3530, 'Scutelnici', 11),
(3531, 'Smeeni', 11),
(3532, 'Stâlpu', 11),
(3533, 'Săgeata', 11),
(3534, 'Săhăteni', 11),
(3535, 'Săpoca', 11),
(3536, 'Săruleşti', 11),
(3537, 'Tisău', 11),
(3538, 'Topliceni', 11),
(3539, 'Ulmeni', 11),
(3540, 'Vadu Paşii', 11),
(3541, 'Valea Râmnicului', 11),
(3542, 'Valea Salciei', 11),
(3543, 'Verneşti', 11),
(3544, 'Vintilă Vodă', 11),
(3545, 'Vipereşti', 11),
(3546, 'Vâlcelele', 11),
(3547, 'Ziduri', 11),
(3548, 'Zărneşti', 11),
(3549, 'Ţinteşti', 11),
(3550, 'Câmpeni', 11),
(3551, 'Dulbanu', 11),
(3552, 'Lacu Sinaia', 11),
(3553, 'Lunca', 11),
(3554, 'Scorţeanca', 11),
(3555, 'Amara', 11),
(3556, 'Băile', 11),
(3557, 'Stăvărăşti', 11),
(3558, 'Arbănaşi', 11),
(3559, 'Cărpiniştea', 11),
(3560, 'Dogari', 11),
(3561, 'Floreşti', 11),
(3562, 'Gura Dimienii', 11),
(3563, 'Izvoru Dulce', 11),
(3564, 'Mărgăriţi', 11),
(3565, 'Valea Părului', 11),
(3566, 'Băceni', 11),
(3567, 'Cojanu', 11),
(3568, 'Joseni', 11),
(3569, 'Mânăstirea Răteşti', 11),
(3570, 'Pleşcoi', 11),
(3571, 'Pleşeşti', 11),
(3572, 'Pâclele', 11),
(3573, 'Răteşti', 11),
(3574, 'Sătuc', 11),
(3575, 'Tâţârligu', 11),
(3576, 'Valea Nucului', 11),
(3577, 'Viforâta', 11),
(3578, 'Băltăgari', 11),
(3579, 'Lacurile', 11),
(3580, 'Lopătăreasa', 11),
(3581, 'Pleşi', 11),
(3582, 'Recea', 11),
(3583, 'Sările', 11),
(3584, 'Şindrila', 11),
(3585, 'Soreşti', 11),
(3586, 'Buduile', 11),
(3587, 'Fişici', 11),
(3588, 'Gresia', 11),
(3589, 'Găvanele', 11),
(3590, 'Izvoarele', 11),
(3591, 'Nucu', 11),
(3592, 'Scăeni', 11),
(3593, 'Ulmet', 11),
(3594, 'Văvălucile', 11),
(3595, 'Mitropolia', 11),
(3596, 'Smârdan', 11),
(3597, 'Brătileşti', 11),
(3598, 'Goideşti', 11),
(3599, 'Ivăneţu', 11),
(3600, 'Pinu', 11),
(3601, 'Pârscovelu', 11),
(3602, 'Ruginoasa', 11),
(3603, 'Bădeni', 11),
(3604, 'Greceanca', 11),
(3605, 'Vispeşti', 11),
(3606, 'Văleanca-Vilăneşti', 11),
(3607, 'Alexandru Odobescu', 11),
(3608, 'Dănuleşti', 11),
(3609, 'Muceşti-Dănuleşti', 11),
(3610, 'Spidele', 11),
(3611, 'Toropăleşti', 11),
(3612, 'Valea Largă', 11),
(3613, 'Bâlhacu', 11),
(3614, 'Bălteni', 11),
(3615, 'Cotu Ciorii', 11),
(3616, 'Lunca', 11),
(3617, 'Vizireni', 11),
(3618, 'Bâscenii de Jos', 11),
(3619, 'Bâscenii de Sus', 11),
(3620, 'Frăsinet', 11),
(3621, 'Olari', 11),
(3622, 'Gonţeşti', 11),
(3623, 'Negoşina', 11),
(3624, 'Păcurile', 11),
(3625, 'Valea Verzei', 11),
(3626, 'Şuchea', 11),
(3627, 'Corbu', 11),
(3628, 'Slobozia', 11),
(3629, 'Valea Cătinei', 11),
(3630, 'Zeletin', 11),
(3631, 'Aldeni', 11),
(3632, 'Băeşti', 11),
(3633, 'Căldăruşa', 11),
(3634, 'Fulga', 11),
(3635, 'Manasia', 11),
(3636, 'Vlădeni', 11),
(3637, 'Zărneştii de Slănic', 11),
(3638, 'Budeşti', 11),
(3639, 'Creveleşti', 11),
(3640, 'Ghiocari', 11),
(3641, 'Glodu-Petcari', 11),
(3642, 'Poiana Pletari', 11),
(3643, 'Trestioara', 11),
(3644, 'Bâsca Chiojdului', 11),
(3645, 'Cătiaşu', 11),
(3646, 'Lera', 11),
(3647, 'Plescioara', 11),
(3648, 'Poeniţele', 11),
(3649, 'Gara Cilibia', 11),
(3650, 'Movila Oii', 11),
(3651, 'Mânzu', 11),
(3652, 'Poşta', 11),
(3653, 'Buda Crăciuneşti', 11),
(3654, 'Bărăşti', 11),
(3655, 'Gura Bâscei', 11),
(3656, 'Scărişoara', 11),
(3657, 'Boboc', 11),
(3658, 'Gara Bobocu', 11),
(3659, 'Roşioru', 11),
(3660, 'Târlele', 11),
(3661, 'Aluniş', 11),
(3662, 'Colţii de Jos', 11),
(3663, 'Muscelu Cărămăneşti', 11),
(3664, 'Budişteni', 11),
(3665, 'Gomoeşti', 11),
(3666, 'Groşani', 11),
(3667, 'Pietrosu', 11),
(3668, 'Spătaru', 11),
(3669, 'Anini', 11),
(3670, 'Berceşti', 11),
(3671, 'Bălăneşti', 11),
(3672, 'Ciocăneşti', 11),
(3673, 'Cocârceni', 11),
(3674, 'Colţeni', 11),
(3675, 'Faţa lui Nan', 11),
(3676, 'Glodurile', 11),
(3677, 'Izvoru', 11),
(3678, 'Lungeşti', 11),
(3679, 'Nistoreşti', 11),
(3680, 'Pietraru', 11),
(3681, 'Punga', 11),
(3682, 'Teişu', 11),
(3683, 'Trestia', 11),
(3684, 'Tulburea', 11),
(3685, 'Valea Banului', 11),
(3686, 'Valea Roatei', 11),
(3687, 'Zăpodia', 11),
(3688, 'Bentu', 11),
(3689, 'Tăbărăşti', 11),
(3690, 'Sudiţi', 11),
(3691, 'Sălcioara', 11),
(3692, 'Căldăruşeanca', 11),
(3693, 'Ileana', 11),
(3694, 'Pitulicea', 11),
(3695, 'Casota', 11),
(3696, 'Corbu', 11),
(3697, 'Cotorca', 11),
(3698, 'Cârligu Mare', 11),
(3699, 'Cârligu Mic', 11),
(3700, 'Satu Nou', 11),
(3701, 'Văcăreasca', 11),
(3702, 'Homeşti', 11),
(3703, 'Livada', 11),
(3704, 'Livada Mică', 11),
(3705, 'Plevna', 11),
(3706, 'Zăplazi', 11),
(3707, 'Furtuneşti', 11),
(3708, 'Nemertea', 11),
(3709, 'Păltiniş', 11),
(3710, 'Secuiu', 11),
(3711, 'Vadu Oii', 11),
(3712, 'Varlaam', 11),
(3713, 'Scărlăteşti', 11),
(3714, 'Brebu', 11),
(3715, 'Fundata', 11),
(3716, 'Luncile', 11),
(3717, 'Pestriţu', 11),
(3718, 'Plaiu Nucului', 11),
(3719, 'Ploştina', 11),
(3720, 'Potecu', 11),
(3721, 'Săreni', 11),
(3722, 'Terca', 11),
(3723, 'Vârteju', 11),
(3724, 'Caragele', 11),
(3725, 'Ciuta', 11),
(3726, 'Unguriu', 11),
(3727, 'Beşlii', 11),
(3728, 'Buştea', 11),
(3729, 'Cireşu', 11),
(3730, 'Ghizdita', 11),
(3731, 'Gura Bădicului', 11),
(3732, 'Jghiab', 11),
(3733, 'Plavăţu', 11),
(3734, 'Poiana Vâlcului', 11),
(3735, 'Satu Vechi', 11),
(3736, 'Trestioara', 11),
(3737, 'Valea Cotoarei', 11),
(3738, 'Valea Ursului', 11),
(3739, 'Căpăţâneşti', 11),
(3740, 'Potoceni', 11),
(3741, 'Câmpulungeanca', 11),
(3742, 'Fântânele', 11),
(3743, 'Ciobănoaia', 11),
(3744, 'Dealul Viei', 11),
(3745, 'Dobrileşti', 11),
(3746, 'Gura Sărăţii', 11),
(3747, 'Izvoru Dulce', 11),
(3748, 'Lipia', 11),
(3749, 'Nenciuleşti', 11),
(3750, 'Ogrăzile', 11),
(3751, 'Sărata-Monteoru', 11),
(3752, 'Valea Puţului Merei', 11),
(3753, 'Colţăneni', 11),
(3754, 'Florica', 11),
(3755, 'Mărgineanu', 11),
(3756, 'Satu Nou', 11),
(3757, 'Cioranca', 11),
(3758, 'Limpeziş', 11),
(3759, 'Batogu', 11),
(3760, 'Valea Ratei', 11),
(3761, 'Finţeşti', 11),
(3762, 'Fântânele', 11),
(3763, 'Proşca', 11),
(3764, 'Vârf', 11),
(3765, 'Bâsca Rozilei', 11),
(3766, 'Chirleşti', 11),
(3767, 'Curmătura', 11),
(3768, 'Lunca Priporului', 11),
(3769, 'Mlăjet', 11),
(3770, 'Nehoiaşu', 11),
(3771, 'Păltineni', 11),
(3772, 'Stănila', 11),
(3773, 'Vineţişu', 11),
(3774, 'Capu Satului', 11),
(3775, 'Corneanu', 11),
(3776, 'Gorâni', 11),
(3777, 'Lacu', 11),
(3778, 'Piatra Albă', 11),
(3779, 'Posobeşti', 11),
(3780, 'Scoroşeşti', 11),
(3781, 'Valea Fântânei', 11),
(3782, 'Valea Ştefanului', 11),
(3783, 'Tătuleşti', 11),
(3784, 'Begu', 11),
(3785, 'Lacu cu Anini', 11),
(3786, 'Măguricea', 11),
(3787, 'Plăişor', 11),
(3788, 'Râpile', 11),
(3789, 'Sibiciu de Jos', 11),
(3790, 'Tega', 11),
(3791, 'Zahareşti', 11),
(3792, 'Chiperu', 11),
(3793, 'Costomiru', 11),
(3794, 'Valea lui Lalu', 11),
(3795, 'Valea Şchiopului', 11),
(3796, 'Badila', 11),
(3797, 'Curcăneşti', 11),
(3798, 'Lunca Frumoasă', 11),
(3799, 'Oleşeşti', 11),
(3800, 'Pârjoleşti', 11),
(3801, 'Robeşti', 11),
(3802, 'Runcu', 11),
(3803, 'Tocileni', 11),
(3804, 'Trestieni', 11),
(3805, 'Târcov', 11),
(3806, 'Valea Purcarului', 11),
(3807, 'Calea Chiojdului', 11),
(3808, 'Crâng', 11),
(3809, 'Fundăturile', 11),
(3810, 'Gornet', 11),
(3811, 'Lunca', 11),
(3812, 'Muşcel', 11),
(3813, 'Mănăstirea', 11),
(3814, 'Mărunţişu', 11),
(3815, 'Poienile', 11),
(3816, 'Sibiciu de Sus', 11),
(3817, 'Stroeşti', 11),
(3818, 'Valea Lupului', 11),
(3819, 'Valea Sibiciului', 11),
(3820, 'Valea Viei', 11),
(3821, 'Clondiru de Sus', 11),
(3822, 'Câlţeşti', 11),
(3823, 'Dara', 11),
(3824, 'Pietroasa Mică', 11),
(3825, 'Şarânga', 11),
(3826, 'Coţatcu', 11),
(3827, 'Oratia', 11),
(3828, 'Pleşeşti', 11),
(3829, 'Tăbăcari', 11),
(3830, 'Căldărăşti', 11),
(3831, 'Aliceni', 11),
(3832, 'Coconari', 11),
(3833, 'Potârnicheşti', 11),
(3834, 'Sudiţi', 11),
(3835, 'Zilişteanca', 11),
(3836, 'Dăscăleşti', 11),
(3837, 'Lunca', 11),
(3838, 'Măcrina', 11),
(3839, 'Nicoleşti', 11),
(3840, 'Plopi', 11),
(3841, 'Puieştii de Jos', 11),
(3842, 'Puieştii de Sus', 11),
(3843, 'Budrea', 11),
(3844, 'Petrişoru', 11),
(3845, 'Colibaşi', 11),
(3846, 'Fotin', 11),
(3847, 'Ştiubei', 11),
(3848, 'Moşeşti', 11),
(3849, 'Sergent Ionel Ştefan', 11),
(3850, 'Baniţa', 11),
(3851, 'Beilic', 11),
(3852, 'Borduşani', 11),
(3853, 'Dâmbroca', 11),
(3854, 'Găvăneşti', 11),
(3855, 'Moviliţa', 11),
(3856, 'Găgeni', 11),
(3857, 'Istriţa de Jos', 11),
(3858, 'Vintileanca', 11),
(3859, 'Măteşti', 11),
(3860, 'Cărătnău de Jos', 11),
(3861, 'Cărătnău de Sus', 11),
(3862, 'Goicelu', 11),
(3863, 'Sările-Cătun', 11),
(3864, 'Valea Largă-Săruleşti', 11),
(3865, 'Valea Stânei', 11),
(3866, 'Balta Tocila', 11),
(3867, 'Beciu', 11),
(3868, 'Deleni', 11),
(3869, 'Dâlma', 11),
(3870, 'Golu Grabicina', 11),
(3871, 'Grabicina de Jos', 11),
(3872, 'Grabicina de Sus', 11),
(3873, 'Gura Văii', 11),
(3874, 'Plopeasa', 11),
(3875, 'Policiori', 11),
(3876, 'Arcanu', 11),
(3877, 'Brăgăreasa', 11),
(3878, 'Lipănescu', 11),
(3879, 'Caşoca', 11),
(3880, 'Colţu Pietrii', 11),
(3881, 'Gura Siriului', 11),
(3882, 'Lunca Jariştei', 11),
(3883, 'Muşceluşa', 11),
(3884, 'Albeşti', 11),
(3885, 'Bălaia', 11),
(3886, 'Călţuna', 11),
(3887, 'Moisica', 11),
(3888, 'Udaţi-Lucieni', 11),
(3889, 'Udaţi-Mânzu', 11),
(3890, 'Maxenu', 11),
(3891, 'Odaia Banului', 11),
(3892, 'Pogonele', 11),
(3893, 'Bărbunceşti', 11),
(3894, 'Grăjdana', 11),
(3895, 'Haleş', 11),
(3896, 'Izvoranu', 11),
(3897, 'Izvoru', 11),
(3898, 'Leiculeşti', 11),
(3899, 'Pădurenii', 11),
(3900, 'Salcia', 11),
(3901, 'Strezeni', 11),
(3902, 'Valea Sălciilor', 11),
(3903, 'Băbeni', 11),
(3904, 'Ceairu', 11),
(3905, 'Deduleşti', 11),
(3906, 'Gura Făgetului', 11),
(3907, 'Poşta', 11),
(3908, 'Răduceşti', 11),
(3909, 'Băltăreţi', 11),
(3910, 'Clondiru', 11),
(3911, 'Sărata', 11),
(3912, 'Vâlcele', 11),
(3913, 'Ojasca', 11),
(3914, 'Băjani', 11),
(3915, 'Focşănei', 11),
(3916, 'Gura Câlnăului', 11),
(3917, 'Scurteşti', 11),
(3918, 'Stănceşti', 11),
(3919, 'Oreavul', 11),
(3920, 'Rubla', 11),
(3921, 'Modreni', 11),
(3922, 'Valea Salciei-Cătun', 11),
(3923, 'Brădeanca', 11),
(3924, 'Cândeşti', 11),
(3925, 'Cârlomăneşti', 11),
(3926, 'Mierea', 11),
(3927, 'Nenciu', 11),
(3928, 'Nişcov', 11),
(3929, 'Săsenii Noi', 11),
(3930, 'Săsenii Vechi', 11),
(3931, 'Săsenii pe Vale', 11),
(3932, 'Zoreşti', 11),
(3933, 'Bodineşti', 11),
(3934, 'Coca-Antimireşti', 11),
(3935, 'Coca-Niculeşti', 11),
(3936, 'Niculeşti', 11),
(3937, 'Petrăcheşti', 11),
(3938, 'Podu Muncii', 11),
(3939, 'Smeeşti', 11),
(3940, 'Sârbeşti', 11),
(3941, 'Muscel', 11),
(3942, 'Pălici', 11),
(3943, 'Ruşavăţ', 11),
(3944, 'Tronari', 11),
(3945, 'Ursoaia', 11),
(3946, 'Comisoaia', 11),
(3947, 'Fundeni', 11),
(3948, 'Pruneni', 11),
(3949, 'Vadu Soreşti', 11),
(3950, 'Costieni', 11),
(3951, 'Cuculeasa', 11),
(3952, 'Heliade Rădulescu', 11),
(3953, 'Lanurile', 11),
(3954, 'Zoiţa', 11),
(3955, 'Alexandru Odobescu', 12),
(3956, 'Belciugatele', 12),
(3957, 'Borcea', 12),
(3958, 'Budeşti', 12),
(3959, 'Chirnogi', 12),
(3960, 'Chiselet', 12),
(3961, 'Ciocăneşti', 12),
(3962, 'Curcani', 12),
(3963, 'Cuza Vodă', 12),
(3964, 'Călăraşi', 12),
(3965, 'Căscioarele', 12),
(3966, 'Dichiseni', 12),
(3967, 'Dor Mărunt', 12),
(3968, 'Dorobanţu', 12),
(3969, 'Dragalina', 12),
(3970, 'Dragoş Vodă', 12),
(3971, 'Frumuşani', 12),
(3972, 'Frăsinet', 12),
(3973, 'Fundeni', 12),
(3974, 'Fundulea', 12),
(3975, 'Grădiştea', 12),
(3976, 'Gurbăneşti', 12),
(3977, 'Ileana', 12),
(3978, 'Independenţa', 12),
(3979, 'Jegălia', 12),
(3980, 'Lehliu', 12),
(3981, 'Luica', 12),
(3982, 'Lupşanu', 12),
(3983, 'Mitreni', 12),
(3984, 'Modelu', 12),
(3985, 'Mânăstirea', 12),
(3986, 'Nana', 12),
(3987, 'Nicolae Bălcescu', 12),
(3988, 'Olteniţa', 12),
(3989, 'Perişoru', 12),
(3990, 'Plătăreşti', 12),
(3991, 'Radovanu', 12),
(3992, 'Roseţi', 12),
(3993, 'Sohatu', 12),
(3994, 'Spanţov', 12),
(3995, 'Săruleşti', 12),
(3996, 'Tămădău Mare', 12),
(3997, 'Ulmeni', 12),
(3998, 'Ulmu', 12),
(3999, 'Unirea', 12),
(4000, 'Valea Argovei', 12),
(4001, 'Vasilaţi', 12),
(4002, 'Vlad Ţepeş', 12),
(4003, 'Vâlcelele', 12),
(4004, 'Şoldanu', 12),
(4005, 'Ştefan Vodă', 12),
(4006, 'Ştefan cel Mare', 12),
(4007, 'Gălăţui', 12),
(4008, 'Nicolae Bălcescu', 12),
(4009, 'Cojeşti', 12),
(4010, 'Cândeasca', 12),
(4011, 'Mataraua', 12),
(4012, 'Măriuţa', 12),
(4013, 'Aprozi', 12),
(4014, 'Buciumeni', 12),
(4015, 'Crivăţ', 12),
(4016, 'Gruiu', 12),
(4017, 'Sălcioara', 12),
(4018, 'Ceacu', 12),
(4019, 'Călăraşii Vechi', 12),
(4020, 'Coslogeni', 12),
(4021, 'Libertatea', 12),
(4022, 'Satnoeni', 12),
(4023, 'Dâlga', 12),
(4024, 'Dâlga-Gară', 12),
(4025, 'Ogoru', 12),
(4026, 'Pelinu', 12),
(4027, 'Înfrăţirea', 12),
(4028, 'Boşneagu', 12),
(4029, 'Vărăşti', 12),
(4030, 'Constantin Brâncoveanu', 12),
(4031, 'Drajna Nouă', 12),
(4032, 'Bogdana', 12),
(4033, 'Socoalele', 12),
(4034, 'Curăteşti', 12),
(4035, 'Dăneşti', 12),
(4036, 'Frăsinetu de Jos', 12),
(4037, 'Luptători', 12),
(4038, 'Tăriceni', 12),
(4039, 'Orăşti', 12),
(4040, 'Pasărea', 12),
(4041, 'Piţigaia', 12),
(4042, 'Postăvari', 12),
(4043, 'Pădurişu', 12),
(4044, 'Alexandru I. Cuza', 12),
(4045, 'Gostilele', 12),
(4046, 'Bogata', 12),
(4047, 'Cuneşti', 12),
(4048, 'Rasa', 12),
(4049, 'Codreni', 12),
(4050, 'Coţofanca', 12),
(4051, 'Preasna', 12),
(4052, 'Preasna Veche', 12),
(4053, 'Valea Presnei', 12),
(4054, 'Arţari', 12),
(4055, 'Florica', 12),
(4056, 'Podari', 12),
(4057, 'Răsurile', 12),
(4058, 'Răzoarele', 12),
(4059, 'Satu Nou', 12),
(4060, 'Vlăiculeşti', 12),
(4061, 'Ştefăneşti', 12),
(4062, 'Potcoava', 12),
(4063, 'Vişinii', 12),
(4064, 'Gâldău', 12),
(4065, 'Iezeru', 12),
(4066, 'Săpunari', 12),
(4067, 'Buzoeni', 12),
(4068, 'Lehliu-Gară', 12),
(4069, 'Răzvani', 12),
(4070, 'Valea Seacă', 12),
(4071, 'Valea Stânii', 12),
(4072, 'Nucetu', 12),
(4073, 'Plevna', 12),
(4074, 'Radu Vodă', 12),
(4075, 'Valea Rusului', 12),
(4076, 'Coconi', 12),
(4077, 'Sultana', 12),
(4078, 'Clăteşti', 12),
(4079, 'Valea Roşie', 12),
(4080, 'Radu Negru', 12),
(4081, 'Stoeneşti', 12),
(4082, 'Tonea', 12),
(4083, 'Fântâna Doamnei', 12),
(4084, 'Paicu', 12),
(4085, 'Mărculeşti-Gară', 12),
(4086, 'Tudor Vladimirescu', 12),
(4087, 'Cucuieţi', 12),
(4088, 'Dorobanţu', 12),
(4089, 'Podu Pitarului', 12),
(4090, 'Valea Popii', 12),
(4091, 'Măgureni', 12),
(4092, 'Polceşti', 12),
(4093, 'Solacolu', 12),
(4094, 'Sănduliţa', 12),
(4095, 'Săruleşti-Gară', 12),
(4096, 'Sătucu', 12),
(4097, 'Progresu', 12),
(4098, 'Negoeşti', 12),
(4099, 'Cetatea Veche', 12),
(4100, 'Stancea', 12),
(4101, 'Călăreţi', 12),
(4102, 'Dârvari', 12),
(4103, 'Plumbuita', 12),
(4104, 'Săcele', 12),
(4105, 'Tămădău Mic', 12),
(4106, 'Şeinoiu', 12),
(4107, 'Chirnogi', 12),
(4108, 'Făurei', 12),
(4109, 'Zimbru', 12),
(4110, 'Oltina', 12),
(4111, 'Floroaica', 12),
(4112, 'Lunca', 12),
(4113, 'Ostrovu', 12),
(4114, 'Siliştea', 12),
(4115, 'Vlădiceasca', 12),
(4116, 'Gălbinaşi', 12),
(4117, 'Nuci', 12),
(4118, 'Popeşti', 12),
(4119, 'Mihai Viteazu', 12),
(4120, 'Anina', 13),
(4121, 'Armeniş', 13),
(4122, 'Berlişte', 13),
(4123, 'Berzasca', 13),
(4124, 'Berzovia', 13),
(4125, 'Bocşa', 13),
(4126, 'Bolvaşniţa', 13),
(4127, 'Bozovici', 13),
(4128, 'Brebu', 13),
(4129, 'Brebu Nou', 13),
(4130, 'Buchin', 13),
(4131, 'Bucoşniţa', 13),
(4132, 'Băile Herculane', 13),
(4133, 'Bănia', 13),
(4134, 'Băuţar', 13),
(4135, 'Caransebeş', 13),
(4136, 'Caraşova', 13),
(4137, 'Ciclova Română', 13),
(4138, 'Ciuchici', 13),
(4139, 'Ciudanoviţa', 13),
(4140, 'Copăcele', 13),
(4141, 'Cornea', 13),
(4142, 'Cornereva', 13),
(4143, 'Coronini', 13),
(4144, 'Cărbunari', 13),
(4145, 'Dalboşeţ', 13),
(4146, 'Doclin', 13),
(4147, 'Dognecea', 13),
(4148, 'Domaşnea', 13),
(4149, 'Eftimie Murgu', 13),
(4150, 'Ezeriş', 13),
(4151, 'Forotic', 13),
(4152, 'Fârliug', 13),
(4153, 'Glimboca', 13),
(4154, 'Goruia', 13),
(4155, 'Grădinari', 13),
(4156, 'Gârnic', 13),
(4157, 'Iablaniţa', 13),
(4158, 'Luncaviţa', 13),
(4159, 'Lupac', 13),
(4160, 'Lăpuşnicel', 13),
(4161, 'Lăpuşnicu Mare', 13),
(4162, 'Marga', 13),
(4163, 'Mehadia', 13),
(4164, 'Mehadica', 13),
(4165, 'Moldova Nouă', 13),
(4166, 'Măureni', 13),
(4167, 'Naidăş', 13),
(4168, 'Obreja', 13),
(4169, 'Ocna de Fier', 13),
(4170, 'Oraviţa', 13),
(4171, 'Oţelu Roşu', 13),
(4172, 'Pojejena', 13),
(4173, 'Prigor', 13),
(4174, 'Păltiniş', 13),
(4175, 'Ramna', 13),
(4176, 'Reşiţa', 13),
(4177, 'Rusca Montană', 13),
(4178, 'Răcăşdia', 13),
(4179, 'Sacu', 13),
(4180, 'Sasca Montană', 13),
(4181, 'Sicheviţa', 13),
(4182, 'Slatina-Timiş', 13),
(4183, 'Socol', 13),
(4184, 'Teregova', 13),
(4185, 'Ticvaniu Mare', 13),
(4186, 'Topleţ', 13),
(4187, 'Turnu Ruieni', 13),
(4188, 'Târnova', 13),
(4189, 'Vermeş', 13),
(4190, 'Vrani', 13),
(4191, 'Văliug', 13),
(4192, 'Vărădia', 13),
(4193, 'Zorlenţu Mare', 13),
(4194, 'Zăvoi', 13),
(4195, 'Şopotu Nou', 13),
(4196, 'Steierdorf', 13),
(4197, 'Feneş', 13),
(4198, 'Plopu', 13),
(4199, 'Sat Bătrân', 13),
(4200, 'Sub Margine', 13),
(4201, 'Pecinişca', 13),
(4202, 'Gârbovăţ', 13),
(4203, 'Bucova', 13),
(4204, 'Cornişoru', 13),
(4205, 'Preveciori', 13),
(4206, 'Iam', 13),
(4207, 'Milcoveni', 13),
(4208, 'Rusova Nouă', 13),
(4209, 'Rusova Veche', 13),
(4210, 'Bigăr', 13),
(4211, 'Cozla', 13),
(4212, 'Drencova', 13),
(4213, 'Liubcova', 13),
(4214, 'Fizeş', 13),
(4215, 'Gherteniş', 13),
(4216, 'Vârciorova', 13),
(4217, 'Poneasca', 13),
(4218, 'Prilipeţ', 13),
(4219, 'Valea Minişului', 13),
(4220, 'Apadia', 13),
(4221, 'Valeadeni', 13),
(4222, 'Gărâna', 13),
(4223, 'Lindenfeld', 13),
(4224, 'Poiana', 13),
(4225, 'Prisian', 13),
(4226, 'Valea Timişului', 13),
(4227, 'Goleţ', 13),
(4228, 'Petroşniţa', 13),
(4229, 'Vălişoara', 13),
(4230, 'Jupa', 13),
(4231, 'Iabalcea', 13),
(4232, 'Nermed', 13),
(4233, 'Ştinăpari', 13),
(4234, 'Ilidia', 13),
(4235, 'Socolari', 13),
(4236, 'Macovişte', 13),
(4237, 'Nicolinţ', 13),
(4238, 'Petrilova', 13),
(4239, 'Jitin', 13),
(4240, 'Căvăran', 13),
(4241, 'Maciova', 13),
(4242, 'Mâtnicu Mare', 13),
(4243, 'Peştere', 13),
(4244, 'Prisaca', 13),
(4245, 'Zăgujeni', 13),
(4246, 'Ohaba-Mâtnic', 13),
(4247, 'Ruginosu', 13),
(4248, 'Zorile', 13),
(4249, 'Cruşovăţ', 13),
(4250, 'Cuptoare', 13),
(4251, 'Macovişte', 13),
(4252, 'Arsuri', 13),
(4253, 'Bogâltin', 13),
(4254, 'Bojia', 13),
(4255, 'Borugi', 13),
(4256, 'Camena', 13),
(4257, 'Cireşel', 13),
(4258, 'Costiş', 13),
(4259, 'Cozia', 13),
(4260, 'Cracu Mare', 13),
(4261, 'Cracu Teiului', 13),
(4262, 'Dobraia', 13),
(4263, 'Dolina', 13),
(4264, 'Gruni', 13),
(4265, 'Hora Mare', 13),
(4266, 'Hora Mică', 13),
(4267, 'Ineleţ', 13),
(4268, 'Izvor', 13),
(4269, 'Lunca Florii', 13),
(4270, 'Lunca Zaicii', 13),
(4271, 'Mesteacăn', 13),
(4272, 'Negiudin', 13),
(4273, 'Obiţa', 13),
(4274, 'Pogara', 13),
(4275, 'Pogara de Sus', 13),
(4276, 'Poiana Lungă', 13),
(4277, 'Prisacina', 13),
(4278, 'Prislop', 13),
(4279, 'Ruştin', 13),
(4280, 'Scărişoara', 13),
(4281, 'Strugasca', 13),
(4282, 'Studena', 13),
(4283, 'Sub Crâng', 13),
(4284, 'Sub Plai', 13),
(4285, 'Topla', 13),
(4286, 'Zbegu', 13),
(4287, 'Zmogotin', 13),
(4288, 'Zoina', 13),
(4289, 'Zănogi', 13),
(4290, 'Ţaţu', 13),
(4291, 'Sfânta Elena', 13),
(4292, 'Boina', 13),
(4293, 'Boiniţa', 13),
(4294, 'Bârz', 13),
(4295, 'Prislop', 13),
(4296, 'Reşiţa Mică', 13),
(4297, 'Şopotu Vechi', 13),
(4298, 'Biniş', 13),
(4299, 'Tirol', 13),
(4300, 'Calina', 13),
(4301, 'Cănicea', 13),
(4302, 'Soceni', 13),
(4303, 'Dezeşti', 13),
(4304, 'Duleu', 13),
(4305, 'Remetea-Pogănici', 13),
(4306, 'Scăiuş', 13),
(4307, 'Valea Mare', 13),
(4308, 'Brezon', 13),
(4309, 'Comorâşte', 13),
(4310, 'Surducu Mare', 13),
(4311, 'Padina Matei', 13),
(4312, 'Giurgiova', 13),
(4313, 'Gârlişte', 13),
(4314, 'Greoni', 13),
(4315, 'Globu Craiovei', 13),
(4316, 'Petnic', 13),
(4317, 'Pârvova', 13),
(4318, 'Şumiţa', 13),
(4319, 'Moceriş', 13),
(4320, 'Verendin', 13),
(4321, 'Clocotici', 13),
(4322, 'Rafnic', 13),
(4323, 'Vodnic', 13),
(4324, 'Vama Marga', 13),
(4325, 'Şoşdea', 13),
(4326, 'Globurău', 13),
(4327, 'Plugova', 13),
(4328, 'Valea Bolvaşniţa', 13),
(4329, 'Moldova Veche', 13),
(4330, 'Moldoviţa', 13),
(4331, 'Măceşti', 13),
(4332, 'Lescoviţa', 13),
(4333, 'Ciuta', 13),
(4334, 'Iaz', 13),
(4335, 'Var', 13),
(4336, 'Agadici', 13),
(4337, 'Broşteni', 13),
(4338, 'Brădişoru de Jos', 13),
(4339, 'Ciclova Montană', 13),
(4340, 'Marila', 13),
(4341, 'Răchitova', 13),
(4342, 'Cireşa', 13),
(4343, 'Mal', 13),
(4344, 'Cornuţel', 13),
(4345, 'Delineşti', 13),
(4346, 'Ohabiţa', 13),
(4347, 'Rugi', 13),
(4348, 'Belobreşca', 13),
(4349, 'Divici', 13),
(4350, 'Radimna', 13),
(4351, 'Şuşca', 13),
(4352, 'Borlovenii Noi', 13),
(4353, 'Borlovenii Vechi', 13),
(4354, 'Putna', 13),
(4355, 'Pătaş', 13),
(4356, 'Vrăniuţ', 13),
(4357, 'Bărbosu', 13),
(4358, 'Valeapai', 13),
(4359, 'Cuptoare', 13),
(4360, 'Câlnic', 13),
(4361, 'Doman', 13),
(4362, 'Moniom', 13),
(4363, 'Secu', 13),
(4364, 'Ţerova', 13),
(4365, 'Ruşchiţa', 13),
(4366, 'Sălbăgelu Nou', 13),
(4367, 'Tincova', 13),
(4368, 'Bogodinţ', 13),
(4369, 'Potoc', 13),
(4370, 'Sasca Română', 13),
(4371, 'Slatina-Nera', 13),
(4372, 'Brestelnic', 13),
(4373, 'Cameniţa', 13),
(4374, 'Cracu Almăj', 13),
(4375, 'Cruşoviţa', 13),
(4376, 'Curmătura', 13),
(4377, 'Cârşie', 13),
(4378, 'Frăsiniş', 13),
(4379, 'Gornea', 13),
(4380, 'Liborajdea', 13),
(4381, 'Lucacevăţ', 13),
(4382, 'Martinovăţ', 13),
(4383, 'Ogaşu Podului', 13),
(4384, 'Streneac', 13),
(4385, 'Valea Oreviţa', 13),
(4386, 'Valea Ravensca', 13),
(4387, 'Valea Sicheviţei', 13),
(4388, 'Zănou', 13),
(4389, 'Zăsloane', 13),
(4390, 'Ilova', 13),
(4391, 'Sadova Nouă', 13),
(4392, 'Sadova Veche', 13),
(4393, 'Baziaş', 13),
(4394, 'Câmpia', 13),
(4395, 'Pârneaura', 13),
(4396, 'Zlatiţa', 13),
(4397, 'Cârşa Roşie', 13),
(4398, 'Driştie', 13),
(4399, 'Poienile Boinei', 13),
(4400, 'Ravensca', 13),
(4401, 'Răchita', 13),
(4402, 'Stăncilova', 13),
(4403, 'Urcu', 13),
(4404, 'Valea Roşie', 13),
(4405, 'Valea Răchitei', 13),
(4406, 'Bratova', 13),
(4407, 'Rusca', 13),
(4408, 'Cârnecea', 13),
(4409, 'Secăşeni', 13),
(4410, 'Ticvaniu Mic', 13),
(4411, 'Bârza', 13),
(4412, 'Borlova', 13),
(4413, 'Cicleni', 13),
(4414, 'Dalci', 13),
(4415, 'Zerveşti', 13),
(4416, 'Zlagna', 13),
(4417, 'Mercina', 13),
(4418, 'Ersig', 13),
(4419, 'Izgar', 13),
(4420, 'Ciortea', 13),
(4421, 'Iertof', 13),
(4422, '23 August', 13),
(4423, 'Măgura', 13),
(4424, 'Măru', 13),
(4425, 'Poiana Mărului', 13),
(4426, 'Valea Bistrei', 13),
(4427, 'Voislova', 13),
(4428, 'Zorlencior', 13),
(4429, 'Aghireşu', 14),
(4430, 'Aiton', 14),
(4431, 'Aluniş', 14),
(4432, 'Apahida', 14),
(4433, 'Baciu', 14),
(4434, 'Beliş', 14),
(4435, 'Bobâlna', 14),
(4436, 'Bonţida', 14),
(4437, 'Borşa', 14),
(4438, 'Buza', 14),
(4439, 'Băişoara', 14),
(4440, 'Ceanu Mare', 14),
(4441, 'Chinteni', 14),
(4442, 'Chiuieşti', 14),
(4443, 'Ciucea', 14),
(4444, 'Ciurila', 14),
(4445, 'Cluj-Napoca', 14),
(4446, 'Cojocna', 14),
(4447, 'Corneşti', 14),
(4448, 'Cuzdrioara', 14),
(4449, 'Câmpia Turzii', 14),
(4450, 'Câţcău', 14),
(4451, 'Căianu', 14),
(4452, 'Călăraşi', 14),
(4453, 'Călăţele', 14),
(4454, 'Cămăraşu', 14),
(4455, 'Căpuşu Mare', 14),
(4456, 'Cătina', 14),
(4457, 'Căşeiu', 14),
(4458, 'Dej', 14),
(4459, 'Dăbâca', 14),
(4460, 'Feleacu', 14),
(4461, 'Fizeşu Gherlii', 14),
(4462, 'Floreşti', 14),
(4463, 'Frata', 14),
(4464, 'Geaca', 14),
(4465, 'Gherla', 14),
(4466, 'Gilău', 14),
(4467, 'Gârbău', 14),
(4468, 'Huedin', 14),
(4469, 'Iara', 14),
(4470, 'Iclod', 14),
(4471, 'Izvoru Crişului', 14),
(4472, 'Jichişu de Jos', 14),
(4473, 'Luna', 14),
(4474, 'Mica', 14),
(4475, 'Mihai Viteazu', 14),
(4476, 'Mintiu Gherlii', 14),
(4477, 'Mociu', 14),
(4478, 'Moldoveneşti', 14),
(4479, 'Măguri-Răcătău', 14),
(4480, 'Mănăstireni', 14),
(4481, 'Mărgău', 14),
(4482, 'Mărişel', 14),
(4483, 'Negreni', 14),
(4484, 'Panticeu', 14),
(4485, 'Petreştii de Jos', 14),
(4486, 'Ploscoş', 14),
(4487, 'Poieni', 14),
(4488, 'Pălatca', 14),
(4489, 'Recea-Cristur', 14),
(4490, 'Rişca', 14),
(4491, 'Sic', 14),
(4492, 'Suatu', 14),
(4493, 'Sâncraiu', 14),
(4494, 'Sânmărtin', 14),
(4495, 'Sânpaul', 14),
(4496, 'Săcuieu', 14),
(4497, 'Sănduleşti', 14),
(4498, 'Săvădisla', 14),
(4499, 'Tritenii de Jos', 14),
(4500, 'Turda', 14),
(4501, 'Tureni', 14),
(4502, 'Unguraş', 14),
(4503, 'Vad', 14),
(4504, 'Valea Ierii', 14),
(4505, 'Viişoara', 14),
(4506, 'Vultureni', 14),
(4507, 'Ţaga', 14),
(4508, 'Aghireşu-Fabrici', 14),
(4509, 'Arghişu', 14),
(4510, 'Băgara', 14),
(4511, 'Dorolţu', 14),
(4512, 'Dâncu', 14),
(4513, 'Inucu', 14),
(4514, 'Leghia', 14),
(4515, 'Macău', 14),
(4516, 'Ticu', 14),
(4517, 'Ticu-Colonie', 14),
(4518, 'Rediu', 14),
(4519, 'Corneni', 14),
(4520, 'Ghirolt', 14),
(4521, 'Pruneni', 14),
(4522, 'Vale', 14),
(4523, 'Bodrog', 14),
(4524, 'Corpadea', 14),
(4525, 'Câmpeneşti', 14),
(4526, 'Dezmir', 14),
(4527, 'Pata', 14),
(4528, 'Sub Coastă', 14),
(4529, 'Sânnicoară', 14),
(4530, 'Cristorel', 14),
(4531, 'Dorna', 14),
(4532, 'Fodora', 14),
(4533, 'Ăşchileu Mare', 14),
(4534, 'Ăşchileu Mic', 14),
(4535, 'Coruşu', 14),
(4536, 'Mera', 14),
(4537, 'Popeşti', 14),
(4538, 'Rădaia', 14),
(4539, 'Suceagu', 14),
(4540, 'Săliştea Nouă', 14),
(4541, 'Frăsinet', 14),
(4542, 'Moara de Pădure', 14),
(4543, 'Muntele Bocului', 14),
(4544, 'Muntele Băişorii', 14),
(4545, 'Muntele Cacovei', 14),
(4546, 'Muntele Filii', 14),
(4547, 'Muntele Săcelului', 14),
(4548, 'Săcel', 14),
(4549, 'Bălceşti', 14),
(4550, 'Dealu Botii', 14),
(4551, 'Giurcuţa de Jos', 14),
(4552, 'Giurcuţa de Sus', 14),
(4553, 'Poiana Horea', 14),
(4554, 'Smida', 14),
(4555, 'Antăş', 14),
(4556, 'Blidăreşti', 14),
(4557, 'Băbdiu', 14),
(4558, 'Cremenea', 14),
(4559, 'Maia', 14),
(4560, 'Oşorhel', 14),
(4561, 'Pruni', 14),
(4562, 'Răzbuneni', 14),
(4563, 'Suarăş', 14),
(4564, 'Vâlcelele', 14),
(4565, 'Coasta', 14),
(4566, 'Răscruci', 14),
(4567, 'Tăuşeni', 14),
(4568, 'Borşa-Crestaia', 14),
(4569, 'Borşa-Cătun', 14),
(4570, 'Ciumăfaia', 14),
(4571, 'Giula', 14),
(4572, 'Rotunda', 14),
(4573, 'Bărăi', 14),
(4574, 'Căianu Mic', 14),
(4575, 'Căianu-Vamă', 14),
(4576, 'Vaida-Cămăraş', 14),
(4577, 'Văleni', 14),
(4578, 'Bogata', 14),
(4579, 'Călăraşi-Gară', 14),
(4580, 'Călata', 14),
(4581, 'Dealu Negru', 14),
(4582, 'Finciu', 14),
(4583, 'Văleni', 14),
(4584, 'Năoiu', 14),
(4585, 'Sâmboleni', 14),
(4586, 'Agârbiciu', 14),
(4587, 'Bălceşti', 14),
(4588, 'Căpuşu Mic', 14),
(4589, 'Dumbrava', 14),
(4590, 'Dângău Mare', 14),
(4591, 'Dângău Mic', 14),
(4592, 'Păniceni', 14),
(4593, 'Straja', 14),
(4594, 'Comorâţa', 14),
(4595, 'Coplean', 14),
(4596, 'Custura', 14),
(4597, 'Guga', 14),
(4598, 'Gârbău Dejului', 14),
(4599, 'Leurda', 14),
(4600, 'Rugăşeşti', 14),
(4601, 'Sălătruc', 14),
(4602, 'Urişor', 14),
(4603, 'Muncel', 14),
(4604, 'Sălişca', 14),
(4605, 'Copru', 14),
(4606, 'Feldioara', 14),
(4607, 'Hagău', 14),
(4608, 'Hodaie', 14),
(4609, 'Valea Caldă', 14),
(4610, 'Andici', 14),
(4611, 'Boian', 14),
(4612, 'Bolduţ', 14),
(4613, 'Ciurgău', 14),
(4614, 'Dosu Napului', 14),
(4615, 'Fânaţe', 14),
(4616, 'Hodăi Boian', 14),
(4617, 'Iacobeni', 14),
(4618, 'Morţeşti', 14),
(4619, 'Strucut', 14),
(4620, 'Stârcu', 14),
(4621, 'Valea lui Cati', 14),
(4622, 'Deuşu', 14),
(4623, 'Feiurdeni', 14),
(4624, 'Măcicaşu', 14),
(4625, 'Pădureni', 14),
(4626, 'Satu Lung', 14),
(4627, 'Sânmărtin', 14),
(4628, 'Săliştea Veche', 14),
(4629, 'Vechea', 14),
(4630, 'Dosu Bricii', 14),
(4631, 'Huta', 14),
(4632, 'Măgoaja', 14),
(4633, 'Strâmbu', 14),
(4634, 'Valea Căşeielului', 14),
(4635, 'Valea lui Opriş', 14),
(4636, 'Vânători', 14),
(4637, 'Filea de Jos', 14),
(4638, 'Filea de Sus', 14),
(4639, 'Pruniş', 14),
(4640, 'Pădureni', 14),
(4641, 'Sălicea', 14),
(4642, 'Sălişte', 14),
(4643, 'Şutu', 14),
(4644, 'Boj-Cătun', 14),
(4645, 'Boju', 14),
(4646, 'Cara', 14),
(4647, 'Huci', 14),
(4648, 'Iuriu de Câmpie', 14),
(4649, 'Morişti', 14),
(4650, 'Straja', 14),
(4651, 'Bârlea', 14),
(4652, 'Igriţia', 14),
(4653, 'Lujerdiu', 14),
(4654, 'Morău', 14),
(4655, 'Stoiana', 14),
(4656, 'Tiocu de Jos', 14),
(4657, 'Tiocu de Sus', 14),
(4658, 'Tioltiur', 14),
(4659, 'Mănăşturel', 14),
(4660, 'Valea Gârboului', 14),
(4661, 'Luna de Jos', 14),
(4662, 'Pâglişa', 14),
(4663, 'Ocna Dejului', 14),
(4664, 'Peştera', 14),
(4665, 'Pintic', 14),
(4666, 'Şomcutu Mic', 14);
INSERT INTO `valuation_city` (`id`, `name`, `area_id`) VALUES
(4667, 'Casele Miceşti', 14),
(4668, 'Gheorghieni', 14),
(4669, 'Sărădiş', 14),
(4670, 'Vâlcele', 14),
(4671, 'Bonţ', 14),
(4672, 'Lunca Bonţului', 14),
(4673, 'Nicula', 14),
(4674, 'Săcălaia', 14),
(4675, 'Luna de Sus', 14),
(4676, 'Tăuţi', 14),
(4677, 'Berchieşu', 14),
(4678, 'Oaş', 14),
(4679, 'Olăriu', 14),
(4680, 'Poiana Frăţii', 14),
(4681, 'Pădurea Iacobeni', 14),
(4682, 'Răzoare', 14),
(4683, 'Soporu de Câmpie', 14),
(4684, 'Corneşti', 14),
(4685, 'Nădăşelu', 14),
(4686, 'Turea', 14),
(4687, 'Viştea', 14),
(4688, 'Chiriş', 14),
(4689, 'Lacu', 14),
(4690, 'Legii', 14),
(4691, 'Puini', 14),
(4692, 'Sucutard', 14),
(4693, 'Băiţa', 14),
(4694, 'Hăşdate', 14),
(4695, 'Silivaş', 14),
(4696, 'Someşu Cald', 14),
(4697, 'Someşu Rece', 14),
(4698, 'Bicălatu', 14),
(4699, 'Agriş', 14),
(4700, 'Borzeşti', 14),
(4701, 'Buru', 14),
(4702, 'Cacova Ierii', 14),
(4703, 'Făgetu Ierii', 14),
(4704, 'Lungeşti', 14),
(4705, 'Maşca', 14),
(4706, 'Măgura Ierii', 14),
(4707, 'Ocolişel', 14),
(4708, 'Surduc', 14),
(4709, 'Valea Agrişului', 14),
(4710, 'Valea Vadului', 14),
(4711, 'Fundătura', 14),
(4712, 'Iclozel', 14),
(4713, 'Livada', 14),
(4714, 'Orman', 14),
(4715, 'Nadăşu', 14),
(4716, 'Nearşova', 14),
(4717, 'Şaula', 14),
(4718, 'Codor', 14),
(4719, 'Jichişu de Sus', 14),
(4720, 'Tărpiu', 14),
(4721, 'Şigău', 14),
(4722, 'Gădălin', 14),
(4723, 'Juc-Herghelie', 14),
(4724, 'Jucu de Mijloc', 14),
(4725, 'Jucu de Sus', 14),
(4726, 'Vişea', 14),
(4727, 'Gligoreşti', 14),
(4728, 'Luncani', 14),
(4729, 'Muntele Rece', 14),
(4730, 'Măguri', 14),
(4731, 'Ardeova', 14),
(4732, 'Bedeciu', 14),
(4733, 'Bica', 14),
(4734, 'Dretea', 14),
(4735, 'Mănăşturu Românesc', 14),
(4736, 'Bociu', 14),
(4737, 'Buteni', 14),
(4738, 'Ciuleni', 14),
(4739, 'Răchiţele', 14),
(4740, 'Scrind-Frăsinet', 14),
(4741, 'Dâmbu Mare', 14),
(4742, 'Mănăstirea', 14),
(4743, 'Nireş', 14),
(4744, 'Sânmărghita', 14),
(4745, 'Valea Cireşoii', 14),
(4746, 'Valea Luncii', 14),
(4747, 'Cheia', 14),
(4748, 'Corneşti', 14),
(4749, 'Buneşti', 14),
(4750, 'Nima', 14),
(4751, 'Petreşti', 14),
(4752, 'Pădurenii', 14),
(4753, 'Salatiu', 14),
(4754, 'Boteni', 14),
(4755, 'Chesău', 14),
(4756, 'Crişeni', 14),
(4757, 'Falca', 14),
(4758, 'Ghirişu Român', 14),
(4759, 'Roşieni', 14),
(4760, 'Turmaşi', 14),
(4761, 'Zorenii de Vale', 14),
(4762, 'Bădeni', 14),
(4763, 'Pietroasa', 14),
(4764, 'Plăieşti', 14),
(4765, 'Podeni', 14),
(4766, 'Stejeriş', 14),
(4767, 'Bucea', 14),
(4768, 'Prelucele', 14),
(4769, 'Băgaciu', 14),
(4770, 'Mureşenii de Câmpie', 14),
(4771, 'Petea', 14),
(4772, 'Sava', 14),
(4773, 'Cubleşu Someşan', 14),
(4774, 'Cătălina', 14),
(4775, 'Dârja', 14),
(4776, 'Sărata', 14),
(4777, 'Crăeşti', 14),
(4778, 'Deleni', 14),
(4779, 'Livada', 14),
(4780, 'Petreştii de Mijloc', 14),
(4781, 'Petreştii de Sus', 14),
(4782, 'Plaiuri', 14),
(4783, 'Crairât', 14),
(4784, 'Lobodaş', 14),
(4785, 'Valea Florilor', 14),
(4786, 'Bologa', 14),
(4787, 'Cerbeşti', 14),
(4788, 'Hodişu', 14),
(4789, 'Lunca Vişagului', 14),
(4790, 'Morlaca', 14),
(4791, 'Tranişu', 14),
(4792, 'Valea Drăganului', 14),
(4793, 'Ciubanca', 14),
(4794, 'Ciubăncuţa', 14),
(4795, 'Căprioara', 14),
(4796, 'Elciu', 14),
(4797, 'Escu', 14),
(4798, 'Jurca', 14),
(4799, 'Osoi', 14),
(4800, 'Pustuţa', 14),
(4801, 'Dealu Mare', 14),
(4802, 'Lăpuşteşti', 14),
(4803, 'Mărceşti', 14),
(4804, 'Rogojel', 14),
(4805, 'Vişagu', 14),
(4806, 'Alunişu', 14),
(4807, 'Brăişoru', 14),
(4808, 'Domoşu', 14),
(4809, 'Horlacea', 14),
(4810, 'Copăceni', 14),
(4811, 'Ceaba', 14),
(4812, 'Cutca', 14),
(4813, 'Diviciorii Mari', 14),
(4814, 'Diviciorii Mici', 14),
(4815, 'Măhal', 14),
(4816, 'Sâmboieni', 14),
(4817, 'Târguşor', 14),
(4818, 'Berindu', 14),
(4819, 'Mihăieşti', 14),
(4820, 'Sumurducu', 14),
(4821, 'Topa Mică', 14),
(4822, 'Şardu', 14),
(4823, 'Finişel', 14),
(4824, 'Hăşdate', 14),
(4825, 'Lita', 14),
(4826, 'Liteni', 14),
(4827, 'Stolna', 14),
(4828, 'Vlaha', 14),
(4829, 'Vălişoara', 14),
(4830, 'Aruncuta', 14),
(4831, 'Dâmburile', 14),
(4832, 'Năsal', 14),
(4833, 'Sântejude', 14),
(4834, 'Sântejude Vale', 14),
(4835, 'Sântioana', 14),
(4836, 'Clapa', 14),
(4837, 'Colonia', 14),
(4838, 'Pădureni', 14),
(4839, 'Tritenii de Sus', 14),
(4840, 'Tritenii-Hotar', 14),
(4841, 'Ceanu Mic', 14),
(4842, 'Comşeşti', 14),
(4843, 'Miceşti', 14),
(4844, 'Mărtineşti', 14),
(4845, 'Batin', 14),
(4846, 'Daroţ', 14),
(4847, 'Sicfa', 14),
(4848, 'Valea Unguraşului', 14),
(4849, 'Bogata de Jos', 14),
(4850, 'Bogata de Sus', 14),
(4851, 'Calna', 14),
(4852, 'Cetan', 14),
(4853, 'Curtuiuşu Dejului', 14),
(4854, 'Valea Groşilor', 14),
(4855, 'Cerc', 14),
(4856, 'Plopi', 14),
(4857, 'Urca', 14),
(4858, 'Băbuţiu', 14),
(4859, 'Bădeşti', 14),
(4860, 'Chidea', 14),
(4861, 'Făureni', 14),
(4862, 'Şoimeni', 14),
(4863, '23 August', 15),
(4864, 'Adamclisi', 15),
(4865, 'Agigea', 15),
(4866, 'Albeşti', 15),
(4867, 'Aliman', 15),
(4868, 'Amzacea', 15),
(4869, 'Băneasa', 15),
(4870, 'Bărăganu', 15),
(4871, 'Castelu', 15),
(4872, 'Cerchezu', 15),
(4873, 'Cernavodă', 15),
(4874, 'Chirnogeni', 15),
(4875, 'Ciobanu', 15),
(4876, 'Ciocârlia', 15),
(4877, 'Cobadin', 15),
(4878, 'Cogealac', 15),
(4879, 'Comana', 15),
(4880, 'Constanţa', 15),
(4881, 'Corbu', 15),
(4882, 'Costineşti', 15),
(4883, 'Crucea', 15),
(4884, 'Cumpăna', 15),
(4885, 'Deleni', 15),
(4886, 'Dobromir', 15),
(4887, 'Dumbrăveni', 15),
(4888, 'Ghindăreşti', 15),
(4889, 'Gârliciu', 15),
(4890, 'Horia', 15),
(4891, 'Hârşova', 15),
(4892, 'Independenţa', 15),
(4893, 'Ion Corvin', 15),
(4894, 'Istria', 15),
(4895, 'Limanu', 15),
(4896, 'Lipniţa', 15),
(4897, 'Lumina', 15),
(4898, 'Mangalia', 15),
(4899, 'Medgidia', 15),
(4900, 'Mereni', 15),
(4901, 'Mihai Viteazu', 15),
(4902, 'Mihail Kogălniceanu', 15),
(4903, 'Mircea Vodă', 15),
(4904, 'Negru Vodă', 15),
(4905, 'Nicolae Bălcescu', 15),
(4906, 'Năvodari', 15),
(4907, 'Oltina', 15),
(4908, 'Ostrov', 15),
(4909, 'Ovidiu', 15),
(4910, 'Pantelimon', 15),
(4911, 'Pecineaga', 15),
(4912, 'Peştera', 15),
(4913, 'Poarta Albă', 15),
(4914, 'Rasova', 15),
(4915, 'Saraiu', 15),
(4916, 'Seimeni', 15),
(4917, 'Siliştea', 15),
(4918, 'Săcele', 15),
(4919, 'Techirghiol', 15),
(4920, 'Topalu', 15),
(4921, 'Topraisar', 15),
(4922, 'Tortoman', 15),
(4923, 'Tuzla', 15),
(4924, 'Târguşor', 15),
(4925, 'Valu lui Traian', 15),
(4926, 'Vulturu', 15),
(4927, 'Dulceşti', 15),
(4928, 'Moşneni', 15),
(4929, 'Abrud', 15),
(4930, 'Haţeg', 15),
(4931, 'Urluia', 15),
(4932, 'Zorile', 15),
(4933, 'Lazu', 15),
(4934, 'Sanatoriul Agigea', 15),
(4935, 'Staţiunea Zoologică Marină Agigea', 15),
(4936, 'Arsa', 15),
(4937, 'Coroana', 15),
(4938, 'Cotu Văii', 15),
(4939, 'Vârtop', 15),
(4940, 'Dunăreni', 15),
(4941, 'Floriile', 15),
(4942, 'Vlahii', 15),
(4943, 'Casicea', 15),
(4944, 'General Scărişoreanu', 15),
(4945, 'Făurei', 15),
(4946, 'Negureni', 15),
(4947, 'Tudor Vladimirescu', 15),
(4948, 'Lanurile', 15),
(4949, 'Murfatlar', 15),
(4950, 'Siminoc', 15),
(4951, 'Cuza Vodă', 15),
(4952, 'Nisipari', 15),
(4953, 'Căscioarele', 15),
(4954, 'Măgura', 15),
(4955, 'Viroaga', 15),
(4956, 'Credinţa', 15),
(4957, 'Plopeni', 15),
(4958, 'Mioriţa', 15),
(4959, 'Ciocârlia de Sus', 15),
(4960, 'Conacu', 15),
(4961, 'Curcani', 15),
(4962, 'Negreşti', 15),
(4963, 'Viişoara', 15),
(4964, 'Fântânele', 15),
(4965, 'Gura Dobrogei', 15),
(4966, 'Râmnicu de Jos', 15),
(4967, 'Râmnicu de Sus', 15),
(4968, 'Tariverde', 15),
(4969, 'Pelinu', 15),
(4970, 'Tătaru', 15),
(4971, 'Mamaia', 15),
(4972, 'Palazu Mare', 15),
(4973, 'Luminiţa', 15),
(4974, 'Vadu', 15),
(4975, 'Schitu', 15),
(4976, 'Băltăgeşti', 15),
(4977, 'Crişan', 15),
(4978, 'Gălbiori', 15),
(4979, 'Stupina', 15),
(4980, 'Şiriu', 15),
(4981, 'Straja', 15),
(4982, 'Petroşani', 15),
(4983, 'Pietreni', 15),
(4984, 'Şipotele', 15),
(4985, 'Cetatea', 15),
(4986, 'Dobromiru din Deal', 15),
(4987, 'Lespezi', 15),
(4988, 'Pădureni', 15),
(4989, 'Văleni', 15),
(4990, 'Furnica', 15),
(4991, 'Eforie Nord', 15),
(4992, 'Eforie Sud', 15),
(4993, 'Vadu Oii', 15),
(4994, 'Cloşca', 15),
(4995, 'Tichileşti', 15),
(4996, 'Fântâna Mare', 15),
(4997, 'Movila Verde', 15),
(4998, 'Olteni', 15),
(4999, 'Tufani', 15),
(5000, 'Brebeni', 15),
(5001, 'Crângu', 15),
(5002, 'Rariştea', 15),
(5003, 'Viile', 15),
(5004, 'Nuntaşi', 15),
(5005, '2 Mai', 15),
(5006, 'Hagieni', 15),
(5007, 'Vama Veche', 15),
(5008, 'Canlia', 15),
(5009, 'Carvăn', 15),
(5010, 'Coslugea', 15),
(5011, 'Cuiugiuc', 15),
(5012, 'Goruni', 15),
(5013, 'Izvoarele', 15),
(5014, 'Oituz', 15),
(5015, 'Sibioara', 15),
(5016, 'Cap Aurora', 15),
(5017, 'Jupiter', 15),
(5018, 'Neptun', 15),
(5019, 'Olimp', 15),
(5020, 'Saturn', 15),
(5021, 'Venus', 15),
(5022, 'Remus Opreanu', 15),
(5023, 'Valea Dacilor', 15),
(5024, 'Ciobăniţa', 15),
(5025, 'Miriştea', 15),
(5026, 'Osmancea', 15),
(5027, 'Sinoie', 15),
(5028, 'Palazu Mic', 15),
(5029, 'Piatra', 15),
(5030, 'Făclia', 15),
(5031, 'Gherghina', 15),
(5032, 'Saligny', 15),
(5033, 'Satu Nou', 15),
(5034, 'Ştefan cel Mare', 15),
(5035, 'Ţibrinu', 15),
(5036, 'Mamaia-Sat', 15),
(5037, 'Darabani', 15),
(5038, 'Grăniceru', 15),
(5039, 'Vâlcelele', 15),
(5040, 'Dorobanţu', 15),
(5041, 'Răzoarele', 15),
(5042, 'Satu Nou', 15),
(5043, 'Strunga', 15),
(5044, 'Almălău', 15),
(5045, 'Bugeac', 15),
(5046, 'Esechioi', 15),
(5047, 'Galiţa', 15),
(5048, 'Gârliţa', 15),
(5049, 'Poiana', 15),
(5050, 'Călugăreni', 15),
(5051, 'Nistoreşti', 15),
(5052, 'Pantelimon de Jos', 15),
(5053, 'Runcu', 15),
(5054, 'Vânători', 15),
(5055, 'Ivrinezu Mare', 15),
(5056, 'Ivrinezu Mic', 15),
(5057, 'Izvoru Mare', 15),
(5058, 'Veteranu', 15),
(5059, 'Nazarcea', 15),
(5060, 'Cochirleni', 15),
(5061, 'Traian', 15),
(5062, 'Dulgheru', 15),
(5063, 'Stejaru', 15),
(5064, 'Dunărea', 15),
(5065, 'Seimenii Mici', 15),
(5066, 'Tepeş Vodă', 15),
(5067, 'Casian', 15),
(5068, 'Cheia', 15),
(5069, 'Grădina', 15),
(5070, 'Mireasa', 15),
(5071, 'Capidava', 15),
(5072, 'Biruinţa', 15),
(5073, 'Moviliţa', 15),
(5074, 'Potârnichea', 15),
(5075, 'Dropia', 15),
(5076, 'Aita Mare', 16),
(5077, 'Baraolt', 16),
(5078, 'Barcani', 16),
(5079, 'Belin', 16),
(5080, 'Bodoc', 16),
(5081, 'Boroşneu Mare', 16),
(5082, 'Brateş', 16),
(5083, 'Breţcu', 16),
(5084, 'Brăduţ', 16),
(5085, 'Catalina', 16),
(5086, 'Cernat', 16),
(5087, 'Chichiş', 16),
(5088, 'Comandău', 16),
(5089, 'Covasna', 16),
(5090, 'Dobârlău', 16),
(5091, 'Ghelinţa', 16),
(5092, 'Ghidfalău', 16),
(5093, 'Hăghig', 16),
(5094, 'Ilieni', 16),
(5095, 'Lemnia', 16),
(5096, 'Malnaş', 16),
(5097, 'Moacşa', 16),
(5098, 'Ojdula', 16),
(5099, 'Ozun', 16),
(5100, 'Poian', 16),
(5101, 'Reci', 16),
(5102, 'Sita Buzăului', 16),
(5103, 'Sânzieni', 16),
(5104, 'Turia', 16),
(5105, 'Valea Crişului', 16),
(5106, 'Valea Mare', 16),
(5107, 'Vâlcele', 16),
(5108, 'Vârghiş', 16),
(5109, 'Zagon', 16),
(5110, 'Zăbala', 16),
(5111, 'Întorsura Buzăului', 16),
(5112, 'Aita Medie', 16),
(5113, 'Biborţeni', 16),
(5114, 'Bodoş', 16),
(5115, 'Căpeni', 16),
(5116, 'Micloşoara', 16),
(5117, 'Racoşul de Sus', 16),
(5118, 'Lădăuţi', 16),
(5119, 'Sărămăş', 16),
(5120, 'Aita Seacă', 16),
(5121, 'Băţanii Mari', 16),
(5122, 'Băţanii Mici', 16),
(5123, 'Herculian', 16),
(5124, 'Ozunca-Băi', 16),
(5125, 'Belin-Vale', 16),
(5126, 'Olteni', 16),
(5127, 'Zălan', 16),
(5128, 'Boroşneu Mic', 16),
(5129, 'Dobolii de Sus', 16),
(5130, 'Leţ', 16),
(5131, 'Valea Mică', 16),
(5132, 'Ţufalău', 16),
(5133, 'Doboşeni', 16),
(5134, 'Filia', 16),
(5135, 'Tălişoara', 16),
(5136, 'Pachia', 16),
(5137, 'Telechia', 16),
(5138, 'Mărtănuş', 16),
(5139, 'Oituz', 16),
(5140, 'Hătuica', 16),
(5141, 'Imeni', 16),
(5142, 'Mărcuşa', 16),
(5143, 'Mărtineni', 16),
(5144, 'Albiş', 16),
(5145, 'Icafalău', 16),
(5146, 'Băcel', 16),
(5147, 'Chiuruş', 16),
(5148, 'Lunca Mărcuşului', 16),
(5149, 'Mărcuş', 16),
(5150, 'Valea Dobârlăului', 16),
(5151, 'Harale', 16),
(5152, 'Angheluş', 16),
(5153, 'Fotoş', 16),
(5154, 'Zoltan', 16),
(5155, 'Iarăş', 16),
(5156, 'Dobolii de Jos', 16),
(5157, 'Sâncraiu', 16),
(5158, 'Brădet', 16),
(5159, 'Floroaia', 16),
(5160, 'Scrădoasa', 16),
(5161, 'Lutoasa', 16),
(5162, 'Mereni', 16),
(5163, 'Bixad', 16),
(5164, 'Malnaş-Băi', 16),
(5165, 'Micfalău', 16),
(5166, 'Valea Zălanului', 16),
(5167, 'Dalnic', 16),
(5168, 'Pădureni', 16),
(5169, 'Hilib', 16),
(5170, 'Bicfalău', 16),
(5171, 'Lisnău', 16),
(5172, 'Lisnău-Vale', 16),
(5173, 'Lunca Ozunului', 16),
(5174, 'Măgheruş', 16),
(5175, 'Sântionlunca', 16),
(5176, 'Belani', 16),
(5177, 'Cărpinenii', 16),
(5178, 'Estelnic', 16),
(5179, 'Valea Scurtă', 16),
(5180, 'Aninoasa', 16),
(5181, 'Bita', 16),
(5182, 'Saciova', 16),
(5183, 'Caşinu Mic', 16),
(5184, 'Petriceni', 16),
(5185, 'Valea Seacă', 16),
(5186, 'Chilieni', 16),
(5187, 'Coşeni', 16),
(5188, 'Sfântu  Gheorghe', 16),
(5189, 'Crasna', 16),
(5190, 'Merişor', 16),
(5191, 'Zăbrătău', 16),
(5192, 'Lunga', 16),
(5193, 'Târgu Secuiesc', 16),
(5194, 'Alungeni', 16),
(5195, 'Araci', 16),
(5196, 'Ariuşd', 16),
(5197, 'Hetea', 16),
(5198, 'Arcuş', 16),
(5199, 'Calnic', 16),
(5200, 'Peteni', 16),
(5201, 'Surcea', 16),
(5202, 'Tamaşfalău', 16),
(5203, 'Păpăuţi', 16),
(5204, 'Aninoasa', 17),
(5205, 'Bezdead', 17),
(5206, 'Bilciureşti', 17),
(5207, 'Braniştea', 17),
(5208, 'Brezoaele', 17),
(5209, 'Brăneşti', 17),
(5210, 'Buciumeni', 17),
(5211, 'Bucşani', 17),
(5212, 'Butimanu', 17),
(5213, 'Bărbuleţu', 17),
(5214, 'Ciocăneşti', 17),
(5215, 'Cojasca', 17),
(5216, 'Comişani', 17),
(5217, 'Conţeşti', 17),
(5218, 'Corbii Mari', 17),
(5219, 'Corneşti', 17),
(5220, 'Cornăţelu', 17),
(5221, 'Costeştii din Vale', 17),
(5222, 'Crevedia', 17),
(5223, 'Dobra', 17),
(5224, 'Doiceşti', 17),
(5225, 'Dragodana', 17),
(5226, 'Dragomireşti', 17),
(5227, 'Dărmăneşti', 17),
(5228, 'Fieni', 17),
(5229, 'Glodeni', 17),
(5230, 'Gura Foii', 17),
(5231, 'Gura Ocniţei', 17),
(5232, 'Gura Şuţii', 17),
(5233, 'Găeşti', 17),
(5234, 'Hulubeşti', 17),
(5235, 'I. L. Caragiale', 17),
(5236, 'Lucieni', 17),
(5237, 'Ludeşti', 17),
(5238, 'Lunguleţu', 17),
(5239, 'Malu cu Flori', 17),
(5240, 'Mogoşani', 17),
(5241, 'Moreni', 17),
(5242, 'Moroeni', 17),
(5243, 'Morteni', 17),
(5244, 'Moţăieni', 17),
(5245, 'Măneşti', 17),
(5246, 'Mătăsaru', 17),
(5247, 'Niculeşti', 17),
(5248, 'Nucet', 17),
(5249, 'Ocniţa', 17),
(5250, 'Odobeşti', 17),
(5251, 'Petreşti', 17),
(5252, 'Pietroşiţa', 17),
(5253, 'Poiana', 17),
(5254, 'Potlogi', 17),
(5255, 'Produleşti', 17),
(5256, 'Pucheni', 17),
(5257, 'Pucioasa', 17),
(5258, 'Runcu', 17),
(5259, 'Răcari', 17),
(5260, 'Răzvad', 17),
(5261, 'Slobozia Moară', 17),
(5262, 'Sălcioara', 17),
(5263, 'Titu', 17),
(5264, 'Târgovişte', 17),
(5265, 'Tărtăşeşti', 17),
(5266, 'Tătărani', 17),
(5267, 'Ulieşti', 17),
(5268, 'Ulmi', 17),
(5269, 'Valea Mare', 17),
(5270, 'Vişina', 17),
(5271, 'Vişineşti', 17),
(5272, 'Vlădeni', 17),
(5273, 'Voineşti', 17),
(5274, 'Vulcana-Băi', 17),
(5275, 'Vulcana-Pandele', 17),
(5276, 'Văcăreşti', 17),
(5277, 'Şelaru', 17),
(5278, 'Şotânga', 17),
(5279, 'Săteni', 17),
(5280, 'Viforâta', 17),
(5281, 'Băleni-Români', 17),
(5282, 'Băleni-Sârbi', 17),
(5283, 'Aluniş', 17),
(5284, 'Cetăţuia', 17),
(5285, 'După Deal', 17),
(5286, 'Gura Bărbuleţului', 17),
(5287, 'Pietrari', 17),
(5288, 'Râu Alb de Jos', 17),
(5289, 'Râu Alb de Sus', 17),
(5290, 'Valea', 17),
(5291, 'Şipot', 17),
(5292, 'Broşteni', 17),
(5293, 'Costişata', 17),
(5294, 'Măgura', 17),
(5295, 'Tunari', 17),
(5296, 'Valea Morii', 17),
(5297, 'Suseni Socetu', 17),
(5298, 'Priboiu', 17),
(5299, 'Dâmbovicioara', 17),
(5300, 'Săveşti', 17),
(5301, 'Brezoaia', 17),
(5302, 'Dealu Mare', 17),
(5303, 'Valea Leurzii', 17),
(5304, 'Hăbeni', 17),
(5305, 'Racoviţa', 17),
(5306, 'Răţoaia', 17),
(5307, 'Bărbuceanu', 17),
(5308, 'Lucianca', 17),
(5309, 'Ungureni', 17),
(5310, 'Aninoşani', 17),
(5311, 'Cândeşti Deal', 17),
(5312, 'Cândeşti-Vale', 17),
(5313, 'Dragodăneşti', 17),
(5314, 'Valea Mare', 17),
(5315, 'Creţu', 17),
(5316, 'Decindea', 17),
(5317, 'Urziceanca', 17),
(5318, 'Vizureşti', 17),
(5319, 'Blidari', 17),
(5320, 'Cobiuţa', 17),
(5321, 'Crăciuneşti', 17),
(5322, 'Călugăreni', 17),
(5323, 'Căpşuna', 17),
(5324, 'Frasin Deal', 17),
(5325, 'Frasin Vale', 17),
(5326, 'Gherghiţeşti', 17),
(5327, 'Mislea', 17),
(5328, 'Mănăstirea', 17),
(5329, 'Fântânele', 17),
(5330, 'Iazu', 17),
(5331, 'Lazuri', 17),
(5332, 'Boteni', 17),
(5333, 'Bălteni', 17),
(5334, 'Crângaşi', 17),
(5335, 'Călugăreni', 17),
(5336, 'Gămăneşti', 17),
(5337, 'Heleşteu', 17),
(5338, 'Mereni', 17),
(5339, 'Bărăceni', 17),
(5340, 'Grozăveşti', 17),
(5341, 'Moara din Groapă', 17),
(5342, 'Petreşti', 17),
(5343, 'Podu Corbencii', 17),
(5344, 'Satu Nou', 17),
(5345, 'Ungureni', 17),
(5346, 'Vadu Stanchii', 17),
(5347, 'Alunişu', 17),
(5348, 'Bolovani', 17),
(5349, 'Corni', 17),
(5350, 'Slobozia', 17),
(5351, 'Bujoreanca', 17),
(5352, 'Cristeasca', 17),
(5353, 'Crivăţu', 17),
(5354, 'Cătunu', 17),
(5355, 'Frasinu', 17),
(5356, 'Hodărăşti', 17),
(5357, 'Ibrianu', 17),
(5358, 'Postârnacu', 17),
(5359, 'Ungureni', 17),
(5360, 'Mărunţişu', 17),
(5361, 'Tomşani', 17),
(5362, 'Băduleşti', 17),
(5363, 'Crângurile de Jos', 17),
(5364, 'Crângurile de Sus', 17),
(5365, 'Potlogeni Vale', 17),
(5366, 'Pătroaia Deal', 17),
(5367, 'Pătroaia Vale', 17),
(5368, 'Răţeşti', 17),
(5369, 'Voia', 17),
(5370, 'Cocani', 17),
(5371, 'Dârza', 17),
(5372, 'Mânăstirea', 17),
(5373, 'Samurcaşi', 17),
(5374, 'Mărginenii de Sus', 17),
(5375, 'Mărceşti', 17),
(5376, 'Boboci', 17),
(5377, 'Burduca', 17),
(5378, 'Cuparu', 17),
(5379, 'Picior de Munte', 17),
(5380, 'Pădureni', 17),
(5381, 'Străoşti', 17),
(5382, 'Decindeni', 17),
(5383, 'Geangoeşti', 17),
(5384, 'Mogoşeşti', 17),
(5385, 'Râncăciov', 17),
(5386, 'Ungureni', 17),
(5387, 'Berevoeşti', 17),
(5388, 'Costeşti', 17),
(5389, 'Bechineşti', 17),
(5390, 'Finta Mare', 17),
(5391, 'Finta Veche', 17),
(5392, 'Gheboaia', 17),
(5393, 'Guşoiu', 17),
(5394, 'Livezile', 17),
(5395, 'Lăculeţe', 17),
(5396, 'Malu Mierii', 17),
(5397, 'Schela', 17),
(5398, 'Bumbuia', 17),
(5399, 'Catanele', 17),
(5400, 'Făgetu', 17),
(5401, 'Adânca', 17),
(5402, 'Ochiuri', 17),
(5403, 'Săcueni', 17),
(5404, 'Sperieţeni', 17),
(5405, 'Butoiu de Jos', 17),
(5406, 'Butoiu de Sus', 17),
(5407, 'Măgura', 17),
(5408, 'Valea Dadei', 17),
(5409, 'Ghirdoveni', 17),
(5410, 'Mija', 17),
(5411, 'Colibaşi', 17),
(5412, 'Cricovu Dulce', 17),
(5413, 'Iedera de Jos', 17),
(5414, 'Iedera de Sus', 17),
(5415, 'Olteni', 17),
(5416, 'Raciu', 17),
(5417, 'Siliştea', 17),
(5418, 'Şuţa Seacă', 17),
(5419, 'Miloşari', 17),
(5420, 'Potocelu', 17),
(5421, 'Scheiu de Jos', 17),
(5422, 'Scheiu de Sus', 17),
(5423, 'Teleşti', 17),
(5424, 'Oreasca', 17),
(5425, 'Serdanu', 17),
(5426, 'Capu Coastei', 17),
(5427, 'Copăceni', 17),
(5428, 'Micloşanii Mari', 17),
(5429, 'Micloşanii Mici', 17),
(5430, 'Drăgăeşti Pământeni', 17),
(5431, 'Drăgăeşti Ungureni', 17),
(5432, 'Creţuleşti', 17),
(5433, 'Odaia Turcului', 17),
(5434, 'Poroinica', 17),
(5435, 'Puţu cu Salcie', 17),
(5436, 'Sălcioara', 17),
(5437, 'Teţcoiu', 17),
(5438, 'Chirca', 17),
(5439, 'Cojocaru', 17),
(5440, 'Merii', 17),
(5441, 'Zăvoiu', 17),
(5442, 'Dobreşti', 17),
(5443, 'Glod', 17),
(5444, 'Lunca', 17),
(5445, 'Muşcel', 17),
(5446, 'Pucheni', 17),
(5447, 'Neajlovu', 17),
(5448, 'Cucuteni', 17),
(5449, 'Ciocănari', 17),
(5450, 'Movila', 17),
(5451, 'Cazaci', 17),
(5452, 'Ilfoveni', 17),
(5453, 'Brâncoveanu', 17),
(5454, 'Crovu', 17),
(5455, 'Miuleşti', 17),
(5456, 'Zidurile', 17),
(5457, 'Coada Izvorului', 17),
(5458, 'Ghergheşti', 17),
(5459, 'Greci', 17),
(5460, 'Ioneşti', 17),
(5461, 'Potlogeni-Deal', 17),
(5462, 'Puntea de Greci', 17),
(5463, 'Dealu Frumos', 17),
(5464, 'Poieniţa', 17),
(5465, 'Pitaru', 17),
(5466, 'Podu Cristinii', 17),
(5467, 'Româneşti', 17),
(5468, 'Vlăsceni', 17),
(5469, 'Broşteni', 17),
(5470, 'Costeştii din Deal', 17),
(5471, 'Brădăţel', 17),
(5472, 'Meişoare', 17),
(5473, 'Valea Largă', 17),
(5474, 'Vârfureni', 17),
(5475, 'Bela', 17),
(5476, 'Diaconeşti', 17),
(5477, 'Glodeni', 17),
(5478, 'Malurile', 17),
(5479, 'Miculeşti', 17),
(5480, 'Pucioasa-Sat', 17),
(5481, 'Bălăneşti', 17),
(5482, 'Colacu', 17),
(5483, 'Ghergani', 17),
(5484, 'Ghimpaţi', 17),
(5485, 'Mavrodin', 17),
(5486, 'Stăneşti', 17),
(5487, 'Săbieşti', 17),
(5488, 'Gorgota', 17),
(5489, 'Valea Voivozilor', 17),
(5490, 'Brebu', 17),
(5491, 'Bădeni', 17),
(5492, 'Ferestre', 17),
(5493, 'Piatra', 17),
(5494, 'Siliştea', 17),
(5495, 'Băneşti', 17),
(5496, 'Cuza Vodă', 17),
(5497, 'Cătunu', 17),
(5498, 'Ghineşti', 17),
(5499, 'Mircea Vodă', 17),
(5500, 'Moara Nouă', 17),
(5501, 'Movila', 17),
(5502, 'Podu Rizii', 17),
(5503, 'Fierbinţi', 17),
(5504, 'Glogoveanu', 17),
(5505, 'Teiş', 17),
(5506, 'Priseaca', 17),
(5507, 'Bâldana', 17),
(5508, 'Gulia', 17),
(5509, 'Căprioru', 17),
(5510, 'Gheboieni', 17),
(5511, 'Priboiu', 17),
(5512, 'Fusea', 17),
(5513, 'Hagioaica', 17),
(5514, 'Mereni', 17),
(5515, 'Plopu', 17),
(5516, 'Sălcuţa', 17),
(5517, 'Croitori', 17),
(5518, 'Hanu lui Pală', 17),
(5519, 'Jugureni', 17),
(5520, 'Mânăstioara', 17),
(5521, 'Olteni', 17),
(5522, 'Ragu', 17),
(5523, 'Stavropolia', 17),
(5524, 'Colanu', 17),
(5525, 'Dimoiu', 17),
(5526, 'Dumbrava', 17),
(5527, 'Matraca', 17),
(5528, 'Nisipurile', 17),
(5529, 'Udreşti', 17),
(5530, 'Viişoara', 17),
(5531, 'Brăteştii de Jos', 17),
(5532, 'Bungetu', 17),
(5533, 'Perşinari', 17),
(5534, 'Băceşti', 17),
(5535, 'Izvoru', 17),
(5536, 'Moşia Mică', 17),
(5537, 'Valea Lungă Gorgota', 17),
(5538, 'Valea Lungă Ogrea', 17),
(5539, 'Valea Lungă-Cricov', 17),
(5540, 'Valea Mare', 17),
(5541, 'Valea lui Dan', 17),
(5542, 'Şerbăneasa', 17),
(5543, 'Ştubeie Tisa', 17),
(5544, 'Feţeni', 17),
(5545, 'Gârleni', 17),
(5546, 'Livezile', 17),
(5547, 'Saru', 17),
(5548, 'Stratoneşti', 17),
(5549, 'Valea Caselor', 17),
(5550, 'Mesteacăn', 17),
(5551, 'Văleni-Dâmboviţa', 17),
(5552, 'Cojoiu', 17),
(5553, 'Cârlăneşti', 17),
(5554, 'Merişoru', 17),
(5555, 'Stăteşti', 17),
(5556, 'Ulmetu', 17),
(5557, 'Vârfuri', 17),
(5558, 'Şuviţa', 17),
(5559, 'Broşteni', 17),
(5560, 'Izvoru', 17),
(5561, 'Răscăeţi', 17),
(5562, 'Vultureanca', 17),
(5563, 'Dospineşti', 17),
(5564, 'Sultanu', 17),
(5565, 'Urseiu', 17),
(5566, 'Gemenea Brătuleşti', 17),
(5567, 'Izvoarele', 17),
(5568, 'Lunca', 17),
(5569, 'Manga', 17),
(5570, 'Mânjina', 17),
(5571, 'Onceşti', 17),
(5572, 'Suduleni', 17),
(5573, 'Nicolaeşti', 17),
(5574, 'Vulcana de Sus', 17),
(5575, 'Gura Vulcanei', 17),
(5576, 'Lăculeţe-Gară', 17),
(5577, 'Toculeşti', 17),
(5578, 'Afumaţi', 18),
(5579, 'Almăj', 18),
(5580, 'Amărăştii de Jos', 18),
(5581, 'Amărăştii de Sus', 18),
(5582, 'Apele Vii', 18),
(5583, 'Argetoaia', 18),
(5584, 'Bechet', 18),
(5585, 'Bistreţ', 18),
(5586, 'Botoşeşti-Paia', 18),
(5587, 'Brabova', 18),
(5588, 'Braloştiţa', 18),
(5589, 'Bratovoeşti', 18),
(5590, 'Breasta', 18),
(5591, 'Brădeşti', 18),
(5592, 'Bucovăţ', 18),
(5593, 'Bulzeşti', 18),
(5594, 'Băileşti', 18),
(5595, 'Calafat', 18),
(5596, 'Calopăr', 18),
(5597, 'Caraula', 18),
(5598, 'Carpen', 18),
(5599, 'Castranova', 18),
(5600, 'Celaru', 18),
(5601, 'Cernăteşti', 18),
(5602, 'Cerăt', 18),
(5603, 'Cetate', 18),
(5604, 'Cioroiaşi', 18),
(5605, 'Ciupercenii Noi', 18),
(5606, 'Coşoveni', 18),
(5607, 'Coţofenii din Dos', 18),
(5608, 'Craiova', 18),
(5609, 'Călăraşi', 18),
(5610, 'Daneţi', 18),
(5611, 'Desa', 18),
(5612, 'Dioşti', 18),
(5613, 'Dobreşti', 18),
(5614, 'Drăgoteşti', 18),
(5615, 'Drănic', 18),
(5616, 'Dăbuleni', 18),
(5617, 'Filiaşi', 18),
(5618, 'Fărcaş', 18),
(5619, 'Galicea Mare', 18),
(5620, 'Gherceşti', 18),
(5621, 'Gighera', 18),
(5622, 'Giubega', 18),
(5623, 'Giurgiţa', 18),
(5624, 'Gogoşu', 18),
(5625, 'Goicea', 18),
(5626, 'Goieşti', 18),
(5627, 'Greceşti', 18),
(5628, 'Izvoare', 18),
(5629, 'Işalniţa', 18),
(5630, 'Leu', 18),
(5631, 'Lipovu', 18),
(5632, 'Maglavit', 18),
(5633, 'Malu Mare', 18),
(5634, 'Melineşti', 18),
(5635, 'Mischii', 18),
(5636, 'Moţăţei', 18),
(5637, 'Murgaşi', 18),
(5638, 'Mârşani', 18),
(5639, 'Măceşu de Jos', 18),
(5640, 'Măceşu de Sus', 18),
(5641, 'Negoi', 18),
(5642, 'Orodel', 18),
(5643, 'Ostroveni', 18),
(5644, 'Perişor', 18),
(5645, 'Pieleşti', 18),
(5646, 'Piscu Vechi', 18),
(5647, 'Pleniţa', 18),
(5648, 'Podari', 18),
(5649, 'Poiana Mare', 18),
(5650, 'Predeşti', 18),
(5651, 'Radovan', 18),
(5652, 'Rast', 18),
(5653, 'Sadova', 18),
(5654, 'Scăeşti', 18),
(5655, 'Seaca de Câmp', 18),
(5656, 'Seaca de Pădure', 18),
(5657, 'Secu', 18),
(5658, 'Segarcea', 18),
(5659, 'Siliştea Crucii', 18),
(5660, 'Sopot', 18),
(5661, 'Sălcuţa', 18),
(5662, 'Teasc', 18),
(5663, 'Terpeziţa', 18),
(5664, 'Teslui', 18),
(5665, 'Unirea', 18),
(5666, 'Urzicuţa', 18),
(5667, 'Valea Stanciului', 18),
(5668, 'Vela', 18),
(5669, 'Verbiţa', 18),
(5670, 'Vârtop', 18),
(5671, 'Vârvoru de Jos', 18),
(5672, 'Şimnicu de Sus', 18),
(5673, 'Ţuglui', 18),
(5674, 'Boureni', 18),
(5675, 'Covei', 18),
(5676, 'Beharca', 18),
(5677, 'Bogea', 18),
(5678, 'Coţofenii din Faţă', 18),
(5679, 'Moşneni', 18),
(5680, 'Şitoaia', 18),
(5681, 'Ocolna', 18),
(5682, 'Prapor', 18),
(5683, 'Dobroteşti', 18),
(5684, 'Nisipuri', 18),
(5685, 'Zvorsca', 18),
(5686, 'Berbeşu', 18),
(5687, 'Băranu', 18),
(5688, 'Iordăcheşti', 18),
(5689, 'Leordoasa', 18),
(5690, 'Malumnic', 18),
(5691, 'Novac', 18),
(5692, 'Piria', 18),
(5693, 'Poiana Fântânii', 18),
(5694, 'Salcia', 18),
(5695, 'Teascu din Deal', 18),
(5696, 'Ursoaia', 18),
(5697, 'Balasan', 18),
(5698, 'Bârca', 18),
(5699, 'Bistreţu Nou', 18),
(5700, 'Brânduşa', 18),
(5701, 'Plosca', 18),
(5702, 'Caraiman', 18),
(5703, 'Mosna', 18),
(5704, 'Răchita de Jos', 18),
(5705, 'Urdiniţa', 18),
(5706, 'Voita', 18),
(5707, 'Brădeştii Bătrâni', 18),
(5708, 'Meteu', 18),
(5709, 'Piscani', 18),
(5710, 'Răcarii de Jos', 18),
(5711, 'Tatomireşti', 18),
(5712, 'Ciocanele', 18),
(5713, 'Racoviţa', 18),
(5714, 'Schitu', 18),
(5715, 'Sfârcea', 18),
(5716, 'Valea Fântânilor', 18),
(5717, 'Bădoşi', 18),
(5718, 'Georocu Mare', 18),
(5719, 'Prunet', 18),
(5720, 'Rojişte', 18),
(5721, 'Tâmbureşti', 18),
(5722, 'Cotu', 18),
(5723, 'Crovna', 18),
(5724, 'Făget', 18),
(5725, 'Obedin', 18),
(5726, 'Roşieni', 18),
(5727, 'Valea Lungului', 18),
(5728, 'Cârligei', 18),
(5729, 'Italieni', 18),
(5730, 'Leamna de Jos', 18),
(5731, 'Leamna de Sus', 18),
(5732, 'Palilula', 18),
(5733, 'Sărbătoarea', 18),
(5734, 'Frăţila', 18),
(5735, 'Gura Racului', 18),
(5736, 'Piscu Lung', 18),
(5737, 'Poienile', 18),
(5738, 'Prejoi', 18),
(5739, 'Seculeşti', 18),
(5740, 'Stoiceşti', 18),
(5741, 'Sălişte', 18),
(5742, 'Înfrăţirea', 18),
(5743, 'Basarabi', 18),
(5744, 'Ciupercenii Vechi', 18),
(5745, 'Golenţi', 18),
(5746, 'Sărata', 18),
(5747, 'Belcinu', 18),
(5748, 'Bâzdâna', 18),
(5749, 'Panaghia', 18),
(5750, 'Sălcuţa', 18),
(5751, 'Cleanov', 18),
(5752, 'Gebleşti', 18),
(5753, 'Puţuri', 18),
(5754, 'Ghizdăveşti', 18),
(5755, 'Marotinu de Jos', 18),
(5756, 'Marotinu de Sus', 18),
(5757, 'Soreni', 18),
(5758, 'Malaica', 18),
(5759, 'Corniţa', 18),
(5760, 'Rasnicu Bătrân', 18),
(5761, 'Rasnicu Oghian', 18),
(5762, 'Ţiu', 18),
(5763, 'Moreni', 18),
(5764, 'Cetăţuia', 18),
(5765, 'Cioroiu Nou', 18),
(5766, 'Smârdan', 18),
(5767, 'Cârcea', 18),
(5768, 'Mihăiţa', 18),
(5769, 'Potmelţu', 18),
(5770, 'Cernele', 18),
(5771, 'Cernelele de Sus', 18),
(5772, 'Făcăi', 18),
(5773, 'Izvorul Rece', 18),
(5774, 'Mofleni', 18),
(5775, 'Popoveni', 18),
(5776, 'Rovine', 18),
(5777, 'Şimnicu de Jos', 18),
(5778, 'Chiaşu', 18),
(5779, 'Brabeţi', 18),
(5780, 'Branişte', 18),
(5781, 'Locusteni', 18),
(5782, 'Ciocăneşti', 18),
(5783, 'Radomir', 18),
(5784, 'Căciulăteşti', 18),
(5785, 'Georocel', 18),
(5786, 'Murta', 18),
(5787, 'Toceni', 18),
(5788, 'Beneşti', 18),
(5789, 'Bobeanu', 18),
(5790, 'Buzduc', 18),
(5791, 'Popânzăleşti', 18),
(5792, 'Viişoara', 18),
(5793, 'Booveni', 18),
(5794, 'Foişor', 18),
(5795, 'Padea', 18),
(5796, 'Amărăşti', 18),
(5797, 'Golumbelu', 18),
(5798, 'Golumbu', 18),
(5799, 'Mofleşti', 18),
(5800, 'Nistoi', 18),
(5801, 'Plopu Amărăşti', 18),
(5802, 'Puţinei', 18),
(5803, 'Soceni', 18),
(5804, 'Tălpaş', 18),
(5805, 'Almăjel', 18),
(5806, 'Branişte', 18),
(5807, 'Bâlta', 18),
(5808, 'Fratoştiţa', 18),
(5809, 'Răcarii de Sus', 18),
(5810, 'Uscăci', 18),
(5811, 'Gârleşti', 18),
(5812, 'Luncşoru', 18),
(5813, 'Ungureni', 18),
(5814, 'Ungurenii Mici', 18),
(5815, 'Nedeia', 18),
(5816, 'Zăval', 18),
(5817, 'Comoşteni', 18),
(5818, 'Gângiova', 18),
(5819, 'Galiciuica', 18),
(5820, 'Curmătura', 18),
(5821, 'Filaret', 18),
(5822, 'Gogoşiţa', 18),
(5823, 'Ştefănel', 18),
(5824, 'Cârna', 18),
(5825, 'Adâncata', 18),
(5826, 'Fântâni', 18),
(5827, 'Gruiţa', 18),
(5828, 'Mogoşeşti', 18),
(5829, 'Muereni', 18),
(5830, 'Mălăeşti', 18),
(5831, 'Pioreşti', 18),
(5832, 'Pometeşti', 18),
(5833, 'Popeasa', 18),
(5834, 'Vladimir', 18),
(5835, 'Zlătari', 18),
(5836, 'Ţandăra', 18),
(5837, 'Busu', 18),
(5838, 'Busuleţu', 18),
(5839, 'Bărboi', 18),
(5840, 'Gropanele', 18),
(5841, 'Grădiştea', 18),
(5842, 'Corlate', 18),
(5843, 'Domnu Tudor', 18),
(5844, 'Zănoaga', 18),
(5845, 'Lipovu de Sus', 18),
(5846, 'Săpata', 18),
(5847, 'Hunia', 18),
(5848, 'Ghindeni', 18),
(5849, 'Preajba', 18),
(5850, 'Bodăieşti', 18),
(5851, 'Bodăieştii de Sus', 18),
(5852, 'Godeni', 18),
(5853, 'Muieruşu', 18),
(5854, 'Negoieşti', 18),
(5855, 'Odoleni', 18),
(5856, 'Ohaba', 18),
(5857, 'Ploştina', 18),
(5858, 'Popeşti', 18),
(5859, 'Spineni', 18),
(5860, 'Valea Mare', 18),
(5861, 'Valea Muierii de Jos', 18),
(5862, 'Călineşti', 18),
(5863, 'Gogoşeşti', 18),
(5864, 'Mlecăneşti', 18),
(5865, 'Motoci', 18),
(5866, 'Urecheşti', 18),
(5867, 'Dobridor', 18),
(5868, 'Moţăţei Gară', 18),
(5869, 'Balota de Jos', 18),
(5870, 'Balota de Sus', 18),
(5871, 'Buşteni', 18),
(5872, 'Gaia', 18),
(5873, 'Picăturile', 18),
(5874, 'Rupturile', 18),
(5875, 'Velesti', 18),
(5876, 'Catane', 18),
(5877, 'Catanele Noi', 18),
(5878, 'Bechet', 18),
(5879, 'Cornu', 18),
(5880, 'Călugărei', 18),
(5881, 'Teiu', 18),
(5882, 'Lişteava', 18),
(5883, 'Mărăcinele', 18),
(5884, 'Câmpeni', 18),
(5885, 'Lânga', 18),
(5886, 'Ghidici', 18),
(5887, 'Pisculeţ', 18),
(5888, 'Castrele Traiane', 18),
(5889, 'Balta Verde', 18),
(5890, 'Branişte', 18),
(5891, 'Gura Văii', 18),
(5892, 'Livezi', 18),
(5893, 'Tunarii Noi', 18),
(5894, 'Tunarii Vechi', 18),
(5895, 'Bucicani', 18),
(5896, 'Cârstovani', 18),
(5897, 'Frasin', 18),
(5898, 'Milovan', 18),
(5899, 'Pleşoi', 18),
(5900, 'Predeştii Mici', 18),
(5901, 'Fântânele', 18),
(5902, 'Târnava', 18),
(5903, 'Întorsura', 18),
(5904, 'Bojoiu', 18),
(5905, 'Golfin', 18),
(5906, 'Lăcriţa Mare', 18),
(5907, 'Lăcriţa Mică', 18),
(5908, 'Robăneştii de Jos', 18),
(5909, 'Robăneştii de Sus', 18),
(5910, 'Piscu Sadovei', 18),
(5911, 'Mârza', 18),
(5912, 'Plopşor', 18),
(5913, 'Tencănău', 18),
(5914, 'Valea lui Pătru', 18),
(5915, 'Piscu Nou', 18),
(5916, 'Răchita de Sus', 18),
(5917, 'Veleni', 18),
(5918, 'Comănicea', 18),
(5919, 'Smadovicioara de Secu', 18),
(5920, 'Şumandra', 18),
(5921, 'Albeşti', 18),
(5922, 'Cornetu', 18),
(5923, 'Deleni', 18),
(5924, 'Dudoviceşti', 18),
(5925, 'Duţuleşti', 18),
(5926, 'Floreşti', 18),
(5927, 'Izvor', 18),
(5928, 'Jieni', 18),
(5929, 'Leşile', 18),
(5930, 'Mileşti', 18),
(5931, 'Româneşti', 18),
(5932, 'Başcov', 18),
(5933, 'Beloţ', 18),
(5934, 'Cernat', 18),
(5935, 'Pereni', 18),
(5936, 'Pietroaia', 18),
(5937, 'Sârsca', 18),
(5938, 'Secui', 18),
(5939, 'Căciulatu', 18),
(5940, 'Căruia', 18),
(5941, 'Floran', 18),
(5942, 'Lazu', 18),
(5943, 'Coşereni', 18),
(5944, 'Fântânele', 18),
(5945, 'Preajba de Jos', 18),
(5946, 'Preajba de Pădure', 18),
(5947, 'Urieni', 18),
(5948, 'Viişoara Moşneni', 18),
(5949, 'Ţărţăl', 18),
(5950, 'Jiul', 18),
(5951, 'Urzica Mare', 18),
(5952, 'Horezu Poenari', 18),
(5953, 'Bujor', 18),
(5954, 'Ciutura', 18),
(5955, 'Criva', 18),
(5956, 'Dobromira', 18),
(5957, 'Drăgoaia', 18),
(5958, 'Gabru', 18),
(5959, 'Vârvor', 18),
(5960, 'Bucovicior', 18),
(5961, 'Cetăţuia', 18),
(5962, 'Desnăţui', 18),
(5963, 'Gubaucea', 18),
(5964, 'Segleţ', 18),
(5965, 'Suharu', 18),
(5966, 'Ştiubei', 18),
(5967, 'Verbicioara', 18),
(5968, 'Barcea', 19),
(5969, 'Bereşti', 19),
(5970, 'Bereşti-Meria', 19),
(5971, 'Braniştea', 19),
(5972, 'Brăhăşeşti', 19),
(5973, 'Buciumeni', 19),
(5974, 'Băleni', 19),
(5975, 'Bălăbăneşti', 19),
(5976, 'Bălăşeşti', 19),
(5977, 'Băneasa', 19),
(5978, 'Cavadineşti', 19),
(5979, 'Cerţeşti', 19),
(5980, 'Corni', 19),
(5981, 'Corod', 19),
(5982, 'Cosmeşti', 19),
(5983, 'Costache Negri', 19),
(5984, 'Cuca', 19),
(5985, 'Cudalbi', 19),
(5986, 'Drăguşeni', 19),
(5987, 'Drăgăneşti', 19),
(5988, 'Folteşti', 19),
(5989, 'Frumuşiţa', 19),
(5990, 'Fundeni', 19),
(5991, 'Fârţăneşti', 19),
(5992, 'Galaţi', 19),
(5993, 'Ghidigeni', 19),
(5994, 'Gohor', 19),
(5995, 'Griviţa', 19),
(5996, 'Independenţa', 19),
(5997, 'Iveşti', 19),
(5998, 'Jorăşti', 19),
(5999, 'Lieşti', 19),
(6000, 'Matca', 19),
(6001, 'Movileni', 19),
(6002, 'Munteni', 19),
(6003, 'Măstăcani', 19),
(6004, 'Nicoreşti', 19),
(6005, 'Nămoloasa', 19),
(6006, 'Oancea', 19),
(6007, 'Pechea', 19),
(6008, 'Piscu', 19),
(6009, 'Priponeşti', 19),
(6010, 'Rediu', 19),
(6011, 'Schela', 19),
(6012, 'Scânteieşti', 19),
(6013, 'Slobozia Conachi', 19),
(6014, 'Smulţi', 19),
(6015, 'Smârdan', 19),
(6016, 'Suceveni', 19),
(6017, 'Tecuci', 19),
(6018, 'Tudor Vladimirescu', 19),
(6019, 'Tuluceşti', 19),
(6020, 'Târgu Bujor', 19),
(6021, 'Umbrăreşti', 19),
(6022, 'Valea Mărului', 19),
(6023, 'Vlădeşti', 19),
(6024, 'Vânători', 19),
(6025, 'Vărlezi', 19),
(6026, 'Şendreni', 19),
(6027, 'Ţepu', 19),
(6028, 'Bursucani', 19),
(6029, 'Cruceanu', 19),
(6030, 'Lungeşti', 19),
(6031, 'Rădeşti', 19),
(6032, 'Zimbru', 19),
(6033, 'Ciureşti', 19),
(6034, 'Ciureştii Noi', 19),
(6035, 'Pupezeni', 19),
(6036, 'Roşcani', 19),
(6037, 'Podoleni', 19),
(6038, 'Aldeşti', 19),
(6039, 'Balinteşti', 19),
(6040, 'Onciu', 19),
(6041, 'Pleşa', 19),
(6042, 'Prodăneşti', 19),
(6043, 'Puricani', 19),
(6044, 'Slivna', 19),
(6045, 'Săseni', 19),
(6046, 'Şipote', 19),
(6047, 'Corcioveni', 19),
(6048, 'Cosiţeni', 19),
(6049, 'Toflea', 19),
(6050, 'Lozova', 19),
(6051, 'Traian', 19),
(6052, 'Vasile Alecsandri', 19),
(6053, 'Hănţeşti', 19),
(6054, 'Tecucelu Sec', 19),
(6055, 'Vizureşti', 19),
(6056, 'Comăneşti', 19),
(6057, 'Găneşti', 19),
(6058, 'Vădeni', 19),
(6059, 'Cotoroaia', 19),
(6060, 'Cârlomăneşti', 19),
(6061, 'Măcişeni', 19),
(6062, 'Urleşti', 19),
(6063, 'Blânzi', 19),
(6064, 'Brătuleşti', 19),
(6065, 'Cărăpceşti', 19),
(6066, 'Băltăreţi', 19),
(6067, 'Cosmeştii-Vale', 19),
(6068, 'Furcenii Noi', 19),
(6069, 'Furcenii Vechi', 19),
(6070, 'Satu Nou', 19),
(6071, 'Malu Alb', 19),
(6072, 'Adam', 19),
(6073, 'Căuieşti', 19),
(6074, 'Fundeanu', 19),
(6075, 'Ghingheşti', 19),
(6076, 'Nicopole', 19),
(6077, 'Ştieţeşti', 19),
(6078, 'Viile', 19),
(6079, 'Stoicani', 19),
(6080, 'Ijdileni', 19),
(6081, 'Tămăoani', 19),
(6082, 'Fundenii Noi', 19),
(6083, 'Hanu Conachi', 19),
(6084, 'Lungoci', 19),
(6085, 'Gara Ghidigeni', 19),
(6086, 'Gefu', 19),
(6087, 'Gura Gârbovăţului', 19),
(6088, 'Gârbovăţ', 19),
(6089, 'Slobozia Corni', 19),
(6090, 'Tălpigi', 19),
(6091, 'Tăplău', 19),
(6092, 'Gara Berheci', 19),
(6093, 'Ireasca', 19),
(6094, 'Nărteşti', 19),
(6095, 'Poşta', 19),
(6096, 'Călmăţui', 19),
(6097, 'Buceşti', 19),
(6098, 'Lunca', 19),
(6099, 'Zărneşti', 19),
(6100, 'Chiraftei', 19),
(6101, 'Frunzeasca', 19),
(6102, 'Negrileşti', 19),
(6103, 'Slobozia Blăneasa', 19),
(6104, 'Ungureni', 19),
(6105, 'Ţigăneşti', 19),
(6106, 'Crângeni', 19),
(6107, 'Nămoloasa Sat', 19),
(6108, 'Brăniştea', 19),
(6109, 'Coasta Lupei', 19),
(6110, 'Dobrineşti', 19),
(6111, 'Fântâni', 19),
(6112, 'Grozăveşti', 19),
(6113, 'Ionăşeşti', 19),
(6114, 'Mălureni', 19),
(6115, 'Piscu Corbului', 19),
(6116, 'Poiana', 19),
(6117, 'Sârbi', 19),
(6118, 'Vişina', 19),
(6119, 'Slobozia Oancea', 19),
(6120, 'Lupele', 19),
(6121, 'Vameş', 19),
(6122, 'Ciorăşti', 19),
(6123, 'Huştiu', 19),
(6124, 'Lieşti', 19),
(6125, 'Priponeştii de Jos', 19),
(6126, 'Plevna', 19),
(6127, 'Suhurlui', 19),
(6128, 'Fântânele', 19),
(6129, 'Negrea', 19),
(6130, 'Movileni', 19),
(6131, 'Şerbeştii Vechi', 19),
(6132, 'Cuza Vodă', 19),
(6133, 'Izvoarele', 19),
(6134, 'Cişmele', 19),
(6135, 'Mihail Kogălniceanu', 19),
(6136, 'Rogojeni', 19),
(6137, 'Moscu', 19),
(6138, 'Umbrăreşti', 19),
(6139, 'Ţepu de Sus', 19),
(6140, 'Tătarca', 19),
(6141, 'Şiviţa', 19),
(6142, 'Condrea', 19),
(6143, 'Salcia', 19),
(6144, 'Siliştea', 19),
(6145, 'Torceşti', 19),
(6146, 'Umbrăreşti-Deal', 19),
(6147, 'Mândreşti', 19),
(6148, 'Costi', 19),
(6149, 'Odaia Manolache', 19),
(6150, 'Crăieşti', 19),
(6151, 'Brăneşti', 19),
(6152, 'Adunaţii-Copăceni', 20),
(6153, 'Bolintin-Deal', 20),
(6154, 'Bolintin-Vale', 20),
(6155, 'Bucşani', 20),
(6156, 'Bulbucata', 20),
(6157, 'Buturugeni', 20),
(6158, 'Băneasa', 20),
(6159, 'Clejani', 20),
(6160, 'Colibaşi', 20),
(6161, 'Comana', 20),
(6162, 'Crevedia Mare', 20),
(6163, 'Călugăreni', 20),
(6164, 'Daia', 20),
(6165, 'Frăteşti', 20),
(6166, 'Ghimpaţi', 20),
(6167, 'Giurgiu', 20),
(6168, 'Gogoşari', 20),
(6169, 'Gostinari', 20),
(6170, 'Gostinu', 20),
(6171, 'Greaca', 20),
(6172, 'Grădinari', 20),
(6173, 'Găiseni', 20),
(6174, 'Găujani', 20),
(6175, 'Hotarele', 20),
(6176, 'Iepureşti', 20),
(6177, 'Izvoarele', 20),
(6178, 'Joiţa', 20),
(6179, 'Letca Nouă', 20),
(6180, 'Malu', 20),
(6181, 'Mihai Bravu', 20),
(6182, 'Mihăileşti', 20),
(6183, 'Mârşa', 20),
(6184, 'Ogrezeni', 20),
(6185, 'Oinacu', 20),
(6186, 'Prundu', 20),
(6187, 'Putineiu', 20),
(6188, 'Roata de Jos', 20),
(6189, 'Răsuceni', 20),
(6190, 'Schitu', 20),
(6191, 'Singureni', 20),
(6192, 'Slobozia', 20),
(6193, 'Stoeneşti', 20),
(6194, 'Stăneşti', 20),
(6195, 'Toporu', 20),
(6196, 'Ulmi', 20),
(6197, 'Valea Dragului', 20),
(6198, 'Vedea', 20),
(6199, 'Vânătorii Mici', 20),
(6200, 'Vărăşti', 20),
(6201, 'Dărăşti-Vlaşca', 20),
(6202, 'Mogoşeşti', 20),
(6203, 'Varlaam', 20),
(6204, 'Frasinu', 20),
(6205, 'Pietrele', 20),
(6206, 'Sfântu Gheorghe', 20),
(6207, 'Mihai Vodă', 20),
(6208, 'Crivina', 20),
(6209, 'Malu Spart', 20),
(6210, 'Suseni', 20),
(6211, 'Angheleşti', 20),
(6212, 'Goleasca', 20),
(6213, 'Obedeni', 20),
(6214, 'Podişor', 20),
(6215, 'Uieşti', 20),
(6216, 'Vadu Lat', 20),
(6217, 'Coteni', 20),
(6218, 'Făcău', 20),
(6219, 'Teişori', 20),
(6220, 'Podu Ilfovăţului', 20),
(6221, 'Poşta', 20),
(6222, 'Pădureni', 20),
(6223, 'Brăniştari', 20),
(6224, 'Crucea de Piatră', 20),
(6225, 'Hulubeşti', 20),
(6226, 'Uzunu', 20),
(6227, 'Neajlov', 20),
(6228, 'Podu Doamnei', 20),
(6229, 'Sterea', 20),
(6230, 'Câmpurelu', 20),
(6231, 'Budeni', 20),
(6232, 'Falaştoaca', 20),
(6233, 'Grădiştea', 20),
(6234, 'Vlad Ţepeş', 20),
(6235, 'Crevedia Mică', 20),
(6236, 'Dealu', 20),
(6237, 'Găiseanca', 20),
(6238, 'Priboiu', 20),
(6239, 'Sfântu Gheorghe', 20),
(6240, 'Plopşoru', 20),
(6241, 'Floreşti', 20),
(6242, 'Palanca', 20),
(6243, 'Stoeneşti', 20),
(6244, 'Cetatea', 20),
(6245, 'Remuş', 20),
(6246, 'Cărpenişu', 20),
(6247, 'Căscioarele', 20),
(6248, 'Podu Popa Nae', 20),
(6249, 'Cetăţuia', 20),
(6250, 'Pietrişu', 20),
(6251, 'Copaciu', 20),
(6252, 'Naipu', 20),
(6253, 'Valea Plopilor', 20),
(6254, 'Drăghiceanu', 20),
(6255, 'Izvoru', 20),
(6256, 'Răleşti', 20),
(6257, 'Mironeşti', 20),
(6258, 'Tântava', 20),
(6259, 'Zorile', 20),
(6260, 'Puţu Greci', 20),
(6261, 'Zboiu', 20),
(6262, 'Herăşti', 20),
(6263, 'Isvoarele', 20),
(6264, 'Miloşeşti', 20),
(6265, 'Teiuşu', 20),
(6266, 'Băneşti', 20),
(6267, 'Chirculeşti', 20),
(6268, 'Gorneni', 20),
(6269, 'Stâlpu', 20),
(6270, 'Valter Mărăcineanu', 20),
(6271, 'Chiriacu', 20),
(6272, 'Dimitrie Cantemir', 20),
(6273, 'Petru Rareş', 20),
(6274, 'Radu Vodă', 20),
(6275, 'Valea Bujorului', 20),
(6276, 'Bâcu', 20),
(6277, 'Cosoba', 20),
(6278, 'Săbăreni', 20),
(6279, 'Letca Veche', 20),
(6280, 'Milcovăţu', 20),
(6281, 'Drăgănescu', 20),
(6282, 'Novaci', 20),
(6283, 'Popeşti', 20),
(6284, 'Hobaia', 20),
(6285, 'Braniştea', 20),
(6286, 'Comasca', 20),
(6287, 'Puieni', 20),
(6288, 'Hodivoaia', 20),
(6289, 'Vieru', 20),
(6290, 'Carapancea', 20),
(6291, 'Cucuruzu', 20),
(6292, 'Satu Nou', 20),
(6293, 'Cartojani', 20),
(6294, 'Roata Mică', 20),
(6295, 'Sadina', 20),
(6296, 'Bila', 20),
(6297, 'Cămineasca', 20),
(6298, 'Vlaşin', 20),
(6299, 'Crânguri', 20),
(6300, 'Stejaru', 20),
(6301, 'Bălanu', 20),
(6302, 'Ghizdaru', 20),
(6303, 'Onceşti', 20),
(6304, 'Ianculeşti', 20),
(6305, 'Mirău', 20),
(6306, 'Tomuleşti', 20),
(6307, 'Căscioarele', 20),
(6308, 'Drăgăneasca', 20),
(6309, 'Ghionea', 20),
(6310, 'Icoana', 20),
(6311, 'Moşteni', 20),
(6312, 'Poenari', 20),
(6313, 'Trestieni', 20),
(6314, 'Corbeanca', 20),
(6315, 'Cupele', 20),
(6316, 'Izvoru', 20),
(6317, 'Poiana lui Stângă', 20),
(6318, 'Vâlcele', 20),
(6319, 'Vânătorii Mari', 20),
(6320, 'Zădăriciu', 20),
(6321, 'Dobreni', 20),
(6322, 'Albeni', 21),
(6323, 'Alimpeşti', 21),
(6324, 'Aninoasa', 21),
(6325, 'Arcani', 21),
(6326, 'Baia de Fier', 21),
(6327, 'Berleşti', 21),
(6328, 'Bolboşi', 21),
(6329, 'Borăscu', 21),
(6330, 'Brăneşti', 21),
(6331, 'Bumbeşti-Jiu', 21),
(6332, 'Bumbeşti-Piţic', 21),
(6333, 'Bustuchin', 21),
(6334, 'Bâlteni', 21),
(6335, 'Băleşti', 21),
(6336, 'Bălăneşti', 21),
(6337, 'Bărbăteşti', 21),
(6338, 'Ciuperceni', 21),
(6339, 'Crasna', 21),
(6340, 'Cruşet', 21),
(6341, 'Câlnic', 21),
(6342, 'Căpreni', 21),
(6343, 'Cătunele', 21),
(6344, 'Drăgoteşti', 21),
(6345, 'Drăguţeşti', 21),
(6346, 'Dănciuleşti', 21),
(6347, 'Dăneşti', 21),
(6348, 'Fărcăşeşti', 21),
(6349, 'Glogova', 21),
(6350, 'Godineşti', 21),
(6351, 'Hurezani', 21),
(6352, 'Ioneşti', 21),
(6353, 'Jupâneşti', 21),
(6354, 'Leleşti', 21),
(6355, 'Licurici', 21),
(6356, 'Motru', 21),
(6357, 'Muşeteşti', 21),
(6358, 'Mătăsari', 21),
(6359, 'Negomir', 21),
(6360, 'Novaci', 21),
(6361, 'Padeş', 21),
(6362, 'Peştişani', 21),
(6363, 'Plopşoru', 21),
(6364, 'Polovragi', 21),
(6365, 'Prigoria', 21),
(6366, 'Rovinari', 21),
(6367, 'Roşia de Amaradia', 21),
(6368, 'Runcu', 21),
(6369, 'Samarineşti', 21),
(6370, 'Schela', 21),
(6371, 'Scoarţa', 21),
(6372, 'Slivileşti', 21),
(6373, 'Stejari', 21),
(6374, 'Stoina', 21),
(6375, 'Stăneşti', 21),
(6376, 'Săcelu', 21),
(6377, 'Săuleşti', 21),
(6378, 'Teleşti', 21),
(6379, 'Tismana', 21),
(6380, 'Turburea', 21),
(6381, 'Turceni', 21),
(6382, 'Turcineşti', 21),
(6383, 'Târgu Jiu', 21),
(6384, 'Urdari', 21),
(6385, 'Vladimir', 21),
(6386, 'Văgiuleşti', 21),
(6387, 'Ţicleni', 21),
(6388, 'Ţânţăreni', 21),
(6389, 'Bolboceşti', 21),
(6390, 'Bârzeiu de Gilort', 21),
(6391, 'Doseni', 21),
(6392, 'Mirosloveni', 21),
(6393, 'Pruneşti', 21),
(6394, 'Ciupercenii de Olteţ', 21),
(6395, 'Corşoru', 21),
(6396, 'Nistoreşti', 21),
(6397, 'Sârbeşti', 21),
(6398, 'Bobaia', 21),
(6399, 'Costeşti', 21),
(6400, 'Groşerea', 21),
(6401, 'Sterpoaia', 21),
(6402, 'Câmpofeni', 21),
(6403, 'Stroieşti', 21),
(6404, 'Sănăteşti', 21),
(6405, 'Cernădia', 21),
(6406, 'Blidari', 21),
(6407, 'Cânepeşti', 21),
(6408, 'Glodeni', 21),
(6409, 'Ohaba', 21),
(6410, 'Voiteştii de Vale', 21),
(6411, 'Voiteştii din Deal', 21),
(6412, 'Ceauru', 21),
(6413, 'Corneşti', 21),
(6414, 'Găvăneşti', 21),
(6415, 'Rasova', 21),
(6416, 'Stolojani', 21),
(6417, 'Tălpăşeşti', 21),
(6418, 'Tămăşeşti', 21),
(6419, 'Voinigeşti', 21),
(6420, 'Cocoreni', 21),
(6421, 'Moi', 21),
(6422, 'Peşteana Jiu', 21),
(6423, 'Vlăduleni', 21),
(6424, 'Musculeşti', 21),
(6425, 'Petreşti', 21),
(6426, 'Socu', 21),
(6427, 'Bengeşti', 21),
(6428, 'Bircii', 21),
(6429, 'Bălceşti', 21),
(6430, 'Ciocadia', 21),
(6431, 'Bârzeiu', 21),
(6432, 'Gâlceşti', 21),
(6433, 'Lihuleşti', 21),
(6434, 'Pârâu Viu', 21),
(6435, 'Scrada', 21),
(6436, 'Scurtu', 21),
(6437, 'Bolboasa', 21),
(6438, 'Bălăceşti', 21),
(6439, 'Igirosu', 21),
(6440, 'Miclosu', 21),
(6441, 'Ohaba Jiu', 21),
(6442, 'Valea', 21),
(6443, 'Baniu', 21),
(6444, 'Calapăru', 21),
(6445, 'Gura Menţi', 21),
(6446, 'Menţii din Dos', 21),
(6447, 'Miluta', 21),
(6448, 'Scoruşu', 21),
(6449, 'Brebenei', 21),
(6450, 'Bădeşti', 21),
(6451, 'Capu Dealului', 21),
(6452, 'Gilortu', 21),
(6453, 'Pârâu', 21),
(6454, 'Curtişoara', 21),
(6455, 'Lăzăreşti', 21),
(6456, 'Pleşa', 21),
(6457, 'Tetila', 21),
(6458, 'Cârligei', 21),
(6459, 'Poienari', 21),
(6460, 'Cionţi', 21),
(6461, 'Motorgi', 21),
(6462, 'Nămete', 21),
(6463, 'Poiana Seciuri', 21),
(6464, 'Poieniţa', 21),
(6465, 'Pojaru', 21),
(6466, 'Valea Pojarului', 21),
(6467, 'Câlnicu de Sus', 21),
(6468, 'Didileşti', 21),
(6469, 'Găleşoaia', 21),
(6470, 'Hodoreasca', 21),
(6471, 'Pieptani', 21),
(6472, 'Pinoasa', 21),
(6473, 'Stejerei', 21),
(6474, 'Vâlceaua', 21),
(6475, 'Aluniş', 21),
(6476, 'Brăteşti', 21),
(6477, 'Bulbuceni', 21),
(6478, 'Cetatea', 21),
(6479, 'Cornetu', 21),
(6480, 'Dealu Spirei', 21),
(6481, 'Satu Nou', 21),
(6482, 'Dealu Viilor', 21),
(6483, 'Lupoaia', 21),
(6484, 'Steic', 21),
(6485, 'Valea Mânăstirii', 21),
(6486, 'Valea Perilor', 21),
(6487, 'Boboieşti', 21),
(6488, 'Peşteana Vulcan', 21),
(6489, 'Priporu', 21),
(6490, 'Strâmba Vulcan', 21),
(6491, 'Vârtopu', 21),
(6492, 'Zorzila', 21),
(6493, 'Aninişu din Deal', 21),
(6494, 'Aninişu din Vale', 21),
(6495, 'Buzeşti', 21),
(6496, 'Crasna din Deal', 21),
(6497, 'Cărpiniş', 21),
(6498, 'Drăgoieşti', 21),
(6499, 'Dumbrăveni', 21),
(6500, 'Radoşi', 21),
(6501, 'Bojinu', 21),
(6502, 'Marineşti', 21),
(6503, 'Mierea', 21),
(6504, 'Miericeaua', 21),
(6505, 'Măiag', 21),
(6506, 'Slămneşti', 21),
(6507, 'Slăvuţa', 21),
(6508, 'Urda de Jos', 21),
(6509, 'Văluţa', 21),
(6510, 'Bibuleşti', 21),
(6511, 'Hălăngeşti', 21),
(6512, 'Obârşia', 21),
(6513, 'Petrăchei', 21),
(6514, 'Rădineşti', 21),
(6515, 'Zăicoiu', 21),
(6516, 'Barza', 21),
(6517, 'Botorogi', 21),
(6518, 'Brătuia', 21),
(6519, 'Bucureasa', 21),
(6520, 'Merfuleşti', 21),
(6521, 'Trocani', 21),
(6522, 'Ungureni', 21),
(6523, 'Văcarea', 21),
(6524, 'Şasa', 21),
(6525, 'Ţârculeşti', 21),
(6526, 'Corobăi', 21),
(6527, 'Trestioara', 21),
(6528, 'Cârbeşti', 21),
(6529, 'Dâmbova', 21),
(6530, 'Iaşi-Gorj', 21),
(6531, 'Tâlveşti', 21),
(6532, 'Urecheşti', 21),
(6533, 'Fărcăşeşti Moşneni', 21),
(6534, 'Peşteana de Jos', 21),
(6535, 'Rogojel', 21),
(6536, 'Roşia Jiu', 21),
(6537, 'Timişeni', 21),
(6538, 'Valea cu Apă', 21),
(6539, 'Cleşneşti', 21),
(6540, 'Cămuieşti', 21),
(6541, 'Iormăneşti', 21),
(6542, 'Olteanu', 21),
(6543, 'Arjoci', 21),
(6544, 'Chiliu', 21),
(6545, 'Câlceşti', 21),
(6546, 'Pârâu de Pripor', 21),
(6547, 'Pârâu de Vale', 21),
(6548, 'Rătez', 21),
(6549, 'Busuioci', 21),
(6550, 'Pegeni', 21),
(6551, 'Plopu', 21),
(6552, 'Totea de Hurezani', 21),
(6553, 'Gura Şuşiţei', 21),
(6554, 'Ilieşti', 21),
(6555, 'Picu', 21),
(6556, 'Boia', 21),
(6557, 'Pârâu Boia', 21),
(6558, 'Vidin', 21),
(6559, 'Vierşani', 21),
(6560, 'Frăteşti', 21),
(6561, 'Rasoviţa', 21),
(6562, 'Frumuşei', 21),
(6563, 'Negreni', 21),
(6564, 'Totea', 21),
(6565, 'Colţeşti', 21),
(6566, 'Frunza', 21),
(6567, 'Logreşti Moşteni', 21),
(6568, 'Măru', 21),
(6569, 'Popeşti', 21),
(6570, 'Seaca', 21),
(6571, 'Târgu Logreşti', 21),
(6572, 'Brădet', 21),
(6573, 'Brădeţel', 21),
(6574, 'Croici', 21),
(6575, 'Runcurel', 21),
(6576, 'Dealu Pomilor', 21),
(6577, 'Horăşti', 21),
(6578, 'Leurda', 21),
(6579, 'Lupoiţa', 21),
(6580, 'Ploştina', 21),
(6581, 'Roşiuţa', 21),
(6582, 'Râpa', 21),
(6583, 'Însurăţei', 21),
(6584, 'Arşeni', 21),
(6585, 'Bârcaciu', 21),
(6586, 'Grui', 21),
(6587, 'Gămani', 21),
(6588, 'Stănceşti', 21),
(6589, 'Stănceşti Larga', 21),
(6590, 'Artanu', 21),
(6591, 'Bohorel', 21),
(6592, 'Condeieşti', 21),
(6593, 'Nucetu', 21),
(6594, 'Orzu', 21),
(6595, 'Paltinu', 21),
(6596, 'Raci', 21),
(6597, 'Ursoaia', 21),
(6598, 'Valea Racilor', 21),
(6599, 'Berceşti', 21),
(6600, 'Hirişeşti', 21),
(6601, 'Pociovaliştea', 21),
(6602, 'Siteşti', 21),
(6603, 'Apa Neagră', 21),
(6604, 'Cerna-Sat', 21),
(6605, 'Cloşani', 21),
(6606, 'Călugăreni', 21),
(6607, 'Motru Sec', 21),
(6608, 'Orzeşti', 21),
(6609, 'Văieni', 21),
(6610, 'Boroşteni', 21),
(6611, 'Brădiceni', 21),
(6612, 'Frânceşti', 21),
(6613, 'Gureni', 21),
(6614, 'Hobiţa', 21),
(6615, 'Seuca', 21),
(6616, 'Broşteni', 21),
(6617, 'Broştenii de Sus', 21),
(6618, 'Ceplea', 21),
(6619, 'Cursaru', 21),
(6620, 'Deleni', 21),
(6621, 'Izvoarele', 21),
(6622, 'Olari', 21),
(6623, 'Piscuri', 21),
(6624, 'Sărdăneşti', 21),
(6625, 'Văleni', 21),
(6626, 'Racoviţa', 21),
(6627, 'Bucşana', 21),
(6628, 'Burlani', 21),
(6629, 'Călugăreasa', 21),
(6630, 'Dobrana', 21),
(6631, 'Negoieşti', 21),
(6632, 'Zorleşti', 21),
(6633, 'Becheni', 21),
(6634, 'Dealu Viei', 21),
(6635, 'Ruget', 21),
(6636, 'Seciurile', 21),
(6637, 'Stejaru', 21),
(6638, 'Şitoaia', 21),
(6639, 'Vârt', 21),
(6640, 'Bâlta', 21),
(6641, 'Bâltişoara', 21),
(6642, 'Dobriţa', 21),
(6643, 'Răchiţi', 21),
(6644, 'Suseni', 21),
(6645, 'Valea Mare', 21),
(6646, 'Blahniţa de Sus', 21),
(6647, 'Hăieşti', 21),
(6648, 'Jeriştea', 21),
(6649, 'Maghereşti', 21),
(6650, 'Boca', 21),
(6651, 'Băzăvani', 21),
(6652, 'Duculeşti', 21),
(6653, 'Larga', 21),
(6654, 'Valea Bisericii', 21),
(6655, 'Valea Mică', 21),
(6656, 'Valea Poienii', 21),
(6657, 'Ţirioi', 21),
(6658, 'Bibeşti', 21),
(6659, 'Dolceşti', 21),
(6660, 'Purcaru', 21),
(6661, 'Arsuri', 21),
(6662, 'Gornăcel', 21),
(6663, 'Păjiştele', 21),
(6664, 'Sâmbotin', 21),
(6665, 'Bobu', 21),
(6666, 'Budieni', 21),
(6667, 'Cerătu de Copăcioasa', 21),
(6668, 'Colibaşi', 21),
(6669, 'Copăcioasa', 21),
(6670, 'Câmpu Mare', 21),
(6671, 'Lazuri', 21),
(6672, 'Lintea', 21),
(6673, 'Mogoşani', 21),
(6674, 'Pişteştii din Deal', 21),
(6675, 'Cojmăneşti', 21),
(6676, 'Miculeşti', 21),
(6677, 'Strâmtu', 21),
(6678, 'Sura', 21),
(6679, 'Tehomir', 21),
(6680, 'Şiacu', 21),
(6681, 'Ştiucani', 21),
(6682, 'Alexeni', 21),
(6683, 'Bălani', 21),
(6684, 'Curpen', 21),
(6685, 'Căleşti', 21),
(6686, 'Măzăroi', 21),
(6687, 'Obreja', 21),
(6688, 'Pârvuleşti', 21),
(6689, 'Vaidei', 21),
(6690, 'Vălari', 21),
(6691, 'Baloşani', 21),
(6692, 'Băceşti', 21),
(6693, 'Dealu Leului', 21),
(6694, 'Piscoiu', 21),
(6695, 'Popeşti Stejari', 21),
(6696, 'Ciorari', 21),
(6697, 'Mieluşei', 21),
(6698, 'Păişani', 21),
(6699, 'Toiaga', 21),
(6700, 'Ulmet', 21),
(6701, 'Urda de Sus', 21),
(6702, 'Arpadia', 21),
(6703, 'Chiciora', 21),
(6704, 'Floreşti', 21),
(6705, 'Bârseşti', 21),
(6706, 'Drăgoeni', 21),
(6707, 'Iezureni', 21),
(6708, 'Polata', 21),
(6709, 'Preajba Mare', 21),
(6710, 'Romaneşti', 21),
(6711, 'Slobozia', 21),
(6712, 'Ursaţi', 21),
(6713, 'Buduhala', 21),
(6714, 'Şomăneşti', 21),
(6715, 'Blahniţa de Jos', 21),
(6716, 'Cojani', 21),
(6717, 'Creţeşti', 21),
(6718, 'Curteana', 21),
(6719, 'Cărbuneşti-Sat', 21),
(6720, 'Floreşteni', 21),
(6721, 'Măceşu', 21),
(6722, 'Pojogeni', 21),
(6723, 'Rogojeni', 21),
(6724, 'Târgu Cărbuneşti', 21),
(6725, 'Ştefăneşti', 21),
(6726, 'Celei', 21),
(6727, 'Costeni', 21),
(6728, 'Gornoviţa', 21),
(6729, 'Isvarna', 21),
(6730, 'Pocruia', 21),
(6731, 'Racoţi', 21),
(6732, 'Sohodol', 21),
(6733, 'Topeşti', 21),
(6734, 'Vâlcele', 21),
(6735, 'Vânata', 21),
(6736, 'Cocorova', 21),
(6737, 'Poiana', 21),
(6738, 'Spahii', 21),
(6739, 'Şipotu', 21),
(6740, 'Gârbovu', 21),
(6741, 'Jilţu', 21),
(6742, 'Murgeşti', 21),
(6743, 'Strâmba Jiu', 21),
(6744, 'Valea Viei', 21),
(6745, 'Cartiu', 21),
(6746, 'Horezu', 21),
(6747, 'Rugi', 21),
(6748, 'Fântânele', 21),
(6749, 'Hotăroasa', 21),
(6750, 'Covrigi', 21),
(6751, 'Cârciu', 21),
(6752, 'Murgileşti', 21),
(6753, 'Valea Motrului', 21),
(6754, 'Andreeşti', 21),
(6755, 'Frasin', 21),
(6756, 'Valea Deşului', 21),
(6757, 'Atid', 22),
(6758, 'Avrămeşti', 22),
(6759, 'Bilbor', 22),
(6760, 'Borsec', 22),
(6761, 'Brădeşti', 22),
(6762, 'Băile Tuşnad', 22),
(6763, 'Bălan', 22),
(6764, 'Ciucsângeorgiu', 22),
(6765, 'Ciumani', 22),
(6766, 'Corbu', 22),
(6767, 'Corund', 22),
(6768, 'Cozmeni', 22),
(6769, 'Cristuru Secuiesc', 22),
(6770, 'Cârţa', 22),
(6771, 'Căpâlniţa', 22),
(6772, 'Dealu', 22),
(6773, 'Ditrău', 22),
(6774, 'Dârjiu', 22),
(6775, 'Dăneşti', 22),
(6776, 'Frumoasa', 22),
(6777, 'Gheorgheni', 22),
(6778, 'Gălăuţaş', 22),
(6779, 'Joseni', 22),
(6780, 'Lueta', 22),
(6781, 'Lunca de Jos', 22),
(6782, 'Lunca de Sus', 22),
(6783, 'Lupeni', 22),
(6784, 'Lăzarea', 22),
(6785, 'Mereşti', 22),
(6786, 'Miercurea Ciuc', 22),
(6787, 'Mihăileni', 22),
(6788, 'Mugeni', 22),
(6789, 'Mădăraş', 22),
(6790, 'Mărtiniş', 22),
(6791, 'Ocland', 22),
(6792, 'Odorheiu Secuiesc', 22),
(6793, 'Plăieşii de Jos', 22),
(6794, 'Praid', 22),
(6795, 'Păuleni-Ciuc', 22),
(6796, 'Remetea', 22),
(6797, 'Secuieni', 22),
(6798, 'Siculeni', 22),
(6799, 'Subcetate', 22),
(6800, 'Suseni', 22),
(6801, 'Sâncrăieni', 22),
(6802, 'Sândominic', 22),
(6803, 'Sânmartin', 22),
(6804, 'Sânsimion', 22),
(6805, 'Săcel', 22),
(6806, 'Sărmaş', 22),
(6807, 'Tomeşti', 22),
(6808, 'Topliţa', 22),
(6809, 'Tulgheş', 22),
(6810, 'Tuşnad', 22),
(6811, 'Ulieş', 22),
(6812, 'Vlăhiţa', 22),
(6813, 'Voşlăbeni', 22),
(6814, 'Vărşag', 22),
(6815, 'Zetea', 22),
(6816, 'Şimoneşti', 22),
(6817, 'Crişeni', 22),
(6818, 'Cuşmed', 22),
(6819, 'Inlăceni', 22),
(6820, 'Şiclod', 22),
(6821, 'Andreeni', 22),
(6822, 'Cecheşti', 22),
(6823, 'Firtănuş', 22),
(6824, 'Goagiu', 22),
(6825, 'Laz-Firtănuş', 22),
(6826, 'Laz-Şoimuş', 22),
(6827, 'Medişoru Mic', 22),
(6828, 'Carpitus', 22),
(6829, 'Răchitiş', 22),
(6830, 'Satu Mare', 22),
(6831, 'Târnoviţa', 22),
(6832, 'Ineu', 22),
(6833, 'Armăşeni', 22),
(6834, 'Armăşenii Noi', 22),
(6835, 'Bancu', 22),
(6836, 'Ciobăniş', 22),
(6837, 'Cotormani', 22),
(6838, 'Eghersec', 22),
(6839, 'Ghiurche', 22),
(6840, 'Potiond', 22),
(6841, 'Capu Corbului', 22),
(6842, 'Atia', 22),
(6843, 'Calonda', 22),
(6844, 'Fântâna Brazilor', 22),
(6845, 'Valea lui Pavel', 22),
(6846, 'Lăzăreşti', 22),
(6847, 'Filiaş', 22),
(6848, 'Mujna', 22),
(6849, 'Fâncel', 22),
(6850, 'Sâncrai', 22),
(6851, 'Tibod', 22),
(6852, 'Tămaşu', 22),
(6853, 'Ulcani', 22),
(6854, 'Valea Rotundă', 22),
(6855, 'Jolotca', 22),
(6856, 'Ţengheler', 22),
(6857, 'Alexandriţa', 22),
(6858, 'Arvăţeni', 22),
(6859, 'Cireşeni', 22),
(6860, 'Feliceni', 22),
(6861, 'Forţeni', 22),
(6862, 'Hoghia', 22),
(6863, 'Oţeni', 22),
(6864, 'Poloniţa', 22),
(6865, 'Teleac', 22),
(6866, 'Tăureni', 22),
(6867, 'Văleni', 22),
(6868, 'Bârzava', 22),
(6869, 'Făgeţel', 22),
(6870, 'Nicoleşti', 22),
(6871, 'Dealu Armanului', 22),
(6872, 'Gălăuţaş-Pârău', 22),
(6873, 'Nuţeni', 22),
(6874, 'Plopiş', 22),
(6875, 'Preluca', 22),
(6876, 'Toleşeni', 22),
(6877, 'Zăpodea', 22),
(6878, 'Covacipeter', 22),
(6879, 'Lacu Roşu', 22),
(6880, 'Vargatac', 22),
(6881, 'Visafolio', 22),
(6882, 'Borzont', 22),
(6883, 'Bucin', 22),
(6884, 'Ghiduţ', 22),
(6885, 'Băile Chirui', 22),
(6886, 'Baraţcoş', 22),
(6887, 'Poiana Fagului', 22),
(6888, 'Puntea Lupului', 22),
(6889, 'Valea Boroş', 22),
(6890, 'Valea Capelei', 22),
(6891, 'Valea Rece', 22),
(6892, 'Valea lui Antaloc', 22);
INSERT INTO `valuation_city` (`id`, `name`, `area_id`) VALUES
(6893, 'Valea Întunecoasă', 22),
(6894, 'Comiat', 22),
(6895, 'Izvorul Trotuşului', 22),
(6896, 'Păltiniş-Ciuc', 22),
(6897, 'Valea Gârbea', 22),
(6898, 'Valea Ugra', 22),
(6899, 'Bisericani', 22),
(6900, 'Bulgăreni', 22),
(6901, 'Firtuşu', 22),
(6902, 'Morăreni', 22),
(6903, 'Păltiniş', 22),
(6904, 'Păuleni', 22),
(6905, 'Satu Mic', 22),
(6906, 'Sâncel', 22),
(6907, 'Aldea', 22),
(6908, 'Bădeni', 22),
(6909, 'Chinuşu', 22),
(6910, 'Comăneşti', 22),
(6911, 'Călugăreni', 22),
(6912, 'Ghipeş', 22),
(6913, 'Locodeni', 22),
(6914, 'Orăşeni', 22),
(6915, 'Petreni', 22),
(6916, 'Rareş', 22),
(6917, 'Sânpaul', 22),
(6918, 'Ciba', 22),
(6919, 'Harghita-Băi', 22),
(6920, 'Jigodin-Băi', 22),
(6921, 'Livezi', 22),
(6922, 'Nădejdea', 22),
(6923, 'Văcăreşti', 22),
(6924, 'Aluniş', 22),
(6925, 'Beta', 22),
(6926, 'Beteşti', 22),
(6927, 'Dejuţiu', 22),
(6928, 'Dobeni', 22),
(6929, 'Lutiţa', 22),
(6930, 'Mătişeni', 22),
(6931, 'Porumbenii Mari', 22),
(6932, 'Porumbenii Mici', 22),
(6933, 'Tăietura', 22),
(6934, 'Crăciunel', 22),
(6935, 'Satu Nou', 22),
(6936, 'Delniţa', 22),
(6937, 'Şoimeni', 22),
(6938, 'Casinu Nou', 22),
(6939, 'Iacobeni', 22),
(6940, 'Imper', 22),
(6941, 'Plăieşii de Sus', 22),
(6942, 'Becaş', 22),
(6943, 'Bucin', 22),
(6944, 'Ocna de Jos', 22),
(6945, 'Ocna de Sus', 22),
(6946, 'Şaşvereş', 22),
(6947, 'Făgeţel', 22),
(6948, 'Martonca', 22),
(6949, 'Sineu', 22),
(6950, 'Uilac', 22),
(6951, 'Vidacut', 22),
(6952, 'Şoimuşu Mare', 22),
(6953, 'Şoimuşu Mic', 22),
(6954, 'Fitod', 22),
(6955, 'Hosasău', 22),
(6956, 'Leliceni', 22),
(6957, 'Misentea', 22),
(6958, 'Sântimbru', 22),
(6959, 'Sântimbru-Băi', 22),
(6960, 'Ciucani', 22),
(6961, 'Valea Uzului', 22),
(6962, 'Cetăţuia', 22),
(6963, 'Fundoaia', 22),
(6964, 'Hodoşa', 22),
(6965, 'Platoneşti', 22),
(6966, 'Runc', 22),
(6967, 'Bodogaia', 22),
(6968, 'Eliseni', 22),
(6969, 'Ciaracio', 22),
(6970, 'Ciceu', 22),
(6971, 'Racu', 22),
(6972, 'Satu Nou', 22),
(6973, 'Benţid', 22),
(6974, 'Ceheţel', 22),
(6975, 'Chedia Mare', 22),
(6976, 'Chedia Mică', 22),
(6977, 'Cobăteşti', 22),
(6978, 'Cădaciu Mare', 22),
(6979, 'Cădaciu Mic', 22),
(6980, 'Medişoru Mare', 22),
(6981, 'Mihăileni', 22),
(6982, 'Nicoleni', 22),
(6983, 'Rugăneşti', 22),
(6984, 'Turdeni', 22),
(6985, 'Tărceşti', 22),
(6986, 'Călnaci', 22),
(6987, 'Duda', 22),
(6988, 'Filpea', 22),
(6989, 'Chileni', 22),
(6990, 'Liban', 22),
(6991, 'Senetea', 22),
(6992, 'Valea Strâmbă', 22),
(6993, 'Călimănel', 22),
(6994, 'Luncani', 22),
(6995, 'Moglăneşti', 22),
(6996, 'Măgheruş', 22),
(6997, 'Secu', 22),
(6998, 'Vale', 22),
(6999, 'Vâgani', 22),
(7000, 'Zencani', 22),
(7001, 'Hagota', 22),
(7002, 'Pintic', 22),
(7003, 'Recea', 22),
(7004, 'Tuşnadu Nou', 22),
(7005, 'Vrabia', 22),
(7006, 'Daia', 22),
(7007, 'Iaşu', 22),
(7008, 'Ighiu', 22),
(7009, 'Nicoleşti', 22),
(7010, 'Obrăneşti', 22),
(7011, 'Petecu', 22),
(7012, 'Vasileni', 22),
(7013, 'Băile Homorod', 22),
(7014, 'Minele Lueta', 22),
(7015, 'Izvoru Mureşului', 22),
(7016, 'Desag', 22),
(7017, 'Izvoare', 22),
(7018, 'Poiana Târnavei', 22),
(7019, 'Sub Cetate', 22),
(7020, 'Şicasău', 22),
(7021, 'Aninoasa', 23),
(7022, 'Baia de Criş', 23),
(7023, 'Balşa', 23),
(7024, 'Baru', 23),
(7025, 'Beriu', 23),
(7026, 'Blăjeni', 23),
(7027, 'Boşorod', 23),
(7028, 'Brad', 23),
(7029, 'Bretea Română', 23),
(7030, 'Brănişca', 23),
(7031, 'Buceş', 23),
(7032, 'Bucureşci', 23),
(7033, 'Bulzeştii de Sus', 23),
(7034, 'Bunila', 23),
(7035, 'Burjuc', 23),
(7036, 'Băcia', 23),
(7037, 'Băiţa', 23),
(7038, 'Băniţa', 23),
(7039, 'Bătrâna', 23),
(7040, 'Cerbăl', 23),
(7041, 'Certeju de Sus', 23),
(7042, 'Crişcior', 23),
(7043, 'Cârjiţi', 23),
(7044, 'Călan', 23),
(7045, 'Densuş', 23),
(7046, 'Deva', 23),
(7047, 'Dobra', 23),
(7048, 'General Berthelot', 23),
(7049, 'Geoagiu', 23),
(7050, 'Ghelari', 23),
(7051, 'Gurasada', 23),
(7052, 'Haţeg', 23),
(7053, 'Hunedoara', 23),
(7054, 'Hărău', 23),
(7055, 'Ilia', 23),
(7056, 'Lelese', 23),
(7057, 'Lunca Cernii de Jos', 23),
(7058, 'Luncoiu de Jos', 23),
(7059, 'Lupeni', 23),
(7060, 'Lăpugiu de Jos', 23),
(7061, 'Mărtineşti', 23),
(7062, 'Orăştie', 23),
(7063, 'Orăştioara de Sus', 23),
(7064, 'Pestişu Mic', 23),
(7065, 'Petrila', 23),
(7066, 'Petroşani', 23),
(7067, 'Pui', 23),
(7068, 'Rapoltu Mare', 23),
(7069, 'Ribiţa', 23),
(7070, 'Romos', 23),
(7071, 'Râu de Mori', 23),
(7072, 'Răchitova', 23),
(7073, 'Sarmizegetusa', 23),
(7074, 'Simeria', 23),
(7075, 'Sântămăria-Orlea', 23),
(7076, 'Sălaşu de Sus', 23),
(7077, 'Teliucu Inferior', 23),
(7078, 'Tomeşti', 23),
(7079, 'Topliţa', 23),
(7080, 'Toteşti', 23),
(7081, 'Turdaş', 23),
(7082, 'Uricani', 23),
(7083, 'Vaţa de Jos', 23),
(7084, 'Veţel', 23),
(7085, 'Vorţa', 23),
(7086, 'Vulcan', 23),
(7087, 'Vălişoara', 23),
(7088, 'Zam', 23),
(7089, 'Şoimuş', 23),
(7090, 'Iscroni', 23),
(7091, 'Petreni', 23),
(7092, 'Totia', 23),
(7093, 'Tâmpa', 23),
(7094, 'Baldovin', 23),
(7095, 'Căraci', 23),
(7096, 'Cărăstău', 23),
(7097, 'Lunca', 23),
(7098, 'Rişca', 23),
(7099, 'Rişculiţa', 23),
(7100, 'Văleni', 23),
(7101, 'Ţebea', 23),
(7102, 'Barbura', 23),
(7103, 'Crăciuneşti', 23),
(7104, 'Căinelu de Sus', 23),
(7105, 'Fizeş', 23),
(7106, 'Hărţăgani', 23),
(7107, 'Lunca', 23),
(7108, 'Ormindea', 23),
(7109, 'Peştera', 23),
(7110, 'Sălişte', 23),
(7111, 'Trestia', 23),
(7112, 'Almaşu Mic de Munte', 23),
(7113, 'Ardeu', 23),
(7114, 'Buneşti', 23),
(7115, 'Galbina', 23),
(7116, 'Mada', 23),
(7117, 'Oprişeşti', 23),
(7118, 'Poiana', 23),
(7119, 'Poieniţa', 23),
(7120, 'Roşia', 23),
(7121, 'Stăuini', 23),
(7122, 'Techereu', 23),
(7123, 'Voia', 23),
(7124, 'Vălişoara', 23),
(7125, 'Crivadia', 23),
(7126, 'Merişor', 23),
(7127, 'Livadia', 23),
(7128, 'Petros', 23),
(7129, 'Valea Lupului', 23),
(7130, 'Faţa Roşie', 23),
(7131, 'Piatra', 23),
(7132, 'Răchiţaua', 23),
(7133, 'Cucuiş', 23),
(7134, 'Căstău', 23),
(7135, 'Măgureni', 23),
(7136, 'Orăştioara de Jos', 23),
(7137, 'Poieni', 23),
(7138, 'Sereca', 23),
(7139, 'Sibişel', 23),
(7140, 'Blăjeni-Vulcan', 23),
(7141, 'Criş', 23),
(7142, 'Dragu-Brad', 23),
(7143, 'Groşuri', 23),
(7144, 'Plai', 23),
(7145, 'Reţ', 23),
(7146, 'Sălătruc', 23),
(7147, 'Alun', 23),
(7148, 'Bobaia', 23),
(7149, 'Chitid', 23),
(7150, 'Cioclovina', 23),
(7151, 'Luncani', 23),
(7152, 'Prihodişte', 23),
(7153, 'Târsa', 23),
(7154, 'Ursici', 23),
(7155, 'Mesteacăn', 23),
(7156, 'Potingani', 23),
(7157, 'Ruda-Brad', 23),
(7158, 'Valea Bradului', 23),
(7159, 'Ţărăţel', 23),
(7160, 'Boz', 23),
(7161, 'Bărăştii Iliei', 23),
(7162, 'Căbeşti', 23),
(7163, 'Furcşoara', 23),
(7164, 'Gialacuta', 23),
(7165, 'Rovina', 23),
(7166, 'Târnava', 23),
(7167, 'Târnăviţa', 23),
(7168, 'Bercu', 23),
(7169, 'Bretea Streiului', 23),
(7170, 'Băţălar', 23),
(7171, 'Covragiu', 23),
(7172, 'Gânţaga', 23),
(7173, 'Măceu', 23),
(7174, 'Ocolişu Mare', 23),
(7175, 'Plopi', 23),
(7176, 'Ruşi', 23),
(7177, 'Vâlcele', 23),
(7178, 'Vâlcelele Bune', 23),
(7179, 'Vâlceluţa', 23),
(7180, 'Buceş-Vulcan', 23),
(7181, 'Dupăpiatră', 23),
(7182, 'Grohoţele', 23),
(7183, 'Mihăileni', 23),
(7184, 'Stănija', 23),
(7185, 'Tarniţa', 23),
(7186, 'Curechiu', 23),
(7187, 'Merişor', 23),
(7188, 'Rovina', 23),
(7189, 'Şesuri', 23),
(7190, 'Bulzeştii de Jos', 23),
(7191, 'Giurgeşti', 23),
(7192, 'Grohot', 23),
(7193, 'Păuleşti', 23),
(7194, 'Ruseşti', 23),
(7195, 'Stănculeşti', 23),
(7196, 'Ticera', 23),
(7197, 'Tomnatec', 23),
(7198, 'Alun', 23),
(7199, 'Cernişoara Florese', 23),
(7200, 'Poieniţa Voinii', 23),
(7201, 'Vadu Dobrii', 23),
(7202, 'Brădăţel', 23),
(7203, 'Glodghileşti', 23),
(7204, 'Petreşti', 23),
(7205, 'Tisa', 23),
(7206, 'Tătărăşti', 23),
(7207, 'Batiz', 23),
(7208, 'Călanu Mic', 23),
(7209, 'Grid', 23),
(7210, 'Nădăştia de Jos', 23),
(7211, 'Nădăştia de Sus', 23),
(7212, 'Ohaba Streiului', 23),
(7213, 'Strei', 23),
(7214, 'Strei-Săcel', 23),
(7215, 'Streisângeorgiu', 23),
(7216, 'Sâncrai', 23),
(7217, 'Sântămăria de Piatră', 23),
(7218, 'Valea Sângeorgiului', 23),
(7219, 'Almaşu Sec', 23),
(7220, 'Chergheş', 23),
(7221, 'Cozia', 23),
(7222, 'Popeşti', 23),
(7223, 'Arănieş', 23),
(7224, 'Feregi', 23),
(7225, 'Merişoru de Munte', 23),
(7226, 'Poiana Răchiţelii', 23),
(7227, 'Poieniţa Tomii', 23),
(7228, 'Socet', 23),
(7229, 'Ulm', 23),
(7230, 'Bocşa Mare', 23),
(7231, 'Bocşa Mică', 23),
(7232, 'Hondol', 23),
(7233, 'Măgura-Topliţa', 23),
(7234, 'Nojag', 23),
(7235, 'Săcărâmb', 23),
(7236, 'Topliţa Mureşului', 23),
(7237, 'Vărmaga', 23),
(7238, 'Barza', 23),
(7239, 'Valea Arsului', 23),
(7240, 'Zdrapţi', 23),
(7241, 'Criva', 23),
(7242, 'Hăţăgel', 23),
(7243, 'Peşteana', 23),
(7244, 'Peşteniţa', 23),
(7245, 'Poieni', 23),
(7246, 'Ştei', 23),
(7247, 'Archia', 23),
(7248, 'Bârcea Mică', 23),
(7249, 'Cristur', 23),
(7250, 'Sântuhalm', 23),
(7251, 'Abucea', 23),
(7252, 'Bujoru', 23),
(7253, 'Făgeţel', 23),
(7254, 'Lăpuşnic', 23),
(7255, 'Mihăieşti', 23),
(7256, 'Panc', 23),
(7257, 'Panc-Sălişte', 23),
(7258, 'Roşcani', 23),
(7259, 'Răduleşti', 23),
(7260, 'Stretea', 23),
(7261, 'Stânceşti', 23),
(7262, 'Stânceşti-Ohaba', 23),
(7263, 'Crăguiş', 23),
(7264, 'Fărcădin', 23),
(7265, 'Livezi', 23),
(7266, 'Tuştea', 23),
(7267, 'Aurel Vlaicu', 23),
(7268, 'Bacâia', 23),
(7269, 'Bozeş', 23),
(7270, 'Cigmău', 23),
(7271, 'Gelmar', 23),
(7272, 'Geoagiu-Băi', 23),
(7273, 'Homorod', 23),
(7274, 'Mermezeu-Văleni', 23),
(7275, 'Renghet', 23),
(7276, 'Văleni', 23),
(7277, 'Govăjdia', 23),
(7278, 'Plop', 23),
(7279, 'Ruda', 23),
(7280, 'Boiu de Jos', 23),
(7281, 'Boiu de Sus', 23),
(7282, 'Câmpuri de Sus', 23),
(7283, 'Câmpuri-Surduc', 23),
(7284, 'Cărmăzăneşti', 23),
(7285, 'Dănuleşti', 23),
(7286, 'Gothatea', 23),
(7287, 'Runcşor', 23),
(7288, 'Ulieş', 23),
(7289, 'Vica', 23),
(7290, 'Banpotoc', 23),
(7291, 'Bârsău', 23),
(7292, 'Chimindia', 23),
(7293, 'Nălaţvad', 23),
(7294, 'Silvaşu de Jos', 23),
(7295, 'Silvaşu de Sus', 23),
(7296, 'Boş', 23),
(7297, 'Groş', 23),
(7298, 'Hăşdat', 23),
(7299, 'Peştişu Mare', 23),
(7300, 'Răcăştia', 23),
(7301, 'Bacea', 23),
(7302, 'Bretea Mureşană', 23),
(7303, 'Brâznic', 23),
(7304, 'Cuieş', 23),
(7305, 'Dumbrăviţa', 23),
(7306, 'Sârbi', 23),
(7307, 'Săcămaş', 23),
(7308, 'Valea Lungă', 23),
(7309, 'Baştea', 23),
(7310, 'Coseşti', 23),
(7311, 'Fintoag', 23),
(7312, 'Grind', 23),
(7313, 'Holdea', 23),
(7314, 'Lăpugiu de Sus', 23),
(7315, 'Lăsău', 23),
(7316, 'Ohaba', 23),
(7317, 'Teiu', 23),
(7318, 'Cerişor', 23),
(7319, 'Runcu Mare', 23),
(7320, 'Sohodol', 23),
(7321, 'Ciumiţa', 23),
(7322, 'Fântâna', 23),
(7323, 'Gura Bordului', 23),
(7324, 'Lunca Cernii de Sus', 23),
(7325, 'Meria', 23),
(7326, 'Negoiu', 23),
(7327, 'Valea Babii', 23),
(7328, 'Dudeşti', 23),
(7329, 'Luncoiu de Sus', 23),
(7330, 'Podele', 23),
(7331, 'Stejărel', 23),
(7332, 'Dâncu Mare', 23),
(7333, 'Dâncu Mic', 23),
(7334, 'Jeledinţi', 23),
(7335, 'Măgura', 23),
(7336, 'Turmaş', 23),
(7337, 'Tămăşasa', 23),
(7338, 'Bucium', 23),
(7339, 'Costeşti', 23),
(7340, 'Costeşti-Deal', 23),
(7341, 'Grădiştea de Munte', 23),
(7342, 'Ludeştii de Jos', 23),
(7343, 'Ludeştii de Sus', 23),
(7344, 'Ocolişu Mic', 23),
(7345, 'Almaşu Mic', 23),
(7346, 'Ciulpăz', 23),
(7347, 'Cutin', 23),
(7348, 'Dumbrava', 23),
(7349, 'Josani', 23),
(7350, 'Mănerău', 23),
(7351, 'Nandru', 23),
(7352, 'Valea Nandrului', 23),
(7353, 'Cimpa', 23),
(7354, 'Jieţ', 23),
(7355, 'Răscoala', 23),
(7356, 'Tirici', 23),
(7357, 'Dâlja Mare', 23),
(7358, 'Dâlja Mică', 23),
(7359, 'Peştera', 23),
(7360, 'Slătinioara', 23),
(7361, 'Băieşti', 23),
(7362, 'Federi', 23),
(7363, 'Fizeşti', 23),
(7364, 'Galaţi', 23),
(7365, 'Hobiţa', 23),
(7366, 'Ohaba-Ponor', 23),
(7367, 'Ponor', 23),
(7368, 'Ruşor', 23),
(7369, 'Râu Bărbat', 23),
(7370, 'Uric', 23),
(7371, 'Şerel', 23),
(7372, 'Boiţa', 23),
(7373, 'Ciula Mare', 23),
(7374, 'Ciula Mică', 23),
(7375, 'Goteşti', 23),
(7376, 'Mesteacăn', 23),
(7377, 'Vălioara', 23),
(7378, 'Bobâlna', 23),
(7379, 'Boiu', 23),
(7380, 'Folt', 23),
(7381, 'Rapolţel', 23),
(7382, 'Brazi', 23),
(7383, 'Clopotiva', 23),
(7384, 'Ohaba-Sibişel', 23),
(7385, 'Ostrov', 23),
(7386, 'Ostrovel', 23),
(7387, 'Ostrovu Mic', 23),
(7388, 'Sibişel', 23),
(7389, 'Suseni', 23),
(7390, 'Unciuc', 23),
(7391, 'Valea Dâljii', 23),
(7392, 'Crişan', 23),
(7393, 'Dumbrava de Jos', 23),
(7394, 'Dumbrava de Sus', 23),
(7395, 'Ribicioara', 23),
(7396, 'Uibăreşti', 23),
(7397, 'Ciungu Mare', 23),
(7398, 'Pişchinţi', 23),
(7399, 'Romoşel', 23),
(7400, 'Vaidei', 23),
(7401, 'Coroieşti', 23),
(7402, 'Mălăieşti', 23),
(7403, 'Nucşoara', 23),
(7404, 'Ohaba de Sub Piatră', 23),
(7405, 'Paroş', 23),
(7406, 'Peştera', 23),
(7407, 'Râu Alb', 23),
(7408, 'Râu Mic', 23),
(7409, 'Sălaşu de Jos', 23),
(7410, 'Zăvoi', 23),
(7411, 'Balomir', 23),
(7412, 'Bucium-Orlea', 23),
(7413, 'Bărăştii Haţegului', 23),
(7414, 'Ciopeia', 23),
(7415, 'Subcetate', 23),
(7416, 'Sânpetru', 23),
(7417, 'Săcel', 23),
(7418, 'Vadu', 23),
(7419, 'Breazova', 23),
(7420, 'Hobiţa-Grădişte', 23),
(7421, 'Păucineşti', 23),
(7422, 'Zeicani', 23),
(7423, 'Bârcea Mare', 23),
(7424, 'Cărpiniş', 23),
(7425, 'Simeria Veche', 23),
(7426, 'Sântandrei', 23),
(7427, 'Uroi', 23),
(7428, 'Şăuleşti', 23),
(7429, 'Bejan', 23),
(7430, 'Bejan-Târnăviţa', 23),
(7431, 'Boholţ', 23),
(7432, 'Bălata', 23),
(7433, 'Chişcădaga', 23),
(7434, 'Căinelu de Jos', 23),
(7435, 'Fornădia', 23),
(7436, 'Păuliş', 23),
(7437, 'Sulighete', 23),
(7438, 'Cinciş-Cerna', 23),
(7439, 'Izvoarele', 23),
(7440, 'Teliucu Superior', 23),
(7441, 'Dobroţ', 23),
(7442, 'Leauţ', 23),
(7443, 'Livada', 23),
(7444, 'Obârşa', 23),
(7445, 'Steia', 23),
(7446, 'Tiuleşti', 23),
(7447, 'Valea Mare de Criş', 23),
(7448, 'Curpenii Silvaşului', 23),
(7449, 'Dealu Mic', 23),
(7450, 'Dăbâca', 23),
(7451, 'Goleş', 23),
(7452, 'Hăşdău', 23),
(7453, 'Mosoru', 23),
(7454, 'Vălari', 23),
(7455, 'Copaci', 23),
(7456, 'Cârneşti', 23),
(7457, 'Păclişa', 23),
(7458, 'Reea', 23),
(7459, 'Pricaz', 23),
(7460, 'Râpaş', 23),
(7461, 'Spini', 23),
(7462, 'Câmpu lui Neag', 23),
(7463, 'Valea de Brazi', 23),
(7464, 'Dealu Mare', 23),
(7465, 'Stoieneasa', 23),
(7466, 'Săliştioara', 23),
(7467, 'Basarabasa', 23),
(7468, 'Birtin', 23),
(7469, 'Brotuna', 23),
(7470, 'Ciungani', 23),
(7471, 'Căzăneşti', 23),
(7472, 'Ociu', 23),
(7473, 'Ocişor', 23),
(7474, 'Prihodişte', 23),
(7475, 'Prăvăleni', 23),
(7476, 'Târnava de Criş', 23),
(7477, 'Tătărăştii de Criş', 23),
(7478, 'Vaţa de Sus', 23),
(7479, 'Boia Bârzii', 23),
(7480, 'Bretelin', 23),
(7481, 'Căoi', 23),
(7482, 'Herepeia', 23),
(7483, 'Leşnic', 23),
(7484, 'Mintia', 23),
(7485, 'Muncelu Mare', 23),
(7486, 'Muncelu Mic', 23),
(7487, 'Runcu Mic', 23),
(7488, 'Certeju de Jos', 23),
(7489, 'Coaja', 23),
(7490, 'Dumeşti', 23),
(7491, 'Luncşoara', 23),
(7492, 'Valea Poienii', 23),
(7493, 'Visca', 23),
(7494, 'Dealu Babii', 23),
(7495, 'Jiu-Paroşeni', 23),
(7496, 'Almaş-Sălişte', 23),
(7497, 'Almăşel', 23),
(7498, 'Brăşeu', 23),
(7499, 'Cerbia', 23),
(7500, 'Deleni', 23),
(7501, 'Godineşti', 23),
(7502, 'Micăneşti', 23),
(7503, 'Pogăneşti', 23),
(7504, 'Pojoga', 23),
(7505, 'Sălciva', 23),
(7506, 'Tămăşeşti', 23),
(7507, 'Valea', 23),
(7508, 'Adâncata', 24),
(7509, 'Albeşti', 24),
(7510, 'Alexeni', 24),
(7511, 'Amara', 24),
(7512, 'Andrăşeşti', 24),
(7513, 'Armăşeşti', 24),
(7514, 'Axintele', 24),
(7515, 'Balaciu', 24),
(7516, 'Borduşani', 24),
(7517, 'Brazii', 24),
(7518, 'Bucu', 24),
(7519, 'Bărcăneşti', 24),
(7520, 'Ciochina', 24),
(7521, 'Ciocârlia', 24),
(7522, 'Ciulniţa', 24),
(7523, 'Cocora', 24),
(7524, 'Cosâmbeşti', 24),
(7525, 'Coşereni', 24),
(7526, 'Căzăneşti', 24),
(7527, 'Dridu', 24),
(7528, 'Drăgoeşti', 24),
(7529, 'Feteşti', 24),
(7530, 'Fierbinţi-Târg', 24),
(7531, 'Făcăeni', 24),
(7532, 'Gheorghe Doja', 24),
(7533, 'Gheorghe Lazăr', 24),
(7534, 'Giurgeni', 24),
(7535, 'Grindu', 24),
(7536, 'Griviţa', 24),
(7537, 'Gârbovi', 24),
(7538, 'Ion Roată', 24),
(7539, 'Jilavele', 24),
(7540, 'Manasia', 24),
(7541, 'Mihail Kogălniceanu', 24),
(7542, 'Miloşeşti', 24),
(7543, 'Movila', 24),
(7544, 'Moviliţa', 24),
(7545, 'Munteni-Buzău', 24),
(7546, 'Perieţi', 24),
(7547, 'Reviga', 24),
(7548, 'Scânteia', 24),
(7549, 'Sfântu Gheorghe', 24),
(7550, 'Sineşti', 24),
(7551, 'Slobozia', 24),
(7552, 'Stelnica', 24),
(7553, 'Sudiţi', 24),
(7554, 'Sălcioara', 24),
(7555, 'Săveni', 24),
(7556, 'Traian', 24),
(7557, 'Urziceni', 24),
(7558, 'Valea Ciorii', 24),
(7559, 'Valea Măcrişului', 24),
(7560, 'Vlădeni', 24),
(7561, 'Ţăndărei', 24),
(7562, 'Patru Fraţi', 24),
(7563, 'Bataluri', 24),
(7564, 'Bueşti', 24),
(7565, 'Marsilieni', 24),
(7566, 'Amara Nouă', 24),
(7567, 'Orboeşti', 24),
(7568, 'Bărbuleşti', 24),
(7569, 'Malu Roşu', 24),
(7570, 'Nenişori', 24),
(7571, 'Bărbătescu', 24),
(7572, 'Horia', 24),
(7573, 'Copuzu', 24),
(7574, 'Crăsanii de Jos', 24),
(7575, 'Crăsanii de Sus', 24),
(7576, 'Sărăţeni', 24),
(7577, 'Condeeşti', 24),
(7578, 'Cegani', 24),
(7579, 'Maia', 24),
(7580, 'Movileanca', 24),
(7581, 'Răsimnicea', 24),
(7582, 'Ograda', 24),
(7583, 'Cotorca', 24),
(7584, 'Borduşelu', 24),
(7585, 'Orezu', 24),
(7586, 'Piersica', 24),
(7587, 'Ion Ghica', 24),
(7588, 'Ivăneşti', 24),
(7589, 'Poiana', 24),
(7590, 'Colelia', 24),
(7591, 'Gimbăşani', 24),
(7592, 'Mărculeşti', 24),
(7593, 'Borăneşti', 24),
(7594, 'Sinteşti', 24),
(7595, 'Chiroiu-Pamânteni', 24),
(7596, 'Chiroiu-Satu Nou', 24),
(7597, 'Chiroiu-Ungureni', 24),
(7598, 'Valea Bisericii', 24),
(7599, 'Dridu-Snagov', 24),
(7600, 'Moldoveni', 24),
(7601, 'Progresu', 24),
(7602, 'Buliga', 24),
(7603, 'Feteşti-Gară', 24),
(7604, 'Vlaşca', 24),
(7605, 'Fierbinţii de Jos', 24),
(7606, 'Fierbinţii de Sus', 24),
(7607, 'Grecii de Jos', 24),
(7608, 'Smirna', 24),
(7609, 'Broşteni', 24),
(7610, 'Slătioarele', 24),
(7611, 'Gura Ialomiţei', 24),
(7612, 'Hagieni', 24),
(7613, 'Luciu', 24),
(7614, 'Nicoleşti', 24),
(7615, 'Tovărăşia', 24),
(7616, 'Biţina-Pământeni', 24),
(7617, 'Biţina-Ungureni', 24),
(7618, 'Roşiori', 24),
(7619, 'Fundata', 24),
(7620, 'Misleanu', 24),
(7621, 'Păltinişu', 24),
(7622, 'Stejaru', 24),
(7623, 'Crunţi', 24),
(7624, 'Mircea cel Bătrân', 24),
(7625, 'Rovine', 24),
(7626, 'Raşi', 24),
(7627, 'Frăţileşti', 24),
(7628, 'Lăcusteni', 24),
(7629, 'Platoneşti', 24),
(7630, 'Iazu', 24),
(7631, 'Butoiu', 24),
(7632, 'Malu', 24),
(7633, 'Boteni', 24),
(7634, 'Cătruneşti', 24),
(7635, 'Hagieşti', 24),
(7636, 'Lilieci', 24),
(7637, 'Livedea', 24),
(7638, 'Bora', 24),
(7639, 'Slobozia Nouă', 24),
(7640, 'Maltezi', 24),
(7641, 'Retezatu', 24),
(7642, 'Gura Văii', 24),
(7643, 'Bucşa', 24),
(7644, 'Dumitreşti', 24),
(7645, 'Murgeanca', 24),
(7646, 'Grindaşi', 24),
(7647, 'Alexandru I. Cuza', 25),
(7648, 'Andrieşeni', 25),
(7649, 'Aroneanu', 25),
(7650, 'Balş', 25),
(7651, 'Belceşti', 25),
(7652, 'Bivolari', 25),
(7653, 'Brăeşti', 25),
(7654, 'Butea', 25),
(7655, 'Bârnova', 25),
(7656, 'Bălţaţi', 25),
(7657, 'Cepleniţa', 25),
(7658, 'Ciorteşti', 25),
(7659, 'Ciurea', 25),
(7660, 'Coarnele Caprei', 25),
(7661, 'Comarna', 25),
(7662, 'Costeşti', 25),
(7663, 'Costuleni', 25),
(7664, 'Cotnari', 25),
(7665, 'Cozmeşti', 25),
(7666, 'Cristeşti', 25),
(7667, 'Cucuteni', 25),
(7668, 'Dagâţa', 25),
(7669, 'Deleni', 25),
(7670, 'Dobrovăţ', 25),
(7671, 'Dolheşti', 25),
(7672, 'Drăguşeni', 25),
(7673, 'Dumeşti', 25),
(7674, 'Erbiceni', 25),
(7675, 'Focuri', 25),
(7676, 'Golăieşti', 25),
(7677, 'Gorban', 25),
(7678, 'Grajduri', 25),
(7679, 'Gropniţa', 25),
(7680, 'Grozeşti', 25),
(7681, 'Heleşteni', 25),
(7682, 'Holboca', 25),
(7683, 'Horleşti', 25),
(7684, 'Hârlău', 25),
(7685, 'Hălăuceşti', 25),
(7686, 'Iaşi', 25),
(7687, 'Ipatele', 25),
(7688, 'Lespezi', 25),
(7689, 'Leţcani', 25),
(7690, 'Lungani', 25),
(7691, 'Mirceşti', 25),
(7692, 'Mironeasa', 25),
(7693, 'Miroslava', 25),
(7694, 'Mirosloveşti', 25),
(7695, 'Mogoşeşti', 25),
(7696, 'Mogoşeşti-Siret', 25),
(7697, 'Movileni', 25),
(7698, 'Moşna', 25),
(7699, 'Moţca', 25),
(7700, 'Mădârjac', 25),
(7701, 'Oţeleni', 25),
(7702, 'Paşcani', 25),
(7703, 'Plugari', 25),
(7704, 'Podu Iloaiei', 25),
(7705, 'Popeşti', 25),
(7706, 'Popricani', 25),
(7707, 'Prisăcani', 25),
(7708, 'Probota', 25),
(7709, 'Rediu', 25),
(7710, 'Româneşti', 25),
(7711, 'Ruginoasa', 25),
(7712, 'Răchiteni', 25),
(7713, 'Răducăneni', 25),
(7714, 'Schitu Duca', 25),
(7715, 'Scobinţi', 25),
(7716, 'Scânteia', 25),
(7717, 'Sineşti', 25),
(7718, 'Sireţel', 25),
(7719, 'Stolniceni-Prăjescu', 25),
(7720, 'Strunga', 25),
(7721, 'Tansa', 25),
(7722, 'Todireşti', 25),
(7723, 'Tomeşti', 25),
(7724, 'Trifeşti', 25),
(7725, 'Târgu Frumos', 25),
(7726, 'Tătăruşi', 25),
(7727, 'Ungheni', 25),
(7728, 'Valea Lupului', 25),
(7729, 'Valea Seacă', 25),
(7730, 'Victoria', 25),
(7731, 'Vlădeni', 25),
(7732, 'Voineşti', 25),
(7733, 'Vânători', 25),
(7734, 'Şcheia', 25),
(7735, 'Şipote', 25),
(7736, 'Ţibana', 25),
(7737, 'Ţibăneşti', 25),
(7738, 'Ţigănăşi', 25),
(7739, 'Ţuţora', 25),
(7740, 'Kogălniceni', 25),
(7741, 'Scheia', 25),
(7742, 'Volintireşti', 25),
(7743, 'Buhăeni', 25),
(7744, 'Drăgăneşti', 25),
(7745, 'Fântânele', 25),
(7746, 'Glăvăneşti', 25),
(7747, 'Iepureni', 25),
(7748, 'Spineni', 25),
(7749, 'Dorobanţ', 25),
(7750, 'Rediu Aldei', 25),
(7751, 'Şorogani', 25),
(7752, 'Boureni', 25),
(7753, 'Cotârgaci', 25),
(7754, 'Filiaşi', 25),
(7755, 'Mădârjeşti', 25),
(7756, 'Podişu', 25),
(7757, 'Sârca', 25),
(7758, 'Valea Oilor', 25),
(7759, 'Cercu', 25),
(7760, 'Pietrăria', 25),
(7761, 'Păun', 25),
(7762, 'Todirel', 25),
(7763, 'Vişan', 25),
(7764, 'Liteni', 25),
(7765, 'Munteni', 25),
(7766, 'Satu Nou', 25),
(7767, 'Tansa', 25),
(7768, 'Ulmi', 25),
(7769, 'Buruieneşti', 25),
(7770, 'Soloneţ', 25),
(7771, 'Tabăra', 25),
(7772, 'Traian', 25),
(7773, 'Albeşti', 25),
(7774, 'Buda', 25),
(7775, 'Cristeşti', 25),
(7776, 'Rediu', 25),
(7777, 'Miclăuşeni', 25),
(7778, 'Buhalniţa', 25),
(7779, 'Poiana Mărului', 25),
(7780, 'Zlodica', 25),
(7781, 'Coropceni', 25),
(7782, 'Deleni', 25),
(7783, 'Rotăria', 25),
(7784, 'Şerbeşti', 25),
(7785, 'Curături', 25),
(7786, 'Dumbrava', 25),
(7787, 'Hlincea', 25),
(7788, 'Lunca Cetăţuii', 25),
(7789, 'Picioru Lupului', 25),
(7790, 'Slobozia', 25),
(7791, 'Arama', 25),
(7792, 'Petroşica', 25),
(7793, 'Curagău', 25),
(7794, 'Osoi', 25),
(7795, 'Stânca', 25),
(7796, 'Covasna', 25),
(7797, 'Cozia', 25),
(7798, 'Hiliţa', 25),
(7799, 'Bahluiu', 25),
(7800, 'Cireşeni', 25),
(7801, 'Cârjoaia', 25),
(7802, 'Făgăt', 25),
(7803, 'Hodora', 25),
(7804, 'Horodiştea', 25),
(7805, 'Iosupeni', 25),
(7806, 'Lupăria', 25),
(7807, 'Valea Racului', 25),
(7808, 'Zbereni', 25),
(7809, 'Podolenii de Jos', 25),
(7810, 'Podolenii de Sus', 25),
(7811, 'Homiţa', 25),
(7812, 'Băiceni', 25),
(7813, 'Bărbăteşti', 25),
(7814, 'Săcăreşti', 25),
(7815, 'Boatca', 25),
(7816, 'Buzdug', 25),
(7817, 'Băluşeşti', 25),
(7818, 'Mănăstirea', 25),
(7819, 'Piscu Rusului', 25),
(7820, 'Poienile', 25),
(7821, 'Tarniţa', 25),
(7822, 'Zece Prăjini', 25),
(7823, 'Feredeni', 25),
(7824, 'Leahu-Nacu', 25),
(7825, 'Maxut', 25),
(7826, 'Poiana', 25),
(7827, 'Slobozia', 25),
(7828, 'Brădiceşti', 25),
(7829, 'Pietriş', 25),
(7830, 'Banu', 25),
(7831, 'Chilişoaia', 25),
(7832, 'Hoiseşti', 25),
(7833, 'Păuşeşti', 25),
(7834, 'Bârleşti', 25),
(7835, 'Spinoasa', 25),
(7836, 'Sprânceana', 25),
(7837, 'Totoeşti', 25),
(7838, 'Fântânele', 25),
(7839, 'Bran', 25),
(7840, 'Cilibiu', 25),
(7841, 'Cotu lui Ivan', 25),
(7842, 'Grădinari', 25),
(7843, 'Medeleni', 25),
(7844, 'Petreşti', 25),
(7845, 'Podu Jijiei', 25),
(7846, 'Gura Bohotin', 25),
(7847, 'Podu Hagiului', 25),
(7848, 'Scoposeni', 25),
(7849, 'Zberoaia', 25),
(7850, 'Corcodel', 25),
(7851, 'Cărbunari', 25),
(7852, 'Lunca', 25),
(7853, 'Poiana cu Cetate', 25),
(7854, 'Pădureni', 25),
(7855, 'Valea Satului', 25),
(7856, 'Bulbucani', 25),
(7857, 'Forăşti', 25),
(7858, 'Mălăeşti', 25),
(7859, 'Sângeri', 25),
(7860, 'Săveni', 25),
(7861, 'Colţu Cornii', 25),
(7862, 'Sălăgeni', 25),
(7863, 'Luncaşi', 25),
(7864, 'Pârcovaci', 25),
(7865, 'Hărmăneasa', 25),
(7866, 'Movileni', 25),
(7867, 'Oboroceni', 25),
(7868, 'Cristeşti', 25),
(7869, 'Dancu', 25),
(7870, 'Orzeni', 25),
(7871, 'Rusenii Noi', 25),
(7872, 'Rusenii Vechi', 25),
(7873, 'Valea Lungă', 25),
(7874, 'Bogdăneşti', 25),
(7875, 'Scoposeni', 25),
(7876, 'Buznea', 25),
(7877, 'Prigoreni', 25),
(7878, 'Războieni', 25),
(7879, 'Alexeşti', 25),
(7880, 'Bâcu', 25),
(7881, 'Cuza Vodă', 25),
(7882, 'Buda', 25),
(7883, 'Bursuc-Deal', 25),
(7884, 'Bursuc-Vale', 25),
(7885, 'Dumbrava', 25),
(7886, 'Heci', 25),
(7887, 'Bogonos', 25),
(7888, 'Cogeasca', 25),
(7889, 'Cucuteni', 25),
(7890, 'Crucea', 25),
(7891, 'Goeşti', 25),
(7892, 'Zmeu', 25),
(7893, 'Bojila', 25),
(7894, 'Frumuşica', 25),
(7895, 'Iugani', 25),
(7896, 'Ursăreşti', 25),
(7897, 'Schitu Hadâmbului', 25),
(7898, 'Urşiţa', 25),
(7899, 'Balciu', 25),
(7900, 'Brătuleni', 25),
(7901, 'Ciurbeşti', 25),
(7902, 'Corneşti', 25),
(7903, 'Dancaş', 25),
(7904, 'Găureni', 25),
(7905, 'Horpaz', 25),
(7906, 'Proselnici', 25),
(7907, 'Uricani', 25),
(7908, 'Valea Adâncă', 25),
(7909, 'Valea Ursului', 25),
(7910, 'Voroveşti', 25),
(7911, 'Ciohorăni', 25),
(7912, 'Miteşti', 25),
(7913, 'Soci', 25),
(7914, 'Verşeni', 25),
(7915, 'Budeşti', 25),
(7916, 'Hadâmbu', 25),
(7917, 'Mânjeşti', 25),
(7918, 'Muncelu de Sus', 25),
(7919, 'Tudor Vladimirescu', 25),
(7920, 'Boureni', 25),
(7921, 'Iepureni', 25),
(7922, 'Larga-Jijia', 25),
(7923, 'Potângeni', 25),
(7924, 'Hândreşti', 25),
(7925, 'Blăgeşti', 25),
(7926, 'Boşteni', 25),
(7927, 'Gâşteşti', 25),
(7928, 'Lunca', 25),
(7929, 'Sodomeni', 25),
(7930, 'Borosoaia', 25),
(7931, 'Oneşti', 25),
(7932, 'Budăi', 25),
(7933, 'Cosiţeni', 25),
(7934, 'Holm', 25),
(7935, 'Scobâlţeni', 25),
(7936, 'Doroşcani', 25),
(7937, 'Hărpăşeşti', 25),
(7938, 'Obrijeni', 25),
(7939, 'Pădureni', 25),
(7940, 'Vama', 25),
(7941, 'Cotu Morii', 25),
(7942, 'Cuza Vodă', 25),
(7943, 'Cârlig', 25),
(7944, 'Moimeşti', 25),
(7945, 'Rediu Mitropoliei', 25),
(7946, 'Vulturi', 25),
(7947, 'Vânători', 25),
(7948, 'Ţipileşti', 25),
(7949, 'Moreni', 25),
(7950, 'Măcăreşti', 25),
(7951, 'Bălteni', 25),
(7952, 'Perieni', 25),
(7953, 'Izvoarele', 25),
(7954, 'Bohotin', 25),
(7955, 'Isaiia', 25),
(7956, 'Roşu', 25),
(7957, 'Breazu', 25),
(7958, 'Horleşti', 25),
(7959, 'Tăuteşti', 25),
(7960, 'Avântu', 25),
(7961, 'Ursoaia', 25),
(7962, 'Rădeni', 25),
(7963, 'Dumbrăviţa', 25),
(7964, 'Rediu', 25),
(7965, 'Vascani', 25),
(7966, 'Bodeşti', 25),
(7967, 'Boroşeşti', 25),
(7968, 'Ciocârleşti', 25),
(7969, 'Lunca Rateş', 25),
(7970, 'Rediu', 25),
(7971, 'Tufeştii de Sus', 25),
(7972, 'Cioca-Boca', 25),
(7973, 'Căueşti', 25),
(7974, 'Frenciugi', 25),
(7975, 'Poiana Şcheii', 25),
(7976, 'Satu Nou', 25),
(7977, 'Blaga', 25),
(7978, 'Dumitreştii Gălăţii', 25),
(7979, 'Pocreaca', 25),
(7980, 'Poiana', 25),
(7981, 'Poieni', 25),
(7982, 'Satu Nou', 25),
(7983, 'Slobozia', 25),
(7984, 'Bădeni', 25),
(7985, 'Feteşti', 25),
(7986, 'Sticlăria', 25),
(7987, 'Zagavia', 25),
(7988, 'Bocniţa', 25),
(7989, 'Osoi', 25),
(7990, 'Storneşti', 25),
(7991, 'Chişcăreni', 25),
(7992, 'Hălceni', 25),
(7993, 'Iazu Nou', 25),
(7994, 'Iazu Vechi', 25),
(7995, 'Mitoc', 25),
(7996, 'Berezlogi', 25),
(7997, 'Humosu', 25),
(7998, 'Satu Nou', 25),
(7999, 'Slobozia', 25),
(8000, 'Brăteşti', 25),
(8001, 'Cozmeşti', 25),
(8002, 'Brătuleşti', 25),
(8003, 'Criveşti', 25),
(8004, 'Cucova', 25),
(8005, 'Fedeleşeni', 25),
(8006, 'Fărcăşeni', 25),
(8007, 'Gura Văii', 25),
(8008, 'Hăbăşeşti', 25),
(8009, 'Suhuleţ', 25),
(8010, 'Coasta Măgurii', 25),
(8011, 'Dădeşti', 25),
(8012, 'Giurgeşti', 25),
(8013, 'Găneşti', 25),
(8014, 'Ion Neculce', 25),
(8015, 'Iorcani', 25),
(8016, 'Pietrosu', 25),
(8017, 'Uda', 25),
(8018, 'Vâlcica', 25),
(8019, 'Alexeni', 25),
(8020, 'Domniţa', 25),
(8021, 'Gârbeşti', 25),
(8022, 'Moara Ciornei', 25),
(8023, 'Oproaia', 25),
(8024, 'Poiana Mănăstirii', 25),
(8025, 'Poiana de Sus', 25),
(8026, 'Runcu', 25),
(8027, 'Vadu Vejei', 25),
(8028, 'Glodenii Gândului', 25),
(8029, 'Grieşti', 25),
(8030, 'Jigoreni', 25),
(8031, 'Recea', 25),
(8032, 'Răsboieni', 25),
(8033, 'Tungujei', 25),
(8034, 'Vălenii', 25),
(8035, 'Cârniceni', 25),
(8036, 'Mihail Kogălniceanu', 25),
(8037, 'Stejarii', 25),
(8038, 'Boldeşti', 25),
(8039, 'Băiceni', 25),
(8040, 'Hărmăneştii Noi', 25),
(8041, 'Hărmăneştii Vechi', 25),
(8042, 'Stroeşti', 25),
(8043, 'Chicerea', 25),
(8044, 'Goruni', 25),
(8045, 'Vlădiceni', 25),
(8046, 'Hermeziu', 25),
(8047, 'Roşcani', 25),
(8048, 'Vladomira', 25),
(8049, 'Zaboloteni', 25),
(8050, 'Chipereşti', 25),
(8051, 'Oprişeni', 25),
(8052, 'Bosia', 25),
(8053, 'Coada Stâncii', 25),
(8054, 'Mânzăteşti', 25),
(8055, 'Conţeşti', 25),
(8056, 'Topile', 25),
(8057, 'Criveşti', 25),
(8058, 'Gura Bâdiliţei', 25),
(8059, 'Hârtoape', 25),
(8060, 'Vlădnicuţ', 25),
(8061, 'Frăsuleni', 25),
(8062, 'Icuşeni', 25),
(8063, 'Luceni', 25),
(8064, 'Sculeni', 25),
(8065, 'Stânca', 25),
(8066, 'Şendreni', 25),
(8067, 'Alexandru cel Bun', 25),
(8068, 'Borşa', 25),
(8069, 'Broşteni', 25),
(8070, 'Iacobeni', 25),
(8071, 'Vâlcelele', 25),
(8072, 'Lungani', 25),
(8073, 'Schitu Stavnic', 25),
(8074, 'Slobozia', 25),
(8075, 'Vocoteşti', 25),
(8076, '1 Decembrie', 26),
(8077, 'Afumaţi', 26),
(8078, 'Baloteşti', 26),
(8079, 'Berceni', 26),
(8080, 'Bragadiru', 26),
(8081, 'Brăneşti', 26),
(8082, 'Buftea', 26),
(8083, 'Cernica', 26),
(8084, 'Chiajna', 26),
(8085, 'Chitila', 26),
(8086, 'Ciolpani', 26),
(8087, 'Ciorogârla', 26),
(8088, 'Clinceni', 26),
(8089, 'Corbeanca', 26),
(8090, 'Cornetu', 26),
(8091, 'Dascălu', 26),
(8092, 'Domneşti', 26),
(8093, 'Dragomireşti-Vale', 26),
(8094, 'Dărăşti-Ilfov', 26),
(8095, 'Glina', 26),
(8096, 'Gruiu', 26),
(8097, 'Grădiştea', 26),
(8098, 'Găneasa', 26),
(8099, 'Jilava', 26),
(8100, 'Moara Vlăsiei', 26),
(8101, 'Mogoşoaia', 26),
(8102, 'Măgurele', 26),
(8103, 'Nuci', 26),
(8104, 'Otopeni', 26),
(8105, 'Pantelimon', 26),
(8106, 'Periş', 26),
(8107, 'Petrăchioaia', 26),
(8108, 'Popeşti Leordeni', 26),
(8109, 'Snagov', 26),
(8110, 'Tunari', 26),
(8111, 'Vidra', 26),
(8112, 'Voluntari', 26),
(8113, 'Ştefăneştii de Jos', 26),
(8114, 'Copăceni', 26),
(8115, 'Dumbrăveni', 26),
(8116, 'Săftica', 26),
(8117, 'Islaz', 26),
(8118, 'Pasărea', 26),
(8119, 'Vadu Anei', 26),
(8120, 'Buciumeni', 26),
(8121, 'Bălăceanca', 26),
(8122, 'Căldăraru', 26),
(8123, 'Poşta', 26),
(8124, 'Tânganu', 26),
(8125, 'Dudu', 26),
(8126, 'Roşu', 26),
(8127, 'Rudeni', 26),
(8128, 'Izvorani', 26),
(8129, 'Lupăria', 26),
(8130, 'Piscu', 26),
(8131, 'Dârvari', 26),
(8132, 'Olteni', 26),
(8133, 'Ordoreanu', 26),
(8134, 'Ostratu', 26),
(8135, 'Petreşti', 26),
(8136, 'Tamaşi', 26),
(8137, 'Buda', 26),
(8138, 'Creaţa', 26),
(8139, 'Gagu', 26),
(8140, 'Runcu', 26),
(8141, 'Dobroeşti', 26),
(8142, 'Fundeni', 26),
(8143, 'Ţegheş', 26),
(8144, 'Dragomireşti-Deal', 26),
(8145, 'Zurbaua', 26),
(8146, 'Cozieni', 26),
(8147, 'Moara Domnească', 26),
(8148, 'Piteasca', 26),
(8149, 'Şindriliţa', 26),
(8150, 'Căţelu', 26),
(8151, 'Manolache', 26),
(8152, 'Sitaru', 26),
(8153, 'Lipia', 26),
(8154, 'Siliştea Snagovului', 26),
(8155, 'Şanţu Floreşti', 26),
(8156, 'Alunişu', 26),
(8157, 'Dumitrana', 26),
(8158, 'Pruni', 26),
(8159, 'Vârteju', 26),
(8160, 'Căciulaţi', 26),
(8161, 'Balta Neagră', 26),
(8162, 'Merii Petchii', 26),
(8163, 'Micşuneştii Mari', 26),
(8164, 'Micşuneştii-Moară', 26),
(8165, 'Odăile', 26),
(8166, 'Buriaş', 26),
(8167, 'Bălteni', 26),
(8168, 'Măineasca', 26),
(8169, 'Surlari', 26),
(8170, 'Vânători', 26),
(8171, 'Cioflinceni', 26),
(8172, 'Ghermăneşti', 26),
(8173, 'Tâncăbeşti', 26),
(8174, 'Vlădiceasca', 26),
(8175, 'Creţuleasca', 26),
(8176, 'Ştefăneştii de Sus', 26),
(8177, 'Dimieni', 26),
(8178, 'Creţeşti', 26),
(8179, 'Sinteşti', 26),
(8180, 'Ardusat', 27),
(8181, 'Ariniş', 27),
(8182, 'Asuaju de Sus', 27),
(8183, 'Baia Mare', 27),
(8184, 'Baia Sprie', 27),
(8185, 'Bicaz', 27),
(8186, 'Bistra', 27),
(8187, 'Bocicoiu Mare', 27),
(8188, 'Bogdan Vodă', 27),
(8189, 'Boiu Mare', 27),
(8190, 'Borşa', 27),
(8191, 'Botiza', 27),
(8192, 'Budeşti', 27),
(8193, 'Bârsana', 27),
(8194, 'Băiuţ', 27),
(8195, 'Băiţa de Sub Codru', 27),
(8196, 'Băseşti', 27),
(8197, 'Cavnic', 27),
(8198, 'Cerneşti', 27),
(8199, 'Cicârlău', 27),
(8200, 'Copalnic-Mănăştur', 27),
(8201, 'Coroieni', 27),
(8202, 'Cupşeni', 27),
(8203, 'Câmpulung la Tisa', 27),
(8204, 'Călineşti', 27),
(8205, 'Deseşti', 27),
(8206, 'Dragomireşti', 27),
(8207, 'Dumbrăviţa', 27),
(8208, 'Fărcaşa', 27),
(8209, 'Giuleşti', 27),
(8210, 'Groşi', 27),
(8211, 'Groşii Ţibleşului', 27),
(8212, 'Ieud', 27),
(8213, 'Leordina', 27),
(8214, 'Lăpuş', 27),
(8215, 'Mireşu Mare', 27),
(8216, 'Moisei', 27),
(8217, 'Oarţa de Jos', 27),
(8218, 'Ocna Şugatag', 27),
(8219, 'Petrova', 27),
(8220, 'Poienile Izei', 27),
(8221, 'Poienile de Sub Munte', 27),
(8222, 'Recea', 27),
(8223, 'Remetea Chioarului', 27),
(8224, 'Remeţi', 27),
(8225, 'Repedea', 27),
(8226, 'Rona de Jos', 27),
(8227, 'Rona de Sus', 27),
(8228, 'Rozavlea', 27),
(8229, 'Ruscova', 27),
(8230, 'Sarasău', 27),
(8231, 'Satulung', 27),
(8232, 'Seini', 27),
(8233, 'Sighetu Marmaţiei', 27),
(8234, 'Strâmtura', 27),
(8235, 'Suciu de Sus', 27),
(8236, 'Săcel', 27),
(8237, 'Săcălăşeni', 27),
(8238, 'Săliştea de Sus', 27),
(8239, 'Sălsig', 27),
(8240, 'Săpânţa', 27),
(8241, 'Târgu Lăpuş', 27),
(8242, 'Tăuţii-Măgherăuş', 27),
(8243, 'Ulmeni', 27),
(8244, 'Vadu Izei', 27),
(8245, 'Valea Chioarului', 27),
(8246, 'Vima Mică', 27),
(8247, 'Vişeu de Jos', 27),
(8248, 'Vişeu de Sus', 27),
(8249, 'Şieu', 27),
(8250, 'Şiseşti', 27),
(8251, 'Şomcuţa Mare', 27),
(8252, 'Arieşu de Câmp', 27),
(8253, 'Colţirea', 27),
(8254, 'Rodina', 27),
(8255, 'Tămăşeşti', 27),
(8256, 'Asuaju de Jos', 27),
(8257, 'Blidari', 27),
(8258, 'Firiza', 27),
(8259, 'Valea Neagră', 27),
(8260, 'Chiuzbaia', 27),
(8261, 'Satu Nou de Sus', 27),
(8262, 'Tăuţii de Sus', 27),
(8263, 'Urmeniş', 27),
(8264, 'Poiana Botizii', 27),
(8265, 'Strâmbu-Băiuţ', 27),
(8266, 'Năneşti', 27),
(8267, 'Onceşti', 27),
(8268, 'Odeşti', 27),
(8269, 'Stremţ', 27),
(8270, 'Sălişte', 27),
(8271, 'Ciuta', 27),
(8272, 'Corni', 27),
(8273, 'Crasna Vişeului', 27),
(8274, 'Valea Vişeului', 27),
(8275, 'Crăciuneşti', 27),
(8276, 'Lunca la Tisa', 27),
(8277, 'Tisa', 27),
(8278, 'Bocicoel', 27),
(8279, 'Frâncenii Boiului', 27),
(8280, 'Prislop', 27),
(8281, 'Romăneşti', 27),
(8282, 'Băile Borşa', 27),
(8283, 'Sârbi', 27),
(8284, 'Corneşti', 27),
(8285, 'Văleni', 27),
(8286, 'Brebeni', 27),
(8287, 'Ciocotiş', 27),
(8288, 'Fânaţe', 27),
(8289, 'Izvoarele', 27),
(8290, 'Măgureni', 27),
(8291, 'Trestia', 27),
(8292, 'Bârgău', 27),
(8293, 'Handalu Ilbei', 27),
(8294, 'Ilba', 27),
(8295, 'Berinţa', 27),
(8296, 'Copalnic', 27),
(8297, 'Copalnic-Deal', 27),
(8298, 'Curtuiuşu Mic', 27),
(8299, 'Cărpiniş', 27),
(8300, 'Făureşti', 27),
(8301, 'Lăschia', 27),
(8302, 'Preluca Nouă', 27),
(8303, 'Preluca Veche', 27),
(8304, 'Ruşor', 27),
(8305, 'Vad', 27),
(8306, 'Baba', 27),
(8307, 'Dealu Mare', 27),
(8308, 'Drăghia', 27),
(8309, 'Vălenii Lăpuşului', 27),
(8310, 'Costeni', 27),
(8311, 'Libotin', 27),
(8312, 'Ungureni', 27),
(8313, 'Hărniceşti', 27),
(8314, 'Mara', 27),
(8315, 'Chechiş', 27),
(8316, 'Cărbunari', 27),
(8317, 'Rus', 27),
(8318, 'Unguraş', 27),
(8319, 'Şindreşti', 27),
(8320, 'Buzeşti', 27),
(8321, 'Sârbi', 27),
(8322, 'Tămaia', 27),
(8323, 'Berbeşti', 27),
(8324, 'Fereşti', 27),
(8325, 'Mănăstirea', 27),
(8326, 'Ocoliş', 27),
(8327, 'Satu Nou de Jos', 27),
(8328, 'Dăneştii Chioarului', 27),
(8329, 'Iadăra', 27),
(8330, 'Lucăceşti', 27),
(8331, 'Remeţi pe Someş', 27),
(8332, 'Stejera', 27),
(8333, 'Tulghieş', 27),
(8334, 'Oarţa de Sus', 27),
(8335, 'Orţiţa', 27),
(8336, 'Breb', 27),
(8337, 'Hoteni', 27),
(8338, 'Sat-Şugatag', 27),
(8339, 'Bozânta Mică', 27),
(8340, 'Lăpuşel', 27),
(8341, 'Mocira', 27),
(8342, 'Săsar', 27),
(8343, 'Berchez', 27),
(8344, 'Berchezoaia', 27),
(8345, 'Posta', 27),
(8346, 'Remecioara', 27),
(8347, 'Piatra', 27),
(8348, 'Teceu Mic', 27),
(8349, 'Coştiui', 27),
(8350, 'Salta', 27),
(8351, 'Coaş', 27),
(8352, 'Coltău', 27),
(8353, 'Coruia', 27),
(8354, 'Culcea', 27),
(8355, 'Cătălina', 27),
(8356, 'Întrerâuri', 27),
(8357, 'Gârdani', 27),
(8358, 'Arieşu de Pădure', 27),
(8359, 'Fersig', 27),
(8360, 'Finteuşu Mic', 27),
(8361, 'Hideaga', 27),
(8362, 'Mogoşeşti', 27),
(8363, 'Pribileşti', 27),
(8364, 'Săbişa', 27),
(8365, 'Viile Apei', 27),
(8366, 'Iapa', 27),
(8367, 'Lazu Baciului', 27),
(8368, 'Valea Cufundoasă', 27),
(8369, 'Valea Hotarului', 27),
(8370, 'Şugău', 27),
(8371, 'Bontăieni', 27),
(8372, 'Cetăţele', 27),
(8373, 'Dăneşti', 27),
(8374, 'Negreia', 27),
(8375, 'Plopiş', 27),
(8376, 'Şurdeşti', 27),
(8377, 'Buciumi', 27),
(8378, 'Buteasa', 27),
(8379, 'Ciolt', 27),
(8380, 'Codru Butesii', 27),
(8381, 'Finteuşu Mare', 27),
(8382, 'Hovrila', 27),
(8383, 'Vălenii Şomcutei', 27),
(8384, 'Glod', 27),
(8385, 'Slătioara', 27),
(8386, 'Larga', 27),
(8387, 'Suciu de Jos', 27),
(8388, 'Boiereni', 27),
(8389, 'Borcut', 27),
(8390, 'Cufoaia', 27),
(8391, 'Dobricu Lăpuşului', 27),
(8392, 'Dumbrava', 27),
(8393, 'Dămăcuşeni', 27),
(8394, 'Fântânele', 27),
(8395, 'Groape', 27),
(8396, 'Inău', 27),
(8397, 'Rogoz', 27),
(8398, 'Rohia', 27),
(8399, 'Răzoare', 27),
(8400, 'Stoiceni', 27),
(8401, 'Bozânta Mare', 27),
(8402, 'Buşag', 27),
(8403, 'Băiţa', 27),
(8404, 'Merişor', 27),
(8405, 'Nistru', 27),
(8406, 'Ulmoasa', 27),
(8407, 'Arduzel', 27),
(8408, 'Chelinţa', 27),
(8409, 'Mânău', 27),
(8410, 'Someş-Uileac', 27),
(8411, 'Tohat', 27),
(8412, 'Vicea', 27),
(8413, 'Ţicău', 27),
(8414, 'Valea Stejarului', 27),
(8415, 'Curtuiuşu Mare', 27),
(8416, 'Duruşa', 27),
(8417, 'Fericea', 27),
(8418, 'Mesteacăn', 27),
(8419, 'Vărai', 27),
(8420, 'Aspra', 27),
(8421, 'Dealu Corbului', 27),
(8422, 'Jugăstreni', 27),
(8423, 'Peteritea', 27),
(8424, 'Sălniţa', 27),
(8425, 'Vima Mare', 27),
(8426, 'Vişeu de Mijloc', 27),
(8427, 'Baia de Aramă', 28),
(8428, 'Bala', 28),
(8429, 'Balta', 28),
(8430, 'Brezniţa-Motru', 28),
(8431, 'Brezniţa-Ocol', 28),
(8432, 'Broşteni', 28),
(8433, 'Burila Mare', 28),
(8434, 'Butoieşti', 28),
(8435, 'Bâcleş', 28),
(8436, 'Bâlvăneşti', 28),
(8437, 'Bălăciţa', 28),
(8438, 'Cireşu', 28),
(8439, 'Corcova', 28),
(8440, 'Corlăţel', 28),
(8441, 'Cujmir', 28),
(8442, 'Căzăneşti', 28),
(8443, 'Devesel', 28),
(8444, 'Drobeta-Turnu Severin', 28),
(8445, 'Dubova', 28),
(8446, 'Dârvari', 28),
(8447, 'Eşelniţa', 28),
(8448, 'Floreşti', 28),
(8449, 'Godeanu', 28),
(8450, 'Gogoşu', 28),
(8451, 'Greci', 28),
(8452, 'Grozeşti', 28),
(8453, 'Gruia', 28),
(8454, 'Gârla Mare', 28),
(8455, 'Hinova', 28),
(8456, 'Husnicioara', 28),
(8457, 'Iloviţa', 28),
(8458, 'Ilovăţ', 28),
(8459, 'Isverna', 28),
(8460, 'Izvoru Bârzii', 28),
(8461, 'Jiana', 28),
(8462, 'Livezile', 28),
(8463, 'Malovăţ', 28),
(8464, 'Obârşia de Câmp', 28),
(8465, 'Obârşia-Cloşani', 28),
(8466, 'Oprişor', 28),
(8467, 'Orşova', 28),
(8468, 'Podeni', 28),
(8469, 'Ponoarele', 28),
(8470, 'Poroina Mare', 28),
(8471, 'Pristol', 28),
(8472, 'Prunişor', 28),
(8473, 'Punghina', 28),
(8474, 'Pătulele', 28),
(8475, 'Rogova', 28),
(8476, 'Salcia', 28),
(8477, 'Strehaia', 28),
(8478, 'Stângăceaua', 28),
(8479, 'Sviniţa', 28),
(8480, 'Tâmna', 28),
(8481, 'Vlădaia', 28),
(8482, 'Voloiac', 28),
(8483, 'Vânju Mare', 28),
(8484, 'Vânjuleţ', 28),
(8485, 'Vânători', 28),
(8486, 'Şimian', 28),
(8487, 'Şişeşti', 28),
(8488, 'Şovarna', 28),
(8489, 'Corzu', 28),
(8490, 'Giura', 28),
(8491, 'Petra', 28),
(8492, 'Podu Grosului', 28),
(8493, 'Seliştiuţa', 28),
(8494, 'Smadoviţa', 28),
(8495, 'Bratilovu', 28),
(8496, 'Brebina', 28),
(8497, 'Dealu Mare', 28),
(8498, 'Mărăşeşti', 28),
(8499, 'Negoeşti', 28),
(8500, 'Pistriţa', 28),
(8501, 'Stăneşti', 28),
(8502, 'Titerleşti', 28),
(8503, 'Bala de Sus', 28),
(8504, 'Brateşul', 28),
(8505, 'Brativoeşti', 28),
(8506, 'Comăneşti', 28),
(8507, 'Crainici', 28),
(8508, 'Câmpu Mare', 28),
(8509, 'Cârşu', 28),
(8510, 'Dâlma', 28),
(8511, 'Iupca', 28),
(8512, 'Molani', 28),
(8513, 'Rudina', 28),
(8514, 'Runcuşoru', 28),
(8515, 'Sărdăneşti', 28),
(8516, 'Vidimireşti', 28),
(8517, 'Dobra', 28),
(8518, 'Gvardiniţa', 28),
(8519, 'Coada Cornetului', 28),
(8520, 'Costeşti', 28),
(8521, 'Gornoviţa', 28),
(8522, 'Nevăţu', 28),
(8523, 'Prejna', 28),
(8524, 'Sfodea', 28),
(8525, 'Bâlvăneştii de Jos', 28),
(8526, 'Călineştii de Jos', 28),
(8527, 'Călineştii de Sus', 28),
(8528, 'Pârlagele', 28),
(8529, 'Cosovăţ', 28),
(8530, 'Deleni', 28),
(8531, 'Făuroaia', 28),
(8532, 'Plai', 28),
(8533, 'Tălăpanu', 28),
(8534, 'Valea Teiului', 28),
(8535, 'Jidoştiţa', 28),
(8536, 'Magheru', 28),
(8537, 'Şuşiţa', 28),
(8538, 'Căpăţâneşti', 28),
(8539, 'Luncşoara', 28),
(8540, 'Lupşa de Jos', 28),
(8541, 'Lupşa de Sus', 28),
(8542, 'Meriş', 28),
(8543, 'Crivina', 28),
(8544, 'Izvoru Frumos', 28),
(8545, 'Vrancea', 28),
(8546, 'Ţigănaşi', 28),
(8547, 'Argineşti', 28),
(8548, 'Buiceşti', 28),
(8549, 'Gura Motrului', 28),
(8550, 'Jugastru', 28),
(8551, 'Pluta', 28),
(8552, 'Răduţeşti', 28),
(8553, 'Tânţaru', 28),
(8554, 'Ercea', 28),
(8555, 'Govodarva', 28),
(8556, 'Gârbovăţu de Sus', 28),
(8557, 'Ilovu', 28),
(8558, 'Jigniţa', 28),
(8559, 'Poiana', 28),
(8560, 'Păltinişu', 28),
(8561, 'Roşia', 28),
(8562, 'Severineşti', 28),
(8563, 'Suharu', 28),
(8564, 'Valea Coşuştei', 28),
(8565, 'Bunoaica', 28),
(8566, 'Jupâneşti', 28),
(8567, 'Negruşa', 28),
(8568, 'Breţa', 28),
(8569, 'Cernaia', 28),
(8570, 'Cordun', 28),
(8571, 'Croica', 28),
(8572, 'Gârbovăţu de Jos', 28),
(8573, 'Imoasa', 28),
(8574, 'Jirov', 28),
(8575, 'Măru Roşu', 28),
(8576, 'Puşcaşu', 28),
(8577, 'Pârvuleşti', 28),
(8578, 'Stejaru', 28),
(8579, 'Vlădăşeşti', 28),
(8580, 'Valea Anilor', 28),
(8581, 'Aurora', 28),
(8582, 'Cujmiru Mic', 28),
(8583, 'Gemeni', 28),
(8584, 'Batoţi', 28),
(8585, 'Bistreţu', 28),
(8586, 'Dunărea Mică', 28),
(8587, 'Scăpău', 28),
(8588, 'Tismana', 28),
(8589, 'Dudaşu Schelei', 28),
(8590, 'Gura Văii', 28),
(8591, 'Schela Cladovei', 28),
(8592, 'Baia Nouă', 28),
(8593, 'Eibenthal', 28),
(8594, 'Albuleşti', 28),
(8595, 'Brâgleasa', 28),
(8596, 'Dumbrava de Jos', 28),
(8597, 'Dumbrava de Mijloc', 28),
(8598, 'Dumbrava de Sus', 28),
(8599, 'Golineasa', 28),
(8600, 'Higiu', 28),
(8601, 'Rocşoreni', 28),
(8602, 'Valea Marcului', 28),
(8603, 'Varodia', 28),
(8604, 'Vlădica', 28),
(8605, 'Copăcioasa', 28),
(8606, 'Gârdoaia', 28),
(8607, 'Livezi', 28),
(8608, 'Moşneni', 28),
(8609, 'Peşteana', 28),
(8610, 'Peştenuţa', 28),
(8611, 'Stroeşti', 28),
(8612, 'Zegujani', 28),
(8613, 'Vrata', 28),
(8614, 'Marga', 28),
(8615, 'Păuneşti', 28),
(8616, 'Şiroca', 28),
(8617, 'Balta Verde', 28),
(8618, 'Burila Mică', 28),
(8619, 'Ostrovu Mare', 28),
(8620, 'Blidaru', 28),
(8621, 'Bâltanele', 28),
(8622, 'Sălătruc', 28),
(8623, 'Valea Petrii', 28),
(8624, 'Vişina', 28),
(8625, 'Cârceni', 28),
(8626, 'Păsărani', 28),
(8627, 'Şuşiţa', 28),
(8628, 'Izvoarele', 28),
(8629, 'Poiana Gruii', 28),
(8630, 'Bistriţa', 28),
(8631, 'Cârjei', 28),
(8632, 'Ostrovu Corbului', 28),
(8633, 'Alunişul', 28),
(8634, 'Borogea', 28),
(8635, 'Bădiţeşti', 28),
(8636, 'Celnata', 28),
(8637, 'Dumbrăviţa', 28),
(8638, 'Marmanu', 28),
(8639, 'Oprăneşti', 28),
(8640, 'Peri', 28),
(8641, 'Priboieşti', 28),
(8642, 'Selişteni', 28),
(8643, 'Budăneşti', 28),
(8644, 'Cracu Lung', 28),
(8645, 'Dâlbociţa', 28),
(8646, 'Firizu', 28),
(8647, 'Racova', 28),
(8648, 'Bahna', 28),
(8649, 'Moiseşti', 28),
(8650, 'Buseşti', 28),
(8651, 'Cerna-Vârf', 28),
(8652, 'Drăgheşti', 28),
(8653, 'Giurgiani', 28),
(8654, 'Nadanova', 28),
(8655, 'Seliştea', 28),
(8656, 'Turtaba', 28),
(8657, 'Baloteşti', 28),
(8658, 'Halânga', 28),
(8659, 'Puţinei', 28),
(8660, 'Răscoleşti', 28),
(8661, 'Schinteieşti', 28),
(8662, 'Schitu Topolniţei', 28),
(8663, 'Cioroboreni', 28),
(8664, 'Dănceu', 28),
(8665, 'Jiana Mare', 28),
(8666, 'Jiana Veche', 28),
(8667, 'Izvoru Aneştilor', 28),
(8668, 'Izvorălu de Jos', 28),
(8669, 'Petriş', 28),
(8670, 'Ştefan Odobleja', 28),
(8671, '23 August', 28),
(8672, 'Bobaiţa', 28),
(8673, 'Bârda', 28),
(8674, 'Colibaşi', 28),
(8675, 'Lazu', 28),
(8676, 'Negreşti', 28),
(8677, 'Izimşa', 28),
(8678, 'Godeanu', 28),
(8679, 'Prisăceaua', 28),
(8680, 'Biban', 28),
(8681, 'Iablaniţa', 28),
(8682, 'Olteanca', 28),
(8683, 'Pădina Mare', 28),
(8684, 'Pădina Mică', 28),
(8685, 'Slaşoma', 28),
(8686, 'Viaşu', 28),
(8687, 'Gornenţi', 28),
(8688, 'Mălărişca', 28),
(8689, 'Brânzeni', 28),
(8690, 'Buicani', 28),
(8691, 'Bârâiacu', 28),
(8692, 'Băluţa', 28),
(8693, 'Ceptureni', 28),
(8694, 'Cracu Muntelui', 28),
(8695, 'Delureni', 28),
(8696, 'Gheorgheşti', 28),
(8697, 'Gărdăneasa', 28),
(8698, 'Ludu', 28),
(8699, 'Proiteşti', 28),
(8700, 'Răiculeşti', 28),
(8701, 'Valea Ursului', 28),
(8702, 'Şipotu', 28),
(8703, 'Fântânile Negre', 28),
(8704, 'Stigniţa', 28),
(8705, 'Şipotu', 28),
(8706, 'Cozia', 28),
(8707, 'Arvăteşti', 28),
(8708, 'Balota', 28),
(8709, 'Bâltanele', 28),
(8710, 'Cerveniţa', 28),
(8711, 'Dragoteşti', 28),
(8712, 'Fântâna Domnească', 28),
(8713, 'Ghelmegioaia', 28),
(8714, 'Gutu', 28),
(8715, 'Gârniţa', 28),
(8716, 'Igiroasa', 28),
(8717, 'Lumnic', 28),
(8718, 'Mijarca', 28),
(8719, 'Prunaru', 28),
(8720, 'Zegaia', 28),
(8721, 'Cearângu', 28),
(8722, 'Drincea', 28),
(8723, 'Măgurele', 28),
(8724, 'Recea', 28),
(8725, 'Satu Nou', 28),
(8726, 'Poroiniţa', 28),
(8727, 'Cerneţi', 28),
(8728, 'Dedoviţa Nouă', 28),
(8729, 'Dedoviţa Veche', 28),
(8730, 'Dudaşu', 28),
(8731, 'Ergheviţa', 28),
(8732, 'Poroina', 28),
(8733, 'Valea Copcii', 28),
(8734, 'Ciovârnăşani', 28),
(8735, 'Cocorova', 28),
(8736, 'Crăgueşti', 28),
(8737, 'Cărămidaru', 28),
(8738, 'Noapteşa', 28),
(8739, 'Ohaba', 28),
(8740, 'Studina', 28),
(8741, 'Breznicioara', 28),
(8742, 'Bârlogeni', 28),
(8743, 'Cerânganul', 28),
(8744, 'Faţa Motrului', 28),
(8745, 'Poşta Veche', 28),
(8746, 'Satu Mare', 28),
(8747, 'Târsa', 28),
(8748, 'Ciochiuţa', 28),
(8749, 'Comanda', 28),
(8750, 'Hurduceşti', 28),
(8751, 'Lunca Banului', 28),
(8752, 'Menţi', 28),
(8753, 'Motruleni', 28),
(8754, 'Slătinicu Mare', 28),
(8755, 'Slătinicu Mic', 28),
(8756, 'Stănceşti', 28),
(8757, 'Adunaţii Teiului', 28),
(8758, 'Boceni', 28),
(8759, 'Colareţ', 28),
(8760, 'Cremenea', 28),
(8761, 'Faţa Cremenii', 28),
(8762, 'Izvorălu', 28),
(8763, 'Manu', 28),
(8764, 'Pavăţ', 28),
(8765, 'Plopi', 28),
(8766, 'Valea Ursului', 28),
(8767, 'Braniştea', 28),
(8768, 'Goanţa', 28),
(8769, 'Roşiori', 28),
(8770, 'Bucura', 28),
(8771, 'Nicolae Bălcescu', 28),
(8772, 'Oreviţa Mare', 28),
(8773, 'Traian', 28),
(8774, 'Hotărani', 28),
(8775, 'Almăjel', 28),
(8776, 'Scorila', 28),
(8777, 'Ştircoviţa', 28),
(8778, 'Cotoroaia', 28),
(8779, 'Lac', 28),
(8780, 'Ruptura', 28),
(8781, 'Sperleşti', 28),
(8782, 'Valea Bună', 28),
(8783, 'Voloicel', 28),
(8784, 'Ţiţirigi', 28),
(8785, 'Acăţari', 29),
(8786, 'Adămuş', 29),
(8787, 'Albeşti', 29),
(8788, 'Aluniş', 29),
(8789, 'Apold', 29),
(8790, 'Aţintiş', 29),
(8791, 'Bahnea', 29),
(8792, 'Band', 29),
(8793, 'Batoş', 29),
(8794, 'Beica de Jos', 29),
(8795, 'Bichiş', 29),
(8796, 'Bogata', 29),
(8797, 'Breaza', 29),
(8798, 'Brâncoveneşti', 29),
(8799, 'Băgaciu', 29),
(8800, 'Băla', 29),
(8801, 'Bălăuşeri', 29),
(8802, 'Ceuaşu de Câmpie', 29),
(8803, 'Cheţani', 29),
(8804, 'Chibed', 29),
(8805, 'Chiheru de Jos', 29),
(8806, 'Coroisânmărtin', 29),
(8807, 'Cozma', 29),
(8808, 'Cristeşti', 29),
(8809, 'Crăciuneşti', 29),
(8810, 'Crăieşti', 29),
(8811, 'Cucerdea', 29),
(8812, 'Cuci', 29),
(8813, 'Daneş', 29),
(8814, 'Deda', 29),
(8815, 'Eremitu', 29),
(8816, 'Ernei', 29),
(8817, 'Fântânele', 29),
(8818, 'Fărăgău', 29),
(8819, 'Gheorghe Doja', 29),
(8820, 'Ghindari', 29),
(8821, 'Glodeni', 29),
(8822, 'Gorneşti', 29),
(8823, 'Grebenişu de Câmpie', 29),
(8824, 'Gurghiu', 29),
(8825, 'Găleşti', 29),
(8826, 'Găneşti', 29),
(8827, 'Hodac', 29),
(8828, 'Hodoşa', 29),
(8829, 'Ibăneşti', 29),
(8830, 'Iclănzel', 29),
(8831, 'Ideciu de Jos', 29),
(8832, 'Iernut', 29),
(8833, 'Livezeni', 29),
(8834, 'Luduş', 29),
(8835, 'Lunca', 29),
(8836, 'Lunca Bradului', 29),
(8837, 'Mica', 29),
(8838, 'Miercurea Nirajului', 29),
(8839, 'Miheşu de Câmpie', 29),
(8840, 'Măgherani', 29),
(8841, 'Nadeş', 29),
(8842, 'Neaua', 29),
(8843, 'Ogra', 29),
(8844, 'Papiu Ilarian', 29),
(8845, 'Petelea', 29),
(8846, 'Pogăceaua', 29),
(8847, 'Pănet', 29),
(8848, 'Păsăreni', 29),
(8849, 'Reghin', 29),
(8850, 'Ruşii-Munţi', 29),
(8851, 'Răstoliţa', 29),
(8852, 'Sarmaşu', 29),
(8853, 'Saschiz', 29),
(8854, 'Sighişoara', 29),
(8855, 'Solovăstru', 29),
(8856, 'Sovata', 29),
(8857, 'Stânceni', 29),
(8858, 'Suplac', 29),
(8859, 'Suseni', 29),
(8860, 'Sâncraiu de Mureş', 29),
(8861, 'Sângeorgiu de Mureş', 29),
(8862, 'Sângeorgiu de Pădure', 29),
(8863, 'Sânger', 29),
(8864, 'Sânpaul', 29),
(8865, 'Sânpetru de Câmpie', 29),
(8866, 'Sântana de Mureş', 29),
(8867, 'Târgu Mureş', 29),
(8868, 'Târnăveni', 29),
(8869, 'Tăureni', 29),
(8870, 'Ungheni', 29),
(8871, 'Valea Largă', 29),
(8872, 'Veţca', 29),
(8873, 'Viişoara', 29),
(8874, 'Voivodeni', 29),
(8875, 'Vânători', 29),
(8876, 'Vărgata', 29),
(8877, 'Vătava', 29),
(8878, 'Zagăr', 29),
(8879, 'Zau de Câmpie', 29),
(8880, 'Şincai', 29),
(8881, 'Şăulia', 29),
(8882, 'Corbeşti', 29),
(8883, 'Gruişor', 29),
(8884, 'Găieşti', 29),
(8885, 'Murgeşti', 29),
(8886, 'Roteni', 29),
(8887, 'Stejeriş', 29),
(8888, 'Suveica', 29),
(8889, 'Vălenii', 29),
(8890, 'Chinciuş', 29),
(8891, 'Corneşti', 29),
(8892, 'Crăieşti', 29),
(8893, 'Dâmbău', 29),
(8894, 'Herepea', 29),
(8895, 'Boiu', 29),
(8896, 'Bârlibăşoaia', 29),
(8897, 'Jacu', 29),
(8898, 'Valea Albeştiului', 29),
(8899, 'Valea Dăii', 29),
(8900, 'Valea Şapartocului', 29),
(8901, 'Şapartoc', 29),
(8902, 'Ţopa', 29),
(8903, 'Fiţcău', 29),
(8904, 'Lunca Mureşului', 29),
(8905, 'Daia', 29),
(8906, 'Vulcan', 29),
(8907, 'Şaeş', 29),
(8908, 'Botez', 29),
(8909, 'Cecălaca', 29),
(8910, 'Iştihaza', 29),
(8911, 'Maldaoci', 29),
(8912, 'Sâniacob', 29),
(8913, 'Delenii', 29),
(8914, 'Bernadea', 29),
(8915, 'Cund', 29),
(8916, 'Daia', 29),
(8917, 'Gogan', 29),
(8918, 'Idiciu', 29),
(8919, 'Lepindea', 29),
(8920, 'Ercea', 29),
(8921, 'Agrişteu', 29),
(8922, 'Chendu', 29),
(8923, 'Dumitreni', 29),
(8924, 'Filitelnic', 29),
(8925, 'Senereuş', 29),
(8926, 'Drăculea Bandului', 29),
(8927, 'Fânaţe', 29),
(8928, 'Fânaţele Mădăraşului', 29),
(8929, 'Iştan-Tău', 29),
(8930, 'Mădăraş', 29),
(8931, 'Mărăşeşti', 29),
(8932, 'Negrenii de Câmpie', 29),
(8933, 'Oroiu', 29),
(8934, 'Petea', 29),
(8935, 'Valea Mare', 29),
(8936, 'Valea Rece', 29),
(8937, 'Ţiptelnic', 29),
(8938, 'Dedrad', 29),
(8939, 'Goreni', 29),
(8940, 'Uila', 29),
(8941, 'Beica de Sus', 29),
(8942, 'Căcuciu', 29),
(8943, 'Nadăşa', 29),
(8944, 'Sânmihai de Pădure', 29),
(8945, 'Şerbeni', 29),
(8946, 'Gâmbuţ', 29),
(8947, 'Nandra', 29),
(8948, 'Ozd', 29),
(8949, 'Ranta', 29),
(8950, 'Idicel', 29),
(8951, 'Idicel-Pădure', 29),
(8952, 'Săcalu de Pădure', 29),
(8953, 'Vălenii de Mureş', 29),
(8954, 'Filpişu Mare', 29),
(8955, 'Filpişu Mic', 29),
(8956, 'Bozed', 29),
(8957, 'Culpiu', 29),
(8958, 'Câmpeniţa', 29),
(8959, 'Herghelia', 29),
(8960, 'Porumbeni', 29),
(8961, 'Săbed', 29),
(8962, 'Voiniceni', 29),
(8963, 'Coasta Grindului', 29),
(8964, 'Cordoş', 29),
(8965, 'Giurgiş', 29),
(8966, 'Grindeni', 29),
(8967, 'Hădăreni', 29),
(8968, 'Linţ', 29),
(8969, 'Chiheru de Sus', 29),
(8970, 'Urisiu de Jos', 29),
(8971, 'Urisiu de Sus', 29),
(8972, 'Coroi', 29),
(8973, 'Odrihei', 29),
(8974, 'Şoimuş', 29),
(8975, 'Fânaţele Socolului', 29),
(8976, 'Socolu de Câmpie', 29),
(8977, 'Valea Sasului', 29),
(8978, 'Valea Ungurului', 29),
(8979, 'Budiu Mic', 29),
(8980, 'Cinta', 29),
(8981, 'Corneşti', 29),
(8982, 'Tirimioara', 29),
(8983, 'Lefaia', 29),
(8984, 'Milăşel', 29),
(8985, 'Nima Milăşelului', 29),
(8986, 'Vălureni', 29),
(8987, 'Ciba', 29),
(8988, 'Foi', 29),
(8989, 'Nicoleşti', 29),
(8990, 'Bord', 29),
(8991, 'Şeulia de Mureş', 29),
(8992, 'După Deal', 29),
(8993, 'Dătăşeni', 29),
(8994, 'Orosia', 29),
(8995, 'Petrilaca', 29),
(8996, 'Criş', 29),
(8997, 'Seleuş', 29),
(8998, 'Stejărenii', 29),
(8999, 'Bistra Mureşului', 29),
(9000, 'Filea', 29),
(9001, 'Pietriş', 29),
(9002, 'Câmpu Cetăţii', 29),
(9003, 'Călugăreni', 29),
(9004, 'Dămieni', 29),
(9005, 'Mătrici', 29),
(9006, 'Căluşeri', 29),
(9007, 'Dumbrăvioara', 29),
(9008, 'Icland', 29),
(9009, 'Sângeru de Pădure', 29),
(9010, 'Săcăreni', 29),
(9011, 'Bordoşiu', 29),
(9012, 'Cibu', 29),
(9013, 'Călimăneşti', 29),
(9014, 'Roua', 29),
(9015, 'Viforoasa', 29),
(9016, 'Fânaţe', 29),
(9017, 'Hodaia', 29),
(9018, 'Onuca', 29),
(9019, 'Poarta', 29),
(9020, 'Tonciu', 29),
(9021, 'Adrianu Mare', 29),
(9022, 'Adrianu Mic', 29),
(9023, 'Bedeni', 29),
(9024, 'Maiad', 29),
(9025, 'Troiţa', 29),
(9026, 'Păucişoara', 29),
(9027, 'Sub Pădure', 29),
(9028, 'Ilieni', 29),
(9029, 'Leordeni', 29),
(9030, 'Satu Nou', 29),
(9031, 'Tirimia', 29),
(9032, 'Abud', 29),
(9033, 'Ceie', 29),
(9034, 'Solocma', 29),
(9035, 'Trei Sate', 29),
(9036, 'Merişor', 29),
(9037, 'Moişa', 29),
(9038, 'Păcureni', 29),
(9039, 'Păingeni', 29),
(9040, 'Iara de Mureş', 29),
(9041, 'Ilioara', 29),
(9042, 'Mura Mare', 29),
(9043, 'Mura Mică', 29),
(9044, 'Periş', 29),
(9045, 'Petrilaca de Mureş', 29),
(9046, 'Pădureni', 29),
(9047, 'Teleac', 29),
(9048, 'Leorinţa', 29),
(9049, 'Valea Sânpetrului', 29),
(9050, 'Adrian', 29),
(9051, 'Caşva', 29),
(9052, 'Comori', 29),
(9053, 'Fundoaia', 29),
(9054, 'Glăjărie', 29),
(9055, 'Larga', 29),
(9056, 'Orşova', 29),
(9057, 'Orşova-Pădure', 29),
(9058, 'Păuloaia', 29),
(9059, 'Sânvăsii', 29),
(9060, 'Seuca', 29),
(9061, 'Arşiţa', 29),
(9062, 'Bicaşu', 29),
(9063, 'Dubiştea de Pădure', 29),
(9064, 'Mirigioaia', 29),
(9065, 'Toaca', 29),
(9066, 'Uricea', 29),
(9067, 'Ihod', 29),
(9068, 'Isla', 29),
(9069, 'Sâmbriaş', 29),
(9070, 'Blidireasa', 29),
(9071, 'Brădeţelu', 29),
(9072, 'Dulcea', 29),
(9073, 'Ibăneşti-Pădure', 29),
(9074, 'Lăpuşna', 29),
(9075, 'Pârâu Mare', 29),
(9076, 'Tireu', 29),
(9077, 'Tisieu', 29),
(9078, 'Zimţi', 29),
(9079, 'Chisăliţa', 29),
(9080, 'Căpuşu de Câmpie', 29),
(9081, 'După Deal', 29),
(9082, 'Fânaţe', 29),
(9083, 'Fânaţele Căpuşului', 29),
(9084, 'Ghidaşteu', 29),
(9085, 'Iclandu Mare', 29),
(9086, 'Mădărăşeni', 29),
(9087, 'Tăblăşeni', 29),
(9088, 'Valea Iclandului', 29),
(9089, 'Deleni', 29),
(9090, 'Ideciu de Sus', 29),
(9091, 'Cipău', 29),
(9092, 'Deag', 29),
(9093, 'Lechinţa', 29),
(9094, 'Oarba de Mureş', 29),
(9095, 'Porumbac', 29),
(9096, 'Racameţ', 29),
(9097, 'Sfântu Gheorghe', 29),
(9098, 'Sălcud', 29),
(9099, 'Bozeni', 29),
(9100, 'Corunca', 29),
(9101, 'Ivăneşti', 29),
(9102, 'Poieniţa', 29),
(9103, 'Sânişor', 29),
(9104, 'Avrămeşti', 29),
(9105, 'Cioarga', 29),
(9106, 'Ciurgău', 29),
(9107, 'Fundătura', 29),
(9108, 'Gheja', 29),
(9109, 'Roşiori', 29),
(9110, 'Băiţa', 29),
(9111, 'Frunzeni', 29),
(9112, 'Logig', 29),
(9113, 'Sântu', 29),
(9114, 'Neagra', 29);
INSERT INTO `valuation_city` (`id`, `name`, `area_id`) VALUES
(9115, 'Sălard', 29),
(9116, 'Bereni', 29),
(9117, 'Bâra', 29),
(9118, 'Cându', 29),
(9119, 'Drojdii', 29),
(9120, 'Eremieni', 29),
(9121, 'Maia', 29),
(9122, 'Mărculeni', 29),
(9123, 'Torba', 29),
(9124, 'Şilea Nirajului', 29),
(9125, 'Abuş', 29),
(9126, 'Ceuaş', 29),
(9127, 'Căpâlna de Sus', 29),
(9128, 'Deaj', 29),
(9129, 'Hărănglab', 29),
(9130, 'Şomoştelnic', 29),
(9131, 'Beu', 29),
(9132, 'Dumitreştii', 29),
(9133, 'Lăureni', 29),
(9134, 'Moşuni', 29),
(9135, 'Tâmpa', 29),
(9136, 'Veţa', 29),
(9137, 'Şardu Nirajului', 29),
(9138, 'Bujor', 29),
(9139, 'Cirhagău', 29),
(9140, 'Groapa Rădăii', 29),
(9141, 'Mogoaia', 29),
(9142, 'Răzoare', 29),
(9143, 'Ştefanca', 29),
(9144, 'Şăuliţa', 29),
(9145, 'Măgheruş', 29),
(9146, 'Pipea', 29),
(9147, 'Ţigmandru', 29),
(9148, 'Ghineşti', 29),
(9149, 'Rigmani', 29),
(9150, 'Sânsimion', 29),
(9151, 'Vădaş', 29),
(9152, 'Dileu Vechi', 29),
(9153, 'Giuluş', 29),
(9154, 'Lăscud', 29),
(9155, 'Vaideiu', 29),
(9156, 'Berghia', 29),
(9157, 'Cuieşd', 29),
(9158, 'Hărţău', 29),
(9159, 'Sântioana de Mureş', 29),
(9160, 'Dobra', 29),
(9161, 'Merişoru', 29),
(9162, 'Ursoaia', 29),
(9163, 'Şandru', 29),
(9164, 'Bolintineni', 29),
(9165, 'Gălăţeni', 29),
(9166, 'Habic', 29),
(9167, 'Bologaia', 29),
(9168, 'Ciulea', 29),
(9169, 'Deleni', 29),
(9170, 'Fântâna Babii', 29),
(9171, 'Pârâu Crucii', 29),
(9172, 'Scurta', 29),
(9173, 'Sicele', 29),
(9174, 'Valea Sânpetrului', 29),
(9175, 'Văleni', 29),
(9176, 'Andreneasa', 29),
(9177, 'Borzia', 29),
(9178, 'Gălăoaia', 29),
(9179, 'Iod', 29),
(9180, 'Apalina', 29),
(9181, 'Iernuţeni', 29),
(9182, 'Coasta Mare', 29),
(9183, 'Cotorinău', 29),
(9184, 'Cureţe', 29),
(9185, 'Căciulata', 29),
(9186, 'Hagău', 29),
(9187, 'Leniş', 29),
(9188, 'Nima Râciului', 29),
(9189, 'Obârşie', 29),
(9190, 'Pârâu Crucii', 29),
(9191, 'Râciu', 29),
(9192, 'Sânmărtinu de Câmpie', 29),
(9193, 'Ulieş', 29),
(9194, 'Valea Seacă', 29),
(9195, 'Valea Sânmărtinului', 29),
(9196, 'Valea Ulieşului', 29),
(9197, 'Maioreşti', 29),
(9198, 'Morăreni', 29),
(9199, 'Sebeş', 29),
(9200, 'Nazna', 29),
(9201, 'Cotuş', 29),
(9202, 'Tofalău', 29),
(9203, 'Bezid', 29),
(9204, 'Bezidu Nou', 29),
(9205, 'Loţu', 29),
(9206, 'Bârza', 29),
(9207, 'Cipăieni', 29),
(9208, 'Dalu', 29),
(9209, 'Pripoare', 29),
(9210, 'Vălişoara', 29),
(9211, 'Zăpodea', 29),
(9212, 'Chirileu', 29),
(9213, 'Dileu Nou', 29),
(9214, 'Sânmărghita', 29),
(9215, 'Valea Izvoarelor', 29),
(9216, 'Bârlibaş', 29),
(9217, 'Dâmbu', 29),
(9218, 'Satu Nou', 29),
(9219, 'Sângeorgiu de Câmpie', 29),
(9220, 'Tuşinu', 29),
(9221, 'Bărdeşti', 29),
(9222, 'Chinari', 29),
(9223, 'Curteni', 29),
(9224, 'Balda', 29),
(9225, 'Larga', 29),
(9226, 'Moruţ', 29),
(9227, 'Sărmăşel', 29),
(9228, 'Sărmăşel-Gară', 29),
(9229, 'Titiana', 29),
(9230, 'Vişinelu', 29),
(9231, 'Cloaşterf', 29),
(9232, 'Mihai Viteazu', 29),
(9233, 'Leorinţa-Şăulia', 29),
(9234, 'Măcicăşeşti', 29),
(9235, 'Pădurea', 29),
(9236, 'Angofa', 29),
(9237, 'Aurel Vlaicu', 29),
(9238, 'Hetiur', 29),
(9239, 'Rora', 29),
(9240, 'Venchi', 29),
(9241, 'Viilor', 29),
(9242, 'Şoromiclea', 29),
(9243, 'Lechincioara', 29),
(9244, 'Pusta', 29),
(9245, 'Şincai-Fânaţe', 29),
(9246, 'Jabeniţa', 29),
(9247, 'Căpeţi', 29),
(9248, 'Ilieşi', 29),
(9249, 'Săcădat', 29),
(9250, 'Sărăţeni', 29),
(9251, 'Ciobotani', 29),
(9252, 'Meştera', 29),
(9253, 'Idrifaia', 29),
(9254, 'Laslău Mare', 29),
(9255, 'Laslău Mic', 29),
(9256, 'Vaidacuţa', 29),
(9257, 'Luieriu', 29),
(9258, 'Mureşeni', 29),
(9259, 'Remetea', 29),
(9260, 'Bobohalma', 29),
(9261, 'Botorca', 29),
(9262, 'Cuştelnic', 29),
(9263, 'Fânaţe', 29),
(9264, 'Moara de Jos', 29),
(9265, 'Cerghid', 29),
(9266, 'Cerghizel', 29),
(9267, 'Moreşti', 29),
(9268, 'Recea', 29),
(9269, 'Vidrasău', 29),
(9270, 'Şăuşa', 29),
(9271, 'Grădini', 29),
(9272, 'Mălăeşti', 29),
(9273, 'Poduri', 29),
(9274, 'Valea Frăţiei', 29),
(9275, 'Valea Glodului', 29),
(9276, 'Valea Pădurii', 29),
(9277, 'Valea Urieşului', 29),
(9278, 'Valea Şurii', 29),
(9279, 'Archita', 29),
(9280, 'Feleag', 29),
(9281, 'Mureni', 29),
(9282, 'Şoard', 29),
(9283, 'Grâuşorul', 29),
(9284, 'Mitreşti', 29),
(9285, 'Vadu', 29),
(9286, 'Valea', 29),
(9287, 'Dumbrava', 29),
(9288, 'Râpa de Jos', 29),
(9289, 'Jacodu', 29),
(9290, 'Sălaşuri', 29),
(9291, 'Ormeniş', 29),
(9292, 'Sântioana', 29),
(9293, 'Toldal', 29),
(9294, 'Seleuş', 29),
(9295, 'Botei', 29),
(9296, 'Bujor-Hodaie', 29),
(9297, 'Bărboşi', 29),
(9298, 'Ciretea', 29),
(9299, 'Gaura Sângerului', 29),
(9300, 'Malea', 29),
(9301, 'Tău', 29),
(9302, 'Ştefăneaca', 29),
(9303, 'Agapia', 30),
(9304, 'Bahna', 30),
(9305, 'Bicaz', 30),
(9306, 'Bicaz-Chei', 30),
(9307, 'Bicazu Ardelean', 30),
(9308, 'Bira', 30),
(9309, 'Bodeşti', 30),
(9310, 'Borca', 30),
(9311, 'Borleşti', 30),
(9312, 'Boteşti', 30),
(9313, 'Bozieni', 30),
(9314, 'Bârgauani', 30),
(9315, 'Bălţăteşti', 30),
(9316, 'Ceahlău', 30),
(9317, 'Cordun', 30),
(9318, 'Costişa', 30),
(9319, 'Crăcăoani', 30),
(9320, 'Cândesti', 30),
(9321, 'Dobreni', 30),
(9322, 'Dochia', 30),
(9323, 'Doljeşti', 30),
(9324, 'Dragomireşti', 30),
(9325, 'Dulceşti', 30),
(9326, 'Dumbrava Roşie', 30),
(9327, 'Dămuc', 30),
(9328, 'Farcaşa', 30),
(9329, 'Făurei', 30),
(9330, 'Gherăeşti', 30),
(9331, 'Ghindăoani', 30),
(9332, 'Girov', 30),
(9333, 'Grinţieş', 30),
(9334, 'Grumăzeşti', 30),
(9335, 'Gârcina', 30),
(9336, 'Hangu', 30),
(9337, 'Horia', 30),
(9338, 'Icuşeşti', 30),
(9339, 'Ion Creangă', 30),
(9340, 'Moldoveni', 30),
(9341, 'Mărgineni', 30),
(9342, 'Oniceni', 30),
(9343, 'Petricani', 30),
(9344, 'Piatra Şoimului', 30),
(9345, 'Pipirig', 30),
(9346, 'Podoleni', 30),
(9347, 'Poiana Teiului', 30),
(9348, 'Poienari', 30),
(9349, 'Pângaraţi', 30),
(9350, 'Păstrăveni', 30),
(9351, 'Rediu', 30),
(9352, 'Roman', 30),
(9353, 'Români', 30),
(9354, 'Roznov', 30),
(9355, 'Ruginoasa', 30),
(9356, 'Răuceşti', 30),
(9357, 'Războieni', 30),
(9358, 'Sagna', 30),
(9359, 'Secuieni', 30),
(9360, 'Stăniţa', 30),
(9361, 'Săbăoani', 30),
(9362, 'Săvineşti', 30),
(9363, 'Tarcău', 30),
(9364, 'Tazlău', 30),
(9365, 'Taşca', 30),
(9366, 'Timişeşti', 30),
(9367, 'Trifeşti', 30),
(9368, 'Tupilaţi', 30),
(9369, 'Târgu Neamţ', 30),
(9370, 'Tămăşeni', 30),
(9371, 'Urecheni', 30),
(9372, 'Valea Ursului', 30),
(9373, 'Vânători-Neamţ', 30),
(9374, 'Zăneşti', 30),
(9375, 'Ştefan cel Mare', 30),
(9376, 'Ţibucani', 30),
(9377, 'Filioara', 30),
(9378, 'Săcăluşeşti', 30),
(9379, 'Varatec', 30),
(9380, 'Agârcia', 30),
(9381, 'Bisericani', 30),
(9382, 'Bistriţa', 30),
(9383, 'Scăricica', 30),
(9384, 'Vaduri', 30),
(9385, 'Viişoara', 30),
(9386, 'Vădurele', 30),
(9387, 'Arămeşti', 30),
(9388, 'Broşteni', 30),
(9389, 'Băhnişoara', 30),
(9390, 'Izvoare', 30),
(9391, 'Liliac', 30),
(9392, 'Ţuţcanii din Deal', 30),
(9393, 'Ţuţcanii din Vale', 30),
(9394, 'Valea Arini', 30),
(9395, 'Valea Seacă', 30),
(9396, 'Bahna Mare', 30),
(9397, 'Baratca', 30),
(9398, 'Breaza', 30),
(9399, 'Bălăneşti', 30),
(9400, 'Certieni', 30),
(9401, 'Chilia', 30),
(9402, 'Dârloaia', 30),
(9403, 'Ghelăieşti', 30),
(9404, 'Homiceni', 30),
(9405, 'Hârtop', 30),
(9406, 'Talpa', 30),
(9407, 'Vlădiceni', 30),
(9408, 'Capşa', 30),
(9409, 'Dodeni', 30),
(9410, 'Izvoru Muntelui', 30),
(9411, 'Izvorul Alb', 30),
(9412, 'Potoci', 30),
(9413, 'Secu', 30),
(9414, 'Bârnadu', 30),
(9415, 'Gherman', 30),
(9416, 'Ivaneş', 30),
(9417, 'Telec', 30),
(9418, 'Ticoş', 30),
(9419, 'Boghicea', 30),
(9420, 'Căuşeni', 30),
(9421, 'Negreşti', 30),
(9422, 'Nistria', 30),
(9423, 'Rediu', 30),
(9424, 'Slobozia', 30),
(9425, 'Bodeştii de Jos', 30),
(9426, 'Corni', 30),
(9427, 'Oşlobeni', 30),
(9428, 'Lunca', 30),
(9429, 'Mădei', 30),
(9430, 'Pârâul Cârjei', 30),
(9431, 'Pârâul Pântei', 30),
(9432, 'Sabasa', 30),
(9433, 'Soci', 30),
(9434, 'Mastacăn', 30),
(9435, 'Nechit', 30),
(9436, 'Ruseni', 30),
(9437, 'Şovoaia', 30),
(9438, 'Barticeşti', 30),
(9439, 'David', 30),
(9440, 'Moreni', 30),
(9441, 'Munteni', 30),
(9442, 'Nisiporeşti', 30),
(9443, 'Văleni', 30),
(9444, 'Băneasa', 30),
(9445, 'Crăieşti', 30),
(9446, 'Cuci', 30),
(9447, 'Iucşa', 30),
(9448, 'Brusturi', 30),
(9449, 'Drăgăneşti', 30),
(9450, 'Groşi', 30),
(9451, 'Orţăşti', 30),
(9452, 'Poiana', 30),
(9453, 'Râşca', 30),
(9454, 'Târzia', 30),
(9455, 'Şoimăreşti', 30),
(9456, 'Bărcăneşti', 30),
(9457, 'Dragova', 30),
(9458, 'Pădureni', 30),
(9459, 'Vădurele', 30),
(9460, 'Ţârdenii Mici', 30),
(9461, 'Bistricioara', 30),
(9462, 'Pârâul Mare', 30),
(9463, 'Pildeşti', 30),
(9464, 'Simioneşti', 30),
(9465, 'Dorneşti', 30),
(9466, 'Frunzeni', 30),
(9467, 'Mănoaia', 30),
(9468, 'Cracăul Negru', 30),
(9469, 'Magazia', 30),
(9470, 'Mitocu Bălan', 30),
(9471, 'Poiana Crăcăoani', 30),
(9472, 'Huisurez', 30),
(9473, 'Trei Fântâni', 30),
(9474, 'Căşăria', 30),
(9475, 'Negreşti', 30),
(9476, 'Poiana', 30),
(9477, 'Sărata', 30),
(9478, 'Băluşeşti', 30),
(9479, 'Buhonca', 30),
(9480, 'Buruieneşti', 30),
(9481, 'Rotunda', 30),
(9482, 'Borniş', 30),
(9483, 'Hlăpeşti', 30),
(9484, 'Mastacăn', 30),
(9485, 'Unghi', 30),
(9486, 'Vad', 30),
(9487, 'Briţcani', 30),
(9488, 'Corhana', 30),
(9489, 'Cârlig', 30),
(9490, 'Poiana', 30),
(9491, 'Roşiori', 30),
(9492, 'Brăşăuţi', 30),
(9493, 'Cut', 30),
(9494, 'Izvoare', 30),
(9495, 'Buşmei', 30),
(9496, 'Frumosu', 30),
(9497, 'Popeşti', 30),
(9498, 'Stejaru', 30),
(9499, 'Budeşti', 30),
(9500, 'Climeşti', 30),
(9501, 'Micşuneşti', 30),
(9502, 'Almaş', 30),
(9503, 'Cuejdiu', 30),
(9504, 'Gherăeştii Noi', 30),
(9505, 'Teţcani', 30),
(9506, 'Boţeşti', 30),
(9507, 'Căciuleşti', 30),
(9508, 'Doina', 30),
(9509, 'Dăneşti', 30),
(9510, 'Gura Văii', 30),
(9511, 'Popeşti', 30),
(9512, 'Turtureşti', 30),
(9513, 'Verşeşti', 30),
(9514, 'Bradu', 30),
(9515, 'Poiana', 30),
(9516, 'Curechiştea', 30),
(9517, 'Netezi', 30),
(9518, 'Topoliţa', 30),
(9519, 'Buhalniţa', 30),
(9520, 'Chiriţeni', 30),
(9521, 'Grozăveşti', 30),
(9522, 'Rugineşti', 30),
(9523, 'Cotu Vameş', 30),
(9524, 'Băluşeşti', 30),
(9525, 'Bătrâneşti', 30),
(9526, 'Mesteacăn', 30),
(9527, 'Rocna', 30),
(9528, 'Spiridoneşti', 30),
(9529, 'Tabăra', 30),
(9530, 'Avereşti', 30),
(9531, 'Izvoru', 30),
(9532, 'Muncelu', 30),
(9533, 'Recea', 30),
(9534, 'Stejaru', 30),
(9535, 'Hoiseşti', 30),
(9536, 'Hârţeşti', 30),
(9537, 'Itrineşti', 30),
(9538, 'Hociungi', 30),
(9539, 'Ciornei', 30),
(9540, 'Gorun', 30),
(9541, 'Linseşti', 30),
(9542, 'Lunca', 30),
(9543, 'Mărmureni', 30),
(9544, 'Pietrosu', 30),
(9545, 'Poiana Humei', 30),
(9546, 'Pustieta', 30),
(9547, 'Solca', 30),
(9548, 'Valea Enei', 30),
(9549, 'Oanţu', 30),
(9550, 'Poiana', 30),
(9551, 'Preluca', 30),
(9552, 'Pângărăcior', 30),
(9553, 'Stejaru', 30),
(9554, 'Lunca Moldovei', 30),
(9555, 'Rădeni', 30),
(9556, 'Spieşti', 30),
(9557, 'Boiştea', 30),
(9558, 'Târpeşti', 30),
(9559, 'Ţolici', 30),
(9560, 'Ciritei', 30),
(9561, 'Doamna', 30),
(9562, 'Piatra-Neamţ', 30),
(9563, 'Văleni', 30),
(9564, 'Luminiş', 30),
(9565, 'Neguleşti', 30),
(9566, 'Poieni', 30),
(9567, 'Boboieşti', 30),
(9568, 'Dolheşti', 30),
(9569, 'Leghin', 30),
(9570, 'Pluton', 30),
(9571, 'Pâţâligeni', 30),
(9572, 'Stânca', 30),
(9573, 'Negriteşti', 30),
(9574, 'Călugăreni', 30),
(9575, 'Dreptu', 30),
(9576, 'Galu', 30),
(9577, 'Petru Vodă', 30),
(9578, 'Poiana Largului', 30),
(9579, 'Pârâul Fagului', 30),
(9580, 'Roşeni', 30),
(9581, 'Ruseni', 30),
(9582, 'Săvineşti', 30),
(9583, 'Topoliceni', 30),
(9584, 'Bunghi', 30),
(9585, 'Ciurea', 30),
(9586, 'Holm', 30),
(9587, 'Patricheni', 30),
(9588, 'Pânceşti', 30),
(9589, 'Săcăleni', 30),
(9590, 'Tălpălăi', 30),
(9591, 'Oglinzi', 30),
(9592, 'Săveşti', 30),
(9593, 'Ungheni', 30),
(9594, 'Borşeni', 30),
(9595, 'Războienii de Jos', 30),
(9596, 'Valea Albă', 30),
(9597, 'Valea Mare', 30),
(9598, 'Beţeşti', 30),
(9599, 'Poloboc', 30),
(9600, 'Socea', 30),
(9601, 'Goşmani', 30),
(9602, 'Siliştea', 30),
(9603, 'Chintinici', 30),
(9604, 'Slobozia', 30),
(9605, 'Bozienii de Sus', 30),
(9606, 'Traian', 30),
(9607, 'Gâdinţi', 30),
(9608, 'Luţca', 30),
(9609, 'Vulpăşeşti', 30),
(9610, 'Dumbrava Deal', 30),
(9611, 'Başta', 30),
(9612, 'Bogzeşti', 30),
(9613, 'Butnăreşti', 30),
(9614, 'Bârjoveni', 30),
(9615, 'Giuleşti', 30),
(9616, 'Prăjeşti', 30),
(9617, 'Secuienii Noi', 30),
(9618, 'Unceşti', 30),
(9619, 'Chicerea', 30),
(9620, 'Ghidion', 30),
(9621, 'Poienile Oancei', 30),
(9622, 'Todireni', 30),
(9623, 'Veja', 30),
(9624, 'Vlădnicele', 30),
(9625, 'Bordea', 30),
(9626, 'Cârligi', 30),
(9627, 'Deleni', 30),
(9628, 'Duşeşti', 30),
(9629, 'Ghigoieşti', 30),
(9630, 'Soci', 30),
(9631, 'Adjudeni', 30),
(9632, 'Ardeluţa', 30),
(9633, 'Brateş', 30),
(9634, 'Cazaci', 30),
(9635, 'Schitu Tarcău', 30),
(9636, 'Straja', 30),
(9637, 'Blebea', 30),
(9638, 'Humuleşti', 30),
(9639, 'Humuleştii Noi', 30),
(9640, 'Hamzoaia', 30),
(9641, 'Neagra', 30),
(9642, 'Ticoş-Floarea', 30),
(9643, 'Davideni', 30),
(9644, 'Ţibucanii de Jos', 30),
(9645, 'Dumbrava', 30),
(9646, 'Plăieşu', 30),
(9647, 'Preuteşti', 30),
(9648, 'Zvorăneşti', 30),
(9649, 'Miron Costin', 30),
(9650, 'Arămoaia', 30),
(9651, 'Hanul Ancuţei', 30),
(9652, 'Totoieşti', 30),
(9653, 'Ingăreşti', 30),
(9654, 'Plugari', 30),
(9655, 'Bucium', 30),
(9656, 'Chilii', 30),
(9657, 'Giurgeni', 30),
(9658, 'Muncelu de Jos', 30),
(9659, 'Lunca', 30),
(9660, 'Mânăstirea Neamţ', 30),
(9661, 'Nemţişor', 30),
(9662, 'Traian', 30),
(9663, 'Baldovineşti', 31),
(9664, 'Balş', 31),
(9665, 'Bobiceşti', 31),
(9666, 'Brastavăţu', 31),
(9667, 'Brebeni', 31),
(9668, 'Brâncoveni', 31),
(9669, 'Bucinişu', 31),
(9670, 'Bârza', 31),
(9671, 'Băbiciu', 31),
(9672, 'Caracal', 31),
(9673, 'Cezieni', 31),
(9674, 'Cilieni', 31),
(9675, 'Coloneşti', 31),
(9676, 'Corabia', 31),
(9677, 'Corbu', 31),
(9678, 'Coteana', 31),
(9679, 'Crâmpoia', 31),
(9680, 'Cungrea', 31),
(9681, 'Curtişoara', 31),
(9682, 'Cârlogani', 31),
(9683, 'Deveselu', 31),
(9684, 'Dobreţu', 31),
(9685, 'Dobrosloveni', 31),
(9686, 'Dobroteasa', 31),
(9687, 'Dobrun', 31),
(9688, 'Drăghiceni', 31),
(9689, 'Drăgăneşti-Olt', 31),
(9690, 'Dăneasa', 31),
(9691, 'Făgeţelu', 31),
(9692, 'Fălcoiu', 31),
(9693, 'Fărcaşele', 31),
(9694, 'Giuvărăşti', 31),
(9695, 'Gostavăţu', 31),
(9696, 'Grojdibodu', 31),
(9697, 'Grădinari', 31),
(9698, 'Gârcov', 31),
(9699, 'Găneasa', 31),
(9700, 'Ianca', 31),
(9701, 'Iancu Jianu', 31),
(9702, 'Icoana', 31),
(9703, 'Izbiceni', 31),
(9704, 'Izvoarele', 31),
(9705, 'Leleasca', 31),
(9706, 'Mihăeşti', 31),
(9707, 'Morunglav', 31),
(9708, 'Movileni', 31),
(9709, 'Mărunţei', 31),
(9710, 'Nicolae Titulescu', 31),
(9711, 'Oboga', 31),
(9712, 'Obârşia', 31),
(9713, 'Oporelu', 31),
(9714, 'Orlea', 31),
(9715, 'Osica de Sus', 31),
(9716, 'Perieţi', 31),
(9717, 'Piatra-Olt', 31),
(9718, 'Pleşoiu', 31),
(9719, 'Poboru', 31),
(9720, 'Potcoava', 31),
(9721, 'Priseaca', 31),
(9722, 'Radomireşti', 31),
(9723, 'Redea', 31),
(9724, 'Rotunda', 31),
(9725, 'Rusăneşti', 31),
(9726, 'Schitu', 31),
(9727, 'Scorniceşti', 31),
(9728, 'Scărişoara', 31),
(9729, 'Seaca', 31),
(9730, 'Slatina', 31),
(9731, 'Slătioara', 31),
(9732, 'Spineni', 31),
(9733, 'Sprâncenata', 31),
(9734, 'Stoeneşti', 31),
(9735, 'Stoicăneşti', 31),
(9736, 'Strejeşti', 31),
(9737, 'Studina', 31),
(9738, 'Sâmbureşti', 31),
(9739, 'Teslui', 31),
(9740, 'Tia Mare', 31),
(9741, 'Topana', 31),
(9742, 'Traian', 31),
(9743, 'Tufeni', 31),
(9744, 'Tătuleşti', 31),
(9745, 'Urzica', 31),
(9746, 'Valea Mare', 31),
(9747, 'Verguleasa', 31),
(9748, 'Vitomireşti', 31),
(9749, 'Vişina', 31),
(9750, 'Vlădila', 31),
(9751, 'Voineasa', 31),
(9752, 'Vulpeni', 31),
(9753, 'Vultureşti', 31),
(9754, 'Vâlcele', 31),
(9755, 'Vădastra', 31),
(9756, 'Vădăstriţa', 31),
(9757, 'Văleni', 31),
(9758, 'Şerbăneşti', 31),
(9759, 'Ştefan cel Mare', 31),
(9760, 'Broşteni', 31),
(9761, 'Băleasa', 31),
(9762, 'Dâmburile', 31),
(9763, 'Gubandru', 31),
(9764, 'Găvăneşti', 31),
(9765, 'Pietriş', 31),
(9766, 'Corbeni', 31),
(9767, 'Româna', 31),
(9768, 'Teiş', 31),
(9769, 'Boroeşti', 31),
(9770, 'Bărăştii de Cepturi', 31),
(9771, 'Bărăştii de Vede', 31),
(9772, 'Ciocăneşti', 31),
(9773, 'Lăzăreşti', 31),
(9774, 'Mereni', 31),
(9775, 'Moţoeşti', 31),
(9776, 'Popeşti', 31),
(9777, 'Braneţ', 31),
(9778, 'Bechet', 31),
(9779, 'Belgun', 31),
(9780, 'Chinteşti', 31),
(9781, 'Comăneşti', 31),
(9782, 'Govora', 31),
(9783, 'Leoteşti', 31),
(9784, 'Mirila', 31),
(9785, 'Mărgheni', 31),
(9786, 'Ociogi', 31),
(9787, 'Văleni', 31),
(9788, 'Cruşovu', 31),
(9789, 'Teiuşu', 31),
(9790, 'Bucinişu Mic', 31),
(9791, 'Beculeşti', 31),
(9792, 'Cepari', 31),
(9793, 'Scorbura', 31),
(9794, 'Stupina', 31),
(9795, 'Bondrea', 31),
(9796, 'Corlăteşti', 31),
(9797, 'Bărăşti', 31),
(9798, 'Bătăreni', 31),
(9799, 'Chelbeşti', 31),
(9800, 'Cârstani', 31),
(9801, 'Gueşti', 31),
(9802, 'Mărunţei', 31),
(9803, 'Năvârgeni', 31),
(9804, 'Vlaici', 31),
(9805, 'Tudor Vladimirescu', 31),
(9806, 'Vârtopu', 31),
(9807, 'Burduleşti', 31),
(9808, 'Buzeşti', 31),
(9809, 'Ciureşti', 31),
(9810, 'Milcoveni', 31),
(9811, 'Buta', 31),
(9812, 'Cepeşti', 31),
(9813, 'Ibăneşti', 31),
(9814, 'Mieşti', 31),
(9815, 'Oteştii de Jos', 31),
(9816, 'Oteştii de Sus', 31),
(9817, 'Spătaru', 31),
(9818, 'Dobrotinet', 31),
(9819, 'Linia din Vale', 31),
(9820, 'Pietrişu', 31),
(9821, 'Proaspeţi', 31),
(9822, 'Raiţiu', 31),
(9823, 'Berindei', 31),
(9824, 'Cioflanu', 31),
(9825, 'Pestra', 31),
(9826, 'Zănoaga', 31),
(9827, 'Comanca', 31),
(9828, 'Curtişoara', 31),
(9829, 'Horezu', 31),
(9830, 'Frăsinetu', 31),
(9831, 'Potopinu', 31),
(9832, 'Reşca', 31),
(9833, 'Reşcuţa', 31),
(9834, 'Batia', 31),
(9835, 'Câmpu Mare', 31),
(9836, 'Vulpeşti', 31),
(9837, 'Bobu', 31),
(9838, 'Chilii', 31),
(9839, 'Osica de Jos', 31),
(9840, 'Roşienii Mari', 31),
(9841, 'Roşienii Mici', 31),
(9842, 'Ulmet', 31),
(9843, 'Comani', 31),
(9844, 'Grozăveşti', 31),
(9845, 'Liiceni', 31),
(9846, 'Bâgeşti', 31),
(9847, 'Chilia', 31),
(9848, 'Gruiu', 31),
(9849, 'Isaci', 31),
(9850, 'Pielcani', 31),
(9851, 'Cioroiaşu', 31),
(9852, 'Cioroiu', 31),
(9853, 'Fărcaşu de Jos', 31),
(9854, 'Ghimpaţi', 31),
(9855, 'Hotărani', 31),
(9856, 'Dranovăţu', 31),
(9857, 'Grădiştea', 31),
(9858, 'Izvoru', 31),
(9859, 'Oltişoru', 31),
(9860, 'Ursa', 31),
(9861, 'Slăveni', 31),
(9862, 'Petculeşti', 31),
(9863, 'Runcu Mare', 31),
(9864, 'Satu Nou', 31),
(9865, 'Hotaru', 31),
(9866, 'Potelu', 31),
(9867, 'Dobriceni', 31),
(9868, 'Preoteşti', 31),
(9869, 'Floru', 31),
(9870, 'Ursoaia', 31),
(9871, 'Alimăneşti', 31),
(9872, 'Afumaţi', 31),
(9873, 'Greereşti', 31),
(9874, 'Mierliceşti', 31),
(9875, 'Toneşti', 31),
(9876, 'Tufaru', 31),
(9877, 'Urşi', 31),
(9878, 'Bălăneşti', 31),
(9879, 'Malu Roşu', 31),
(9880, 'Buşca', 31),
(9881, 'Ipoteşti', 31),
(9882, 'Milcovu din Deal', 31),
(9883, 'Milcovu din Vale', 31),
(9884, 'Stejaru', 31),
(9885, 'Ulmi', 31),
(9886, 'Bărăşti', 31),
(9887, 'Ghioşani', 31),
(9888, 'Moruneşti', 31),
(9889, 'Poiana Mare', 31),
(9890, 'Bacea', 31),
(9891, 'Ghimpeţeni', 31),
(9892, 'Ghimpeţenii Noi', 31),
(9893, 'Coteni', 31),
(9894, 'Câmpu Părului', 31),
(9895, 'Obârşia Nouă', 31),
(9896, 'Tabonu', 31),
(9897, 'Călui', 31),
(9898, 'Gura Căluiu', 31),
(9899, 'Beria de Jos', 31),
(9900, 'Beria de Sus', 31),
(9901, 'Rădeşti', 31),
(9902, 'Optaşi', 31),
(9903, 'Vităneşti', 31),
(9904, 'Gura Padinii', 31),
(9905, 'Orlea Nouă', 31),
(9906, 'Satu Nou', 31),
(9907, 'Greci', 31),
(9908, 'Ostrov', 31),
(9909, 'Peretu', 31),
(9910, 'Tomeni', 31),
(9911, 'Vlăduleni', 31),
(9912, 'Butoi', 31),
(9913, 'Olari', 31),
(9914, 'Pîrşcoveni', 31),
(9915, 'Şopârliţa', 31),
(9916, 'Bălteni', 31),
(9917, 'Mierleştii de Sus', 31),
(9918, 'Măgura', 31),
(9919, 'Bistriţa Nouă', 31),
(9920, 'Criva de Jos', 31),
(9921, 'Criva de Sus', 31),
(9922, 'Enoşeşti', 31),
(9923, 'Piatra', 31),
(9924, 'Arceşti', 31),
(9925, 'Arceşti Cot', 31),
(9926, 'Cocorăşti', 31),
(9927, 'Doba', 31),
(9928, 'Schitu din Deal', 31),
(9929, 'Schitu din Vale', 31),
(9930, 'Albeşti', 31),
(9931, 'Cornăţelu', 31),
(9932, 'Creţi', 31),
(9933, 'Seaca', 31),
(9934, 'Surpeni', 31),
(9935, 'Potcoava Fălcoeni', 31),
(9936, 'Sineşti', 31),
(9937, 'Trufineşti', 31),
(9938, 'Valea Merilor', 31),
(9939, 'Buiceşti', 31),
(9940, 'Săltăneşti', 31),
(9941, 'Crăciunei', 31),
(9942, 'Călineşti', 31),
(9943, 'Poiana', 31),
(9944, 'Redişoara', 31),
(9945, 'Valea Soarelui', 31),
(9946, 'Jieni', 31),
(9947, 'Cerbeni', 31),
(9948, 'Ioniceşti', 31),
(9949, 'Lăunele', 31),
(9950, 'Mănuleşti', 31),
(9951, 'Stănuleasa', 31),
(9952, 'Toneşti', 31),
(9953, 'Plăviceni', 31),
(9954, 'Rudari', 31),
(9955, 'Catanele', 31),
(9956, 'Greci', 31),
(9957, 'Lisa', 31),
(9958, 'Moşteni', 31),
(9959, 'Bircii', 31),
(9960, 'Bălţaţi', 31),
(9961, 'Chiţeasca', 31),
(9962, 'Constantineşti', 31),
(9963, 'Jitaru', 31),
(9964, 'Mihăileşti Popeşti', 31),
(9965, 'Mogoşeşti', 31),
(9966, 'Mărgineni Slobozia', 31),
(9967, 'Negreni', 31),
(9968, 'Piscani', 31),
(9969, 'Rusciori', 31),
(9970, 'Teiuş', 31),
(9971, 'Şuica', 31),
(9972, 'Strugurelu', 31),
(9973, 'Şerbăneştii de Sus', 31),
(9974, 'Cireaşov', 31),
(9975, 'Salcia', 31),
(9976, 'Alunişu', 31),
(9977, 'Cuza Vodă', 31),
(9978, 'Davideşti', 31),
(9979, 'Optăşani', 31),
(9980, 'Profa', 31),
(9981, 'Vineţi', 31),
(9982, 'Bârseştii de Sus', 31),
(9983, 'Frunzaru', 31),
(9984, 'Uria', 31),
(9985, 'Ianca Nouă', 31),
(9986, 'Colibaşi', 31),
(9987, 'Mamura', 31),
(9988, 'Strejeştii de Sus', 31),
(9989, 'Arvăteasca', 31),
(9990, 'Grădinile', 31),
(9991, 'Plăviceanca', 31),
(9992, 'Studiniţa', 31),
(9993, 'Bărbălăi', 31),
(9994, 'Lunca', 31),
(9995, 'Mirceşti', 31),
(9996, 'Momaiu', 31),
(9997, 'Măgura', 31),
(9998, 'Cherleştii Moşteni', 31),
(9999, 'Cherleştii din Deal', 31),
(10000, 'Comăniţa', 31),
(10001, 'Corbu', 31),
(10002, 'Deleni', 31),
(10003, 'Schitu Deleni', 31),
(10004, 'Doanca', 31),
(10005, 'Potlogeni', 31),
(10006, 'Ciorâca', 31),
(10007, 'Cojgărei', 31),
(10008, 'Cândeleşti', 31),
(10009, 'Ungureni', 31),
(10010, 'Barza', 31),
(10011, 'Stoborăşti', 31),
(10012, 'Stăvaru', 31),
(10013, 'Vişina Nouă', 31),
(10014, 'Bărcăneşti', 31),
(10015, 'Vâlcelele de Sus', 31),
(10016, 'Bârca', 31),
(10017, 'Recea', 31),
(10018, 'Turia', 31),
(10019, 'Zorleasca', 31),
(10020, 'Mandra', 31),
(10021, 'Popeşti', 31),
(10022, 'Tirişneag', 31),
(10023, 'Cucueţi', 31),
(10024, 'Căzăneşti', 31),
(10025, 'Dumitreşti', 31),
(10026, 'Poganu', 31),
(10027, 'Valea Fetei', 31),
(10028, 'Vâneşti', 31),
(10029, 'Bulimanu', 31),
(10030, 'Dejeşti', 31),
(10031, 'Doneşti', 31),
(10032, 'Stănuleasa', 31),
(10033, 'Trepteni', 31),
(10034, 'Frăsinet Gară', 31),
(10035, 'Vlădila Nouă', 31),
(10036, 'Blaj', 31),
(10037, 'Mărgăriteşti', 31),
(10038, 'Racoviţa', 31),
(10039, 'Rusăneştii de Sus', 31),
(10040, 'Cotorbeşti', 31),
(10041, 'Gropşani', 31),
(10042, 'Mardale', 31),
(10043, 'Pescăreşti', 31),
(10044, 'Plopşorelu', 31),
(10045, 'Prisaca', 31),
(10046, 'Simniceni', 31),
(10047, 'Tabaci', 31),
(10048, 'Valea Satului', 31),
(10049, 'Dienci', 31),
(10050, 'Valea lui Alb', 31),
(10051, 'Vlăngăreşti', 31),
(10052, 'Adunaţi', 32),
(10053, 'Albeşti-Paleologu', 32),
(10054, 'Aluniş', 32),
(10055, 'Apostolache', 32),
(10056, 'Ariceştii Rahtivani', 32),
(10057, 'Ariceştii Zeletin', 32),
(10058, 'Azuga', 32),
(10059, 'Baba Ana', 32),
(10060, 'Balta Doamnei', 32),
(10061, 'Berceni', 32),
(10062, 'Bertea', 32),
(10063, 'Blejoi', 32),
(10064, 'Boldeşti-Scăeni', 32),
(10065, 'Bucov', 32),
(10066, 'Buşteni', 32),
(10067, 'Băicoi', 32),
(10068, 'Bălţeşti', 32),
(10069, 'Băneşti', 32),
(10070, 'Bărcăneşti', 32),
(10071, 'Ceraşu', 32),
(10072, 'Chiojdeanca', 32),
(10073, 'Cocorăştii Mislii', 32),
(10074, 'Colceag', 32),
(10075, 'Comarnic', 32),
(10076, 'Câmpina', 32),
(10077, 'Călugăreni', 32),
(10078, 'Cărbuneşti', 32),
(10079, 'Drăgăneşti', 32),
(10080, 'Dumbrava', 32),
(10081, 'Dumbrăveşti', 32),
(10082, 'Filipeştii de Pădure', 32),
(10083, 'Filipeştii de Târg', 32),
(10084, 'Floreşti', 32),
(10085, 'Fântânele', 32),
(10086, 'Gherghiţa', 32),
(10087, 'Gorgota', 32),
(10088, 'Gornet', 32),
(10089, 'Gornet-Cricov', 32),
(10090, 'Gura Vadului', 32),
(10091, 'Gura Vitioarei', 32),
(10092, 'Iordăcheanu', 32),
(10093, 'Izvoarele', 32),
(10094, 'Jugureni', 32),
(10095, 'Lapoş', 32),
(10096, 'Lipăneşti', 32),
(10097, 'Mizil', 32),
(10098, 'Măgurele', 32),
(10099, 'Măgureni', 32),
(10100, 'Măneşti', 32),
(10101, 'Ploieşti', 32),
(10102, 'Plopeni', 32),
(10103, 'Plopu', 32),
(10104, 'Podenii Noi', 32),
(10105, 'Poiana Câmpina', 32),
(10106, 'Poienarii Burchii', 32),
(10107, 'Proviţa de Jos', 32),
(10108, 'Proviţa de Sus', 32),
(10109, 'Puchenii Mari', 32),
(10110, 'Păcureţi', 32),
(10111, 'Păuleşti', 32),
(10112, 'Râfov', 32),
(10113, 'Salcia', 32),
(10114, 'Scorţeni', 32),
(10115, 'Secăria', 32),
(10116, 'Sinaia', 32),
(10117, 'Slănic', 32),
(10118, 'Starchiojd', 32),
(10119, 'Surani', 32),
(10120, 'Sângeru', 32),
(10121, 'Sălciile', 32),
(10122, 'Talea', 32),
(10123, 'Teişani', 32),
(10124, 'Telega', 32),
(10125, 'Tinosu', 32),
(10126, 'Tomşani', 32),
(10127, 'Târgşoru Vechi', 32),
(10128, 'Tătaru', 32),
(10129, 'Urlaţi', 32),
(10130, 'Valea Călugărească', 32),
(10131, 'Vâlcăneşti', 32),
(10132, 'Vălenii de Munte', 32),
(10133, 'Vărbilău', 32),
(10134, 'Şirna', 32),
(10135, 'Şoimari', 32),
(10136, 'Şotrile', 32),
(10137, 'Ştefeşti', 32),
(10138, 'Ocina de Jos', 32),
(10139, 'Ocina de Sus', 32),
(10140, 'Albeşti-Muru', 32),
(10141, 'Cioceni', 32),
(10142, 'Vadu Părului', 32),
(10143, 'Ostrovu', 32),
(10144, 'Buzota', 32),
(10145, 'Mârlogea', 32),
(10146, 'Udreşti', 32),
(10147, 'Valea Cricovului', 32),
(10148, 'Buda', 32),
(10149, 'Nedelea', 32),
(10150, 'Stoeneşti', 32),
(10151, 'Târgşoru Nou', 32),
(10152, 'Albinari', 32),
(10153, 'Cireşanu', 32),
(10154, 'Conduratu', 32),
(10155, 'Crângurile', 32),
(10156, 'Satu Nou', 32),
(10157, 'Dâmbu', 32),
(10158, 'Lilieşti', 32),
(10159, 'Schela', 32),
(10160, 'Tufeni', 32),
(10161, 'Ţintea', 32),
(10162, 'Bâra', 32),
(10163, 'Curcubeu', 32),
(10164, 'Lacu Turcului', 32),
(10165, 'Izeşti', 32),
(10166, 'Podenii Vechi', 32),
(10167, 'Urleta', 32),
(10168, 'Ghighiu', 32),
(10169, 'Puşcaşi', 32),
(10170, 'Româneşti', 32),
(10171, 'Tătărani', 32),
(10172, 'Cartierul Dâmbu', 32),
(10173, 'Corlăteşti', 32),
(10174, 'Cătunu', 32),
(10175, 'Moara Nouă', 32),
(10176, 'Lutu Roşu', 32),
(10177, 'Ploieştiori', 32),
(10178, 'Ţânţăreni', 32),
(10179, 'Boldeşti', 32),
(10180, 'Gradiştea', 32),
(10181, 'Seciu', 32),
(10182, 'Brazii de Jos', 32),
(10183, 'Brazii de Sus', 32),
(10184, 'Băteşti', 32),
(10185, 'Negoieşti', 32),
(10186, 'Popeşti', 32),
(10187, 'Stejaru', 32),
(10188, 'Breaza de Jos', 32),
(10189, 'Breaza de Sus', 32),
(10190, 'Frăsinet', 32),
(10191, 'Gura Beliei', 32),
(10192, 'Irimeşti', 32),
(10193, 'Nistoreşti', 32),
(10194, 'Podu Corbului', 32),
(10195, 'Podu Vadului', 32),
(10196, 'Surdeşti', 32),
(10197, 'Valea Târsei', 32),
(10198, 'Brebu Megieşesc', 32),
(10199, 'Brebu Mânăstirei', 32),
(10200, 'Pietriceaua', 32),
(10201, 'Podu Cheii', 32),
(10202, 'Bighilin', 32),
(10203, 'Chiţorani', 32),
(10204, 'Pleaşa', 32),
(10205, 'Valea Orlei', 32),
(10206, 'Poiana Ţapului', 32),
(10207, 'Valea Scheilor', 32),
(10208, 'Gogeasca', 32),
(10209, 'Ceptura de Jos', 32),
(10210, 'Ceptura de Sus', 32),
(10211, 'Malu Roşu', 32),
(10212, 'Rotari', 32),
(10213, 'Şoimeşti', 32),
(10214, 'Slon', 32),
(10215, 'Valea Borului', 32),
(10216, 'Valea Brădetului', 32),
(10217, 'Valea Lespezii', 32),
(10218, 'Valea Tocii', 32),
(10219, 'Nucet', 32),
(10220, 'Trenu', 32),
(10221, 'Cioranii de Jos', 32),
(10222, 'Cioranii de Sus', 32),
(10223, 'Goruna', 32),
(10224, 'Ţipăreşti', 32),
(10225, 'Inoteşti', 32),
(10226, 'Parepa-Ruşani', 32),
(10227, 'Vâlcelele', 32),
(10228, 'Ghioşeşti', 32),
(10229, 'Podu Lung', 32),
(10230, 'Poiana', 32),
(10231, 'Posada', 32),
(10232, 'Cornu de Jos', 32),
(10233, 'Cornu de Sus', 32),
(10234, 'Valea Oprii', 32),
(10235, 'Cosmina de Jos', 32),
(10236, 'Cosmina de Sus', 32),
(10237, 'Drăghiceşti', 32),
(10238, 'Poiana Trestiei', 32),
(10239, 'Belciug', 32),
(10240, 'Bărăitaru', 32),
(10241, 'Cornu de Jos', 32),
(10242, 'Hătcărău', 32),
(10243, 'Meri', 32),
(10244, 'Tufani', 32),
(10245, 'Ciocrac', 32),
(10246, 'Cătunu', 32),
(10247, 'Drajna de Jos', 32),
(10248, 'Drajna de Sus', 32),
(10249, 'Făget', 32),
(10250, 'Ogretin', 32),
(10251, 'Piatra', 32),
(10252, 'Piţigoi', 32),
(10253, 'Plai', 32),
(10254, 'Podurile', 32),
(10255, 'Poiana Mierlei', 32),
(10256, 'Ciupelniţa', 32),
(10257, 'Cornu de Sus', 32),
(10258, 'Trestienii de Jos', 32),
(10259, 'Trestienii de Sus', 32),
(10260, 'Zănoaga', 32),
(10261, 'Găvănel', 32),
(10262, 'Mălăeştii de Jos', 32),
(10263, 'Mălăeştii de Sus', 32),
(10264, 'Plopeni', 32),
(10265, 'Sfârleanca', 32),
(10266, 'Bozieni', 32),
(10267, 'Ghinoaica', 32),
(10268, 'Ungureni', 32),
(10269, 'Vadu Săpat', 32),
(10270, 'Diţeşti', 32),
(10271, 'Minieri', 32),
(10272, 'Siliştea Dealului', 32),
(10273, 'Brătăşanca', 32),
(10274, 'Ezeni', 32),
(10275, 'Mărginenii de Jos', 32),
(10276, 'Ungureni', 32),
(10277, 'Cap Roşu', 32),
(10278, 'Călineşti', 32),
(10279, 'Cătina', 32),
(10280, 'Novăceşti', 32),
(10281, 'Fulga de Jos', 32),
(10282, 'Fulga de Sus', 32),
(10283, 'Fânari', 32),
(10284, 'Independenţa', 32),
(10285, 'Malamuc', 32),
(10286, 'Olari', 32),
(10287, 'Olarii Vechi', 32),
(10288, 'Ungureni', 32),
(10289, 'Crivina', 32),
(10290, 'Fânari', 32),
(10291, 'Poienarii Apostoli', 32),
(10292, 'Potigrafu', 32),
(10293, 'Bogdăneşti', 32),
(10294, 'Cuib', 32),
(10295, 'Nucet', 32),
(10296, 'Coşerele', 32),
(10297, 'Dobrota', 32),
(10298, 'Priseaca', 32),
(10299, 'Valea Seacă', 32),
(10300, 'Ţărculeşti', 32),
(10301, 'Perşunari', 32),
(10302, 'Tohani', 32),
(10303, 'Bughea de Jos', 32),
(10304, 'Fundeni', 32),
(10305, 'Făgetu', 32),
(10306, 'Poiana Copăceni', 32),
(10307, 'Moceşti', 32),
(10308, 'Plavia', 32),
(10309, 'Străoşti', 32),
(10310, 'Valea Cucului', 32),
(10311, 'Vărbila', 32),
(10312, 'Cerneşti', 32),
(10313, 'Chiriţeşti', 32),
(10314, 'Homorâciu', 32),
(10315, 'Malu Vânăt', 32),
(10316, 'Schiuleşti', 32),
(10317, 'Boboci', 32),
(10318, 'Marginea Pădurii', 32),
(10319, 'Valea Unghiului', 32),
(10320, 'Glod', 32),
(10321, 'Lăpoşel', 32),
(10322, 'Pietricica', 32),
(10323, 'Satu Nou', 32),
(10324, 'Zamfira', 32),
(10325, 'Şipotu', 32),
(10326, 'Coada Malului', 32),
(10327, 'Iazu', 32),
(10328, 'Cocorăştii Caplii', 32),
(10329, 'Lunca Prahovei', 32),
(10330, 'Cheia', 32),
(10331, 'Chiciureni', 32),
(10332, 'Costeni', 32),
(10333, 'Făcăieni', 32),
(10334, 'Gheaba', 32),
(10335, 'Mânăstirea Suzana', 32),
(10336, 'Măneciu-Pământeni', 32),
(10337, 'Măneciu-Ungureni', 32),
(10338, 'Plăieţu', 32),
(10339, 'Băltiţa', 32),
(10340, 'Cheşnoiu', 32),
(10341, 'Coada Izvorului', 32),
(10342, 'Cocorăştii Colţ', 32),
(10343, 'Cocorăştii Grind', 32),
(10344, 'Colţu de Jos', 32),
(10345, 'Ghioldum', 32),
(10346, 'Gura Crivăţului', 32),
(10347, 'Perşunari', 32),
(10348, 'Piatra', 32),
(10349, 'Satu de Sus', 32),
(10350, 'Zalhanaua', 32),
(10351, 'Fefelei', 32),
(10352, 'Bărzila', 32),
(10353, 'Curmătura', 32),
(10354, 'Matiţa', 32),
(10355, 'Slavu', 32),
(10356, 'Cocoşeşti', 32),
(10357, 'Găgeni', 32),
(10358, 'Păuleştii Noi', 32),
(10359, 'Gâlmeia', 32),
(10360, 'Hârşa', 32),
(10361, 'Nisipoasa', 32),
(10362, 'Ghiocel', 32),
(10363, 'Mehedinţa', 32),
(10364, 'Nevesteasca', 32),
(10365, 'Podu lui Galben', 32),
(10366, 'Popeşti', 32),
(10367, 'Rahova', 32),
(10368, 'Sfăcăru', 32),
(10369, 'Sălcioara', 32),
(10370, 'Valea Dulce', 32),
(10371, 'Bobolia', 32),
(10372, 'Pietrişu', 32),
(10373, 'Răgman', 32),
(10374, 'Cărbunari', 32),
(10375, 'Ologeni', 32),
(10376, 'Pioreşti', 32),
(10377, 'Podu Văleni', 32),
(10378, 'Poienarii Rali', 32),
(10379, 'Poienarii Vechi', 32),
(10380, 'Tătărăi', 32),
(10381, 'Bodeşti', 32),
(10382, 'Merdeala', 32),
(10383, 'Nucşoara de Jos', 32),
(10384, 'Nucşoara de Sus', 32),
(10385, 'Poseştii Ungureni', 32),
(10386, 'Poseştii-Pământeni', 32),
(10387, 'Târleşti', 32),
(10388, 'Valea Plopului', 32),
(10389, 'Valea Screzii', 32),
(10390, 'Valea Stupinii', 32),
(10391, 'Bobiceşti', 32),
(10392, 'Poienile', 32),
(10393, 'Predeal', 32),
(10394, 'Sărari', 32),
(10395, 'Sărăţel', 32),
(10396, 'Tulburea', 32),
(10397, 'Tulburea Văleni', 32),
(10398, 'Vitioara de Sus', 32),
(10399, 'Zâmbroaia', 32),
(10400, 'Drăgăneasa', 32),
(10401, 'Piatra', 32),
(10402, 'Izvoru', 32),
(10403, 'Plaiu', 32),
(10404, 'Valea Bradului', 32),
(10405, 'Miroslăveşti', 32),
(10406, 'Moara', 32),
(10407, 'Odăile', 32),
(10408, 'Pietroşani', 32),
(10409, 'Puchenii Mici', 32),
(10410, 'Puchenii Moşneni', 32),
(10411, 'Antofiloaia', 32),
(10412, 'Buchilaşi', 32),
(10413, 'Buda', 32),
(10414, 'Goga', 32),
(10415, 'Moara Domnească', 32),
(10416, 'Mălăieşti', 32),
(10417, 'Palanca', 32),
(10418, 'Sicrita', 32),
(10419, 'Butuci', 32),
(10420, 'Mireşu Mare', 32),
(10421, 'Mireşu Mic', 32),
(10422, 'Piatra Mică', 32),
(10423, 'Tisa', 32),
(10424, 'Bordenii Mari', 32),
(10425, 'Bordenii Mici', 32),
(10426, 'Mislea', 32),
(10427, 'Sârca', 32),
(10428, 'Brăteşti', 32),
(10429, 'Coceana', 32),
(10430, 'Hăbud', 32),
(10431, 'Tăriceni', 32),
(10432, 'Varniţa', 32),
(10433, 'Groşani', 32),
(10434, 'Prăjani', 32),
(10435, 'Lopatniţa', 32),
(10436, 'Măgura', 32),
(10437, 'Lunca Mare', 32),
(10438, 'Plaiu Cornului', 32),
(10439, 'Plaiu Câmpinei', 32),
(10440, 'Seciuri', 32),
(10441, 'Vistieru', 32),
(10442, 'Brădet', 32),
(10443, 'Bătrâni', 32),
(10444, 'Gresia', 32),
(10445, 'Poiana Mare', 32),
(10446, 'Rotarea', 32),
(10447, 'Valea Anei', 32),
(10448, 'Zmeuret', 32),
(10449, 'Scurteşti', 32),
(10450, 'Târşoreni', 32),
(10451, 'Păcuri', 32),
(10452, 'Plaiu', 32),
(10453, 'Strejnicu', 32),
(10454, 'Stănceşti', 32),
(10455, 'Zahanaua', 32),
(10456, 'Podgoria', 32),
(10457, 'Siliştea', 32),
(10458, 'Bugnea de Sus', 32),
(10459, 'Olteni', 32),
(10460, 'Valea Stâlpului', 32),
(10461, 'Ştubeiu', 32),
(10462, 'Boşilceşti', 32),
(10463, 'Buştenari', 32),
(10464, 'Doftana', 32),
(10465, 'Meliceşti', 32),
(10466, 'Ţonţeşti', 32),
(10467, 'Pisculeşti', 32),
(10468, 'Predeşti', 32),
(10469, 'Loloiasca', 32),
(10470, 'Magula', 32),
(10471, 'Sătucu', 32),
(10472, 'Arioneştii Noi', 32),
(10473, 'Arioneştii Vechi', 32),
(10474, 'Cherba', 32),
(10475, 'Jercălăi', 32),
(10476, 'Mărunţiş', 32),
(10477, 'Orzoaia de Jos', 32),
(10478, 'Orzoaia de Sus', 32),
(10479, 'Schiau', 32),
(10480, 'Ulmi', 32),
(10481, 'Valea Bobului', 32),
(10482, 'Valea Crângului', 32),
(10483, 'Valea Mieilor', 32),
(10484, 'Valea Nucetului', 32),
(10485, 'Valea Pietrei', 32),
(10486, 'Valea Seman', 32),
(10487, 'Valea Urloii', 32),
(10488, 'Cârjari', 32),
(10489, 'Trestioara', 32),
(10490, 'Arva', 32),
(10491, 'Coslegi', 32),
(10492, 'Dârvari', 32),
(10493, 'Pantazi', 32),
(10494, 'Rachieri', 32),
(10495, 'Radila', 32),
(10496, 'Schiau', 32),
(10497, 'Valea Largă', 32),
(10498, 'Valea Mantei', 32),
(10499, 'Valea Nicovani', 32),
(10500, 'Valea Poienii', 32),
(10501, 'Valea Popii', 32),
(10502, 'Valea Ursoii', 32),
(10503, 'Vârfurile', 32),
(10504, 'Teşila', 32),
(10505, 'Trăisteni', 32),
(10506, 'Coţofeneşti', 32),
(10507, 'Livadea', 32),
(10508, 'Podu Ursului', 32),
(10509, 'Poiana Vărbilău', 32),
(10510, 'Agrij', 33),
(10511, 'Almaşu', 33),
(10512, 'Benesat', 33),
(10513, 'Bobota', 33),
(10514, 'Bocşa', 33),
(10515, 'Buciumi', 33),
(10516, 'Băbeni', 33),
(10517, 'Bălan', 33),
(10518, 'Bănişor', 33),
(10519, 'Camăr', 33),
(10520, 'Carastelec', 33),
(10521, 'Cehu Silvaniei', 33),
(10522, 'Chieşd', 33),
(10523, 'Cizer', 33),
(10524, 'Coşeiu', 33),
(10525, 'Crasna', 33),
(10526, 'Creaca', 33),
(10527, 'Cristolţ', 33),
(10528, 'Crişeni', 33),
(10529, 'Cuzăplac', 33),
(10530, 'Dobrin', 33),
(10531, 'Dragu', 33),
(10532, 'Fildu de Jos', 33),
(10533, 'Gâlgău', 33),
(10534, 'Gârbou', 33),
(10535, 'Halmăşd', 33),
(10536, 'Hereclean', 33),
(10537, 'Hida', 33),
(10538, 'Horoatu Crasnei', 33),
(10539, 'Ileanda', 33),
(10540, 'Ip', 33),
(10541, 'Jibou', 33),
(10542, 'Letca', 33),
(10543, 'Lozna', 33),
(10544, 'Marca', 33),
(10545, 'Meseşenii de Jos', 33),
(10546, 'Mirşid', 33),
(10547, 'Măerişte', 33),
(10548, 'Nuşfalău', 33),
(10549, 'Năpradea', 33),
(10550, 'Pericei', 33),
(10551, 'Plopiş', 33),
(10552, 'Poiana Blenchii', 33),
(10553, 'Românaşi', 33),
(10554, 'Rus', 33),
(10555, 'Someş-Odorhei', 33),
(10556, 'Surduc', 33),
(10557, 'Sâg', 33),
(10558, 'Sânmihaiu Almaşului', 33),
(10559, 'Sălăţig', 33),
(10560, 'Treznea', 33),
(10561, 'Valcău de Jos', 33),
(10562, 'Vârşolţ', 33),
(10563, 'Zalha', 33),
(10564, 'Zalău', 33),
(10565, 'Zimbor', 33),
(10566, 'Şamşud', 33),
(10567, 'Şimişna', 33),
(10568, 'Şimleu Silvaniei', 33),
(10569, 'Şărmăşag', 33),
(10570, 'Răstolţu Deşert', 33),
(10571, 'Băbiu', 33),
(10572, 'Cutiş', 33),
(10573, 'Jebucu', 33),
(10574, 'Mesteacănu', 33),
(10575, 'Petrinzel', 33),
(10576, 'Sfăraş', 33),
(10577, 'Stana', 33),
(10578, 'Ţăudu', 33),
(10579, 'Ciocmani', 33),
(10580, 'Cliţ', 33),
(10581, 'Piroşa', 33),
(10582, 'Poieniţa', 33),
(10583, 'Chechiş', 33),
(10584, 'Chendrea', 33),
(10585, 'Gâlgău Almaşului', 33),
(10586, 'Gălpâia', 33),
(10587, 'Ban', 33),
(10588, 'Peceiu', 33),
(10589, 'Aluniş', 33),
(10590, 'Biuşa', 33),
(10591, 'Derşida', 33),
(10592, 'Zalnoc', 33),
(10593, 'Borla', 33),
(10594, 'Câmpia', 33),
(10595, 'Sălăjeni', 33),
(10596, 'Bodia', 33),
(10597, 'Bogdana', 33),
(10598, 'Huta', 33),
(10599, 'Răstolţ', 33),
(10600, 'Sângeorgiu de Meseş', 33),
(10601, 'Pădureni', 33),
(10602, 'Dumuslău', 33),
(10603, 'Horoatu Cehului', 33),
(10604, 'Motiş', 33),
(10605, 'Nadiş', 33),
(10606, 'Ulciug', 33),
(10607, 'Colonia Sighetu Silvaniei', 33),
(10608, 'Sighetu Silvaniei', 33),
(10609, 'Plesca', 33),
(10610, 'Pria', 33),
(10611, 'Archid', 33),
(10612, 'Chilioara', 33),
(10613, 'Huseni', 33),
(10614, 'Marin', 33),
(10615, 'Ratin', 33),
(10616, 'Borza', 33),
(10617, 'Brebi', 33),
(10618, 'Brusturi', 33),
(10619, 'Ciglean', 33),
(10620, 'Jac', 33),
(10621, 'Lupoaia', 33),
(10622, 'Prodăneşti', 33),
(10623, 'Viile Jacului', 33),
(10624, 'Cristur Crişeni', 33),
(10625, 'Gârceiu', 33),
(10626, 'Muncel', 33),
(10627, 'Poiana Onţii', 33),
(10628, 'Văleni', 33),
(10629, 'Cubleşu', 33),
(10630, 'Gălăşeni', 33),
(10631, 'Mierţa', 33),
(10632, 'Petrindu', 33),
(10633, 'Ruginoasa', 33),
(10634, 'Stoboru', 33),
(10635, 'Tămasa', 33),
(10636, 'Deleni', 33),
(10637, 'Doba', 33),
(10638, 'Naimon', 33),
(10639, 'Sâncraiu Silvaniei', 33),
(10640, 'Verveghiu', 33),
(10641, 'Adalin', 33),
(10642, 'Fântânele', 33),
(10643, 'Ugruţiu', 33),
(10644, 'Voivodeni', 33),
(10645, 'Fildu de Mijloc', 33),
(10646, 'Fildu de Sus', 33),
(10647, 'Tetişu', 33),
(10648, 'Bârsău Mare', 33),
(10649, 'Chizeni', 33),
(10650, 'Căpâlna', 33),
(10651, 'Dobrocina', 33),
(10652, 'Fodora', 33),
(10653, 'Frâncenii de Piatră', 33),
(10654, 'Glod', 33),
(10655, 'Gura Vlădesei', 33),
(10656, 'Bezded', 33),
(10657, 'Cernuc', 33),
(10658, 'Călacea', 33),
(10659, 'Fabrica', 33),
(10660, 'Popteleac', 33),
(10661, 'Solomon', 33),
(10662, 'Aleuş', 33),
(10663, 'Cerişa', 33),
(10664, 'Drighiu', 33),
(10665, 'Fufez', 33),
(10666, 'Badon', 33),
(10667, 'Bocşiţa', 33),
(10668, 'Dioşod', 33),
(10669, 'Guruslău', 33),
(10670, 'Panic', 33),
(10671, 'Baica', 33),
(10672, 'Miluani', 33),
(10673, 'Păduriş', 33),
(10674, 'Racâş', 33),
(10675, 'Stupini', 33),
(10676, 'Sânpetru Almaşului', 33),
(10677, 'Trestia', 33),
(10678, 'Hurez', 33),
(10679, 'Stârciu', 33),
(10680, 'Şeredeiu', 33),
(10681, 'Bizuşa Băi', 33),
(10682, 'Bârsăuţa', 33),
(10683, 'Dolheni', 33),
(10684, 'Dăbâceni', 33),
(10685, 'Luminişu', 33),
(10686, 'Măleni', 33),
(10687, 'Negreni', 33),
(10688, 'Perii Vadului', 33),
(10689, 'Podişu', 33),
(10690, 'Rogna', 33),
(10691, 'Răstoci', 33),
(10692, 'Şasa', 33),
(10693, 'Cosniciu de Jos', 33),
(10694, 'Cosniciu de Sus', 33),
(10695, 'Zăuan', 33),
(10696, 'Zăuan Băi', 33),
(10697, 'Cuceu', 33),
(10698, 'Husia', 33),
(10699, 'Rona', 33),
(10700, 'Var', 33),
(10701, 'Ciula', 33),
(10702, 'Cozla', 33),
(10703, 'Cuciulat', 33),
(10704, 'Lemniu', 33),
(10705, 'Purcăreţ', 33),
(10706, 'Topliţa', 33),
(10707, 'Vălişoara', 33),
(10708, 'Şoimuşeni', 33),
(10709, 'Cormeniş', 33),
(10710, 'Preluci', 33),
(10711, 'Valea Leşului', 33),
(10712, 'Valea Loznei', 33),
(10713, 'Criştelec', 33),
(10714, 'Doh', 33),
(10715, 'Giurtelecu Şimleului', 33),
(10716, 'Mălădia', 33),
(10717, 'Uileacu Şimleului', 33),
(10718, 'Leşmir', 33),
(10719, 'Marca Huta', 33),
(10720, 'Porţ', 33),
(10721, 'Şumal', 33),
(10722, 'Aghireş', 33),
(10723, 'Fetindia', 33),
(10724, 'Meseşenii de Sus', 33),
(10725, 'Firminiş', 33),
(10726, 'Moigrad-Porolissum', 33),
(10727, 'Popeni', 33),
(10728, 'Cheud', 33),
(10729, 'Someş Guruslău', 33),
(10730, 'Traniş', 33),
(10731, 'Vădurele', 33),
(10732, 'Bilghez', 33),
(10733, 'Boghiş', 33),
(10734, 'Bozieş', 33),
(10735, 'Bădăcin', 33),
(10736, 'Periceiu Mic', 33),
(10737, 'Sici', 33),
(10738, 'Făgetu', 33),
(10739, 'Iaz', 33),
(10740, 'Fălcuşa', 33),
(10741, 'Gostila', 33),
(10742, 'Măgura', 33),
(10743, 'Chichişa', 33),
(10744, 'Ciumărna', 33),
(10745, 'Poarta Sălajului', 33),
(10746, 'Păuşa', 33),
(10747, 'Romita', 33),
(10748, 'Buzaş', 33),
(10749, 'Fântânele Rus', 33),
(10750, 'Fizeş', 33),
(10751, 'Mal', 33),
(10752, 'Sârbi', 33),
(10753, 'Tusa', 33),
(10754, 'Bulgari', 33),
(10755, 'Deja', 33),
(10756, 'Mineu', 33),
(10757, 'Noţig', 33),
(10758, 'Valea Pomilor', 33),
(10759, 'Bercea', 33),
(10760, 'Sântă Măria', 33),
(10761, 'Ilişua', 33),
(10762, 'Lompirt', 33),
(10763, 'Moiad', 33),
(10764, 'Poiana Măgura', 33),
(10765, 'Ţărmure', 33),
(10766, 'Hăşmaş', 33),
(10767, 'Bic', 33),
(10768, 'Cehei', 33),
(10769, 'Pusta', 33),
(10770, 'Bârsa', 33),
(10771, 'Domnin', 33),
(10772, 'Inău', 33),
(10773, 'Şoimuş', 33),
(10774, 'Brâglez', 33),
(10775, 'Cristolţel', 33),
(10776, 'Solona', 33),
(10777, 'Teştioara', 33),
(10778, 'Tihău', 33),
(10779, 'Turbuţa', 33),
(10780, 'Bozna', 33),
(10781, 'Lazuri', 33),
(10782, 'Preoteasa', 33),
(10783, 'Ratovei', 33),
(10784, 'Sub Cetate', 33),
(10785, 'Valcău de Sus', 33),
(10786, 'Recea', 33),
(10787, 'Recea Mică', 33),
(10788, 'Stâna', 33),
(10789, 'Ceaca', 33),
(10790, 'Ciureni', 33),
(10791, 'Valea Ciurenilor', 33),
(10792, 'Valea Hranei', 33),
(10793, 'Valea Lungă', 33),
(10794, 'Vârteşca', 33),
(10795, 'Chendremal', 33),
(10796, 'Dolu', 33),
(10797, 'Sutoru', 33),
(10798, 'Sâncraiu Almaşului', 33),
(10799, 'Andrid', 34),
(10800, 'Apa', 34),
(10801, 'Ardud', 34),
(10802, 'Beltiug', 34),
(10803, 'Berveni', 34),
(10804, 'Bixad', 34),
(10805, 'Bogdand', 34),
(10806, 'Botiz', 34),
(10807, 'Bătarci', 34),
(10808, 'Carei', 34),
(10809, 'Cehal', 34),
(10810, 'Certeze', 34),
(10811, 'Craidorolţ', 34),
(10812, 'Crucişor', 34),
(10813, 'Călineşti-Oaş', 34),
(10814, 'Cămin', 34),
(10815, 'Cămărzana', 34),
(10816, 'Căpleni', 34),
(10817, 'Căuaş', 34),
(10818, 'Doba', 34),
(10819, 'Dorolţ', 34),
(10820, 'Foieni', 34),
(10821, 'Gherţa Mică', 34),
(10822, 'Halmeu', 34),
(10823, 'Hodod', 34),
(10824, 'Lazuri', 34),
(10825, 'Livada', 34),
(10826, 'Medieşu Aurit', 34),
(10827, 'Micula', 34),
(10828, 'Negreşti-Oaş', 34),
(10829, 'Odoreu', 34),
(10830, 'Oraşu Nou', 34),
(10831, 'Petreşti', 34),
(10832, 'Pir', 34),
(10833, 'Pişcolt', 34),
(10834, 'Pomi', 34),
(10835, 'Păuleşti', 34),
(10836, 'Sanislău', 34),
(10837, 'Santău', 34),
(10838, 'Satu Mare', 34),
(10839, 'Socond', 34),
(10840, 'Săcăşeni', 34),
(10841, 'Săuca', 34),
(10842, 'Tarna Mare', 34),
(10843, 'Terebeşti', 34),
(10844, 'Tiream', 34),
(10845, 'Turulung', 34),
(10846, 'Turţ', 34),
(10847, 'Târşolţ', 34),
(10848, 'Tăşnad', 34),
(10849, 'Urziceni', 34),
(10850, 'Valea Vinului', 34),
(10851, 'Vama', 34),
(10852, 'Vetiş', 34),
(10853, 'Viile Satu Mare', 34),
(10854, 'Acâş', 34),
(10855, 'Ganaş', 34),
(10856, 'Mihăieni', 34),
(10857, 'Unimăt', 34),
(10858, 'Dindeşti', 34),
(10859, 'Irina', 34),
(10860, 'Lunca Apei', 34),
(10861, 'Someşeni', 34),
(10862, 'Ardud-Vii', 34),
(10863, 'Baba Novac', 34),
(10864, 'Gerăuşa', 34),
(10865, 'Mădăras', 34),
(10866, 'Sărătura', 34),
(10867, 'Bârsău de Jos', 34),
(10868, 'Bârsău de Sus', 34),
(10869, 'Comlăuşa', 34),
(10870, 'Tămăşeni', 34),
(10871, 'Şirlău', 34),
(10872, 'Bolda', 34),
(10873, 'Ghirişa', 34),
(10874, 'Giungi', 34),
(10875, 'Răteşti', 34),
(10876, 'Şandra', 34),
(10877, 'Lucăceni', 34),
(10878, 'Boineşti', 34),
(10879, 'Trip', 34),
(10880, 'Babţa', 34),
(10881, 'Corund', 34),
(10882, 'Ser', 34),
(10883, 'Agriş', 34),
(10884, 'Ciuperceni', 34),
(10885, 'Coca', 34),
(10886, 'Lechinţa', 34),
(10887, 'Păşunea Mare', 34),
(10888, 'Ianculeşti', 34),
(10889, 'Ady Endre', 34),
(10890, 'Ghenci', 34),
(10891, 'Ghileşti', 34),
(10892, 'Hotoan', 34),
(10893, 'Răduleşti', 34),
(10894, 'Cehăluţ', 34),
(10895, 'Orbău', 34),
(10896, 'Huta Certeze', 34),
(10897, 'Moişeni', 34),
(10898, 'Crişeni', 34),
(10899, 'Eriu Sâncrai', 34),
(10900, 'Satu Mic', 34),
(10901, 'Ţeghea', 34),
(10902, 'Iegherişte', 34),
(10903, 'Poiana Codrului', 34),
(10904, 'Apateu', 34),
(10905, 'Corod', 34),
(10906, 'Culciu Mare', 34),
(10907, 'Culciu Mic', 34),
(10908, 'Cărăşeu', 34),
(10909, 'Lipău', 34),
(10910, 'Boghiş', 34),
(10911, 'Dacia', 34),
(10912, 'Paulian', 34),
(10913, 'Traian', 34),
(10914, 'Atea', 34),
(10915, 'Dara', 34),
(10916, 'Petea', 34),
(10917, 'Băbeşti', 34),
(10918, 'Cidreag', 34),
(10919, 'Dobolţ', 34),
(10920, 'Halmeu Vii', 34),
(10921, 'Mesteacăn', 34),
(10922, 'Porumbeşti', 34),
(10923, 'Giurtelecu Hododului', 34),
(10924, 'Lelei', 34),
(10925, 'Nadişu Hododului', 34),
(10926, 'Chilia', 34),
(10927, 'Homorodu de Jos', 34),
(10928, 'Homorodu de Mijloc', 34),
(10929, 'Homorodu de Sus', 34),
(10930, 'Necopoi', 34),
(10931, 'Solduba', 34),
(10932, 'Bercu', 34),
(10933, 'Nisipeni', 34),
(10934, 'Noroieni', 34),
(10935, 'Peleş', 34),
(10936, 'Pelişor', 34),
(10937, 'Adrian', 34),
(10938, 'Dumbrava', 34),
(10939, 'Livada Mică', 34),
(10940, 'Băbăşeşti', 34),
(10941, 'Iojib', 34),
(10942, 'Medieş Râturi', 34),
(10943, 'Medieş Vii', 34),
(10944, 'Potău', 34),
(10945, 'Româneşti', 34),
(10946, 'Bercu Nou', 34),
(10947, 'Micula Nouă', 34),
(10948, 'Domăneşti', 34),
(10949, 'Ghilvaci', 34),
(10950, 'Ghirolt', 34),
(10951, 'Istrău', 34),
(10952, 'Moftinu Mare', 34),
(10953, 'Moftinu Mic', 34),
(10954, 'Sânmiclăuş', 34),
(10955, 'Luna', 34),
(10956, 'Tur', 34),
(10957, 'Berindan', 34),
(10958, 'Cucu', 34),
(10959, 'Eteni', 34),
(10960, 'Mărtineşti', 34),
(10961, 'Vânătoreşti', 34),
(10962, 'Oraşu Nou-Vii', 34),
(10963, 'Prilog', 34),
(10964, 'Prilog Vii', 34),
(10965, 'Racşa', 34),
(10966, 'Racşa Vii', 34),
(10967, 'Remetea Oaşului', 34),
(10968, 'Amaţi', 34),
(10969, 'Ambud', 34),
(10970, 'Hrip', 34),
(10971, 'Petin', 34),
(10972, 'Ruşeni', 34),
(10973, 'Dindeştiu Mic', 34),
(10974, 'Piru Nou', 34),
(10975, 'Sărvăzel', 34),
(10976, 'Resighea', 34),
(10977, 'Scărişoara Nouă', 34),
(10978, 'Aciua', 34),
(10979, 'Bicău', 34),
(10980, 'Borleşti', 34),
(10981, 'Chegea', 34),
(10982, 'Berea', 34),
(10983, 'Ciumeşti', 34),
(10984, 'Horea', 34),
(10985, 'Marna Nouă', 34),
(10986, 'Viişoara', 34),
(10987, 'Chereuşa', 34),
(10988, 'Sudurău', 34),
(10989, 'Sătmărel', 34),
(10990, 'Becheni', 34),
(10991, 'Cean', 34),
(10992, 'Chisău', 34),
(10993, 'Silvaş', 34),
(10994, 'Cuţa', 34),
(10995, 'Hodişa', 34),
(10996, 'Soconzel', 34),
(10997, 'Stâna', 34),
(10998, 'Dobra', 34),
(10999, 'Giorocuta', 34),
(11000, 'Hurezu Mare', 34),
(11001, 'Racova', 34),
(11002, 'Sechereşa', 34),
(11003, 'Supuru de Jos', 34),
(11004, 'Supuru de Sus', 34),
(11005, 'Bocicău', 34),
(11006, 'Valea Seacă', 34),
(11007, 'Văgaş', 34),
(11008, 'Aliceni', 34),
(11009, 'Blaja', 34),
(11010, 'Cig', 34),
(11011, 'Raţiu', 34),
(11012, 'Sărăuad', 34),
(11013, 'Valea Morii', 34),
(11014, 'Aliza', 34),
(11015, 'Gelu', 34),
(11016, 'Pişcari', 34),
(11017, 'Portiţa', 34),
(11018, 'Vezendiu', 34),
(11019, 'Gherţa Mare', 34),
(11020, 'Turţ Băi', 34),
(11021, 'Drăguşeni', 34),
(11022, 'Turulung Vii', 34),
(11023, 'Urziceni Pădure', 34),
(11024, 'Măriuş', 34),
(11025, 'Roşiori', 34),
(11026, 'Sâi', 34),
(11027, 'Decebal', 34),
(11028, 'Oar', 34),
(11029, 'Cioncheşti', 34),
(11030, 'Medişa', 34),
(11031, 'Tireac', 34),
(11032, 'Tătăreşti', 34),
(11033, 'Agnita', 35),
(11034, 'Alţina', 35),
(11035, 'Apoldu de Jos', 35),
(11036, 'Arpaşu de Jos', 35),
(11037, 'Avrig', 35),
(11038, 'Axente Sever', 35),
(11039, 'Aţel', 35),
(11040, 'Bazna', 35),
(11041, 'Biertan', 35),
(11042, 'Blăjel', 35),
(11043, 'Brateiu', 35),
(11044, 'Bruiu', 35),
(11045, 'Brădeni', 35),
(11046, 'Chirpăr', 35),
(11047, 'Cisnădie', 35),
(11048, 'Copşa Mică', 35),
(11049, 'Cristian', 35),
(11050, 'Cârţa', 35),
(11051, 'Cârţişoara', 35),
(11052, 'Dumbrăveni', 35),
(11053, 'Dârlos', 35),
(11054, 'Gura Râului', 35),
(11055, 'Hoghilag', 35),
(11056, 'Iacobeni', 35),
(11057, 'Jina', 35),
(11058, 'Laslea', 35),
(11059, 'Loamneş', 35),
(11060, 'Ludoş', 35),
(11061, 'Marpod', 35),
(11062, 'Mediaş', 35),
(11063, 'Merghindeal', 35),
(11064, 'Micăsasa', 35),
(11065, 'Miercurea Sibiului', 35),
(11066, 'Mihăileni', 35),
(11067, 'Moşna', 35),
(11068, 'Nocrich', 35),
(11069, 'Ocna Sibiului', 35),
(11070, 'Orlat', 35),
(11071, 'Poiana Sibiului', 35),
(11072, 'Poplaca', 35),
(11073, 'Porumbacu de Jos', 35),
(11074, 'Păuca', 35),
(11075, 'Racoviţa', 35),
(11076, 'Roşia', 35),
(11077, 'Râu Sadului', 35),
(11078, 'Răşinari', 35),
(11079, 'Sadu', 35),
(11080, 'Sibiu', 35),
(11081, 'Slimnic', 35),
(11082, 'Sălişte', 35),
(11083, 'Tilişca', 35),
(11084, 'Turnu Roşu', 35),
(11085, 'Târnava', 35),
(11086, 'Tălmaciu', 35),
(11087, 'Valea Viilor', 35),
(11088, 'Vurpăr', 35),
(11089, 'Şeica Mare', 35),
(11090, 'Şeica Mică', 35),
(11091, 'Şelimbăr', 35),
(11092, 'Şura Mare', 35),
(11093, 'Şura Mică', 35),
(11094, 'Coveş', 35),
(11095, 'Ruja', 35),
(11096, 'Beneşti', 35),
(11097, 'Ghijasa de Sus', 35),
(11098, 'Sângătin', 35),
(11099, 'Arpaşu de Sus', 35),
(11100, 'Noul Român', 35),
(11101, 'Alma', 35),
(11102, 'Dupuş', 35),
(11103, 'Giacăş', 35),
(11104, 'Şmig', 35),
(11105, 'Bradu', 35),
(11106, 'Glâmboaca', 35),
(11107, 'Mârşa', 35),
(11108, 'Săcădate', 35),
(11109, 'Agârbiciu', 35),
(11110, 'Şoala', 35),
(11111, 'Boian', 35),
(11112, 'Velţ', 35),
(11113, 'Copşa Mare', 35),
(11114, 'Richiş', 35),
(11115, 'Apoş', 35),
(11116, 'Bârghiş', 35),
(11117, 'Ighişu Vechi', 35),
(11118, 'Pelişor', 35),
(11119, 'Vecerd', 35),
(11120, 'Zlagna', 35),
(11121, 'Păucea', 35),
(11122, 'Romaneşti', 35),
(11123, 'Retiş', 35),
(11124, 'Ţeline', 35),
(11125, 'Buzd', 35),
(11126, 'Gherdeal', 35),
(11127, 'Şomartin', 35),
(11128, 'Poieniţa', 35),
(11129, 'Săsăuş', 35),
(11130, 'Veseud', 35),
(11131, 'Vărd', 35),
(11132, 'Cisnădioara', 35),
(11133, 'Curciu', 35),
(11134, 'Valea Lungă', 35),
(11135, 'Ernea', 35),
(11136, 'Şaroş pe Târnave', 35),
(11137, 'Prod', 35),
(11138, 'Valchid', 35),
(11139, 'Movile', 35),
(11140, 'Netuş', 35),
(11141, 'Noiştat', 35),
(11142, 'Stejărişu', 35),
(11143, 'Floreşti', 35),
(11144, 'Mălâncrav', 35),
(11145, 'Nou Săsesc', 35),
(11146, 'Roandola', 35),
(11147, 'Alămor', 35),
(11148, 'Armeni', 35),
(11149, 'Haşag', 35),
(11150, 'Mândra', 35),
(11151, 'Sădinca', 35),
(11152, 'Gusu', 35),
(11153, 'Ilimbav', 35),
(11154, 'Ighişu Nou', 35),
(11155, 'Dealu Frumos', 35),
(11156, 'Chesler', 35),
(11157, 'Văleni', 35),
(11158, 'Ţapu', 35),
(11159, 'Apoldu de Sus', 35),
(11160, 'Dobârca', 35),
(11161, 'Metiş', 35),
(11162, 'Moardăş', 35),
(11163, 'Răvăşel', 35),
(11164, 'Şalcău', 35),
(11165, 'Alma Vii', 35),
(11166, 'Nemşa', 35),
(11167, 'Fofeldea', 35),
(11168, 'Ghijasa de Jos', 35),
(11169, 'Hosman', 35),
(11170, 'Ţichindeal', 35),
(11171, 'Topârcea', 35),
(11172, 'Bogatu Român', 35),
(11173, 'Broşteni', 35),
(11174, 'Presaca', 35),
(11175, 'Colun', 35),
(11176, 'Porumbacu de Sus', 35),
(11177, 'Scoreiu', 35),
(11178, 'Sărata', 35),
(11179, 'Sebeşu de Sus', 35),
(11180, 'Prislop', 35),
(11181, 'Caşolţ', 35),
(11182, 'Cornăţel', 35),
(11183, 'Daia', 35),
(11184, 'Nou', 35),
(11185, 'Nucet', 35),
(11186, 'Aciliu', 35),
(11187, 'Amnaş', 35),
(11188, 'Crinţ', 35),
(11189, 'Fântânele', 35),
(11190, 'Galeş', 35),
(11191, 'Mag', 35),
(11192, 'Sibiel', 35),
(11193, 'Săcel', 35),
(11194, 'Vale', 35),
(11195, 'Boarta', 35),
(11196, 'Buia', 35),
(11197, 'Mighindoala', 35),
(11198, 'Petiş', 35),
(11199, 'Ştenea', 35),
(11200, 'Soroştin', 35),
(11201, 'Bungard', 35),
(11202, 'Mohu', 35),
(11203, 'Veştem', 35),
(11204, 'Păltiniş', 35),
(11205, 'Albi', 35),
(11206, 'Pădureni', 35),
(11207, 'Ruşi', 35),
(11208, 'Veseud', 35),
(11209, 'Hamba', 35),
(11210, 'Rusciori', 35),
(11211, 'Boiţa', 35),
(11212, 'Colonia Tălmaciu', 35),
(11213, 'Lazaret', 35),
(11214, 'Lotrioara', 35),
(11215, 'Paltin', 35),
(11216, 'Tălmăcel', 35),
(11217, 'Colonia Târnava', 35),
(11218, 'Rod', 35),
(11219, 'Sebeşu de Jos', 35),
(11220, 'Motiş', 35),
(11221, 'Adâncata', 36),
(11222, 'Arbore', 36),
(11223, 'Baia', 36),
(11224, 'Bilca', 36),
(11225, 'Bogdăneşti', 36),
(11226, 'Boroaia', 36),
(11227, 'Bosanci', 36),
(11228, 'Botoşana', 36),
(11229, 'Breaza', 36),
(11230, 'Brodina', 36),
(11231, 'Broşteni', 36),
(11232, 'Buneşti', 36),
(11233, 'Bălcăuţi', 36),
(11234, 'Cacica', 36),
(11235, 'Cajvana', 36),
(11236, 'Calafindeşti', 36),
(11237, 'Capu Câmpului', 36),
(11238, 'Ciocăneşti', 36),
(11239, 'Ciprian Porumbescu', 36),
(11240, 'Comăneşti', 36),
(11241, 'Cornu Luncii', 36),
(11242, 'Coşna', 36),
(11243, 'Crucea', 36),
(11244, 'Câmpulung Moldovenesc', 36),
(11245, 'Cârlibaba', 36),
(11246, 'Dolhasca', 36),
(11247, 'Dorna Candrenilor', 36),
(11248, 'Dorna-Arini', 36),
(11249, 'Dorneşti', 36),
(11250, 'Drăgoieşti', 36),
(11251, 'Drăguşeni', 36),
(11252, 'Dumbrăveni', 36),
(11253, 'Dărmăneşti', 36),
(11254, 'Forăşti', 36),
(11255, 'Frasin', 36),
(11256, 'Frumosu', 36),
(11257, 'Frătăuţii Noi', 36),
(11258, 'Frătăuţii Vechi', 36),
(11259, 'Fundu Moldovei', 36),
(11260, 'Fântâna Mare', 36),
(11261, 'Fântânele', 36),
(11262, 'Fălticeni', 36),
(11263, 'Grămeşti', 36),
(11264, 'Grăniceşti', 36),
(11265, 'Gura Humorului', 36),
(11266, 'Gălăneşti', 36),
(11267, 'Horodnic de Sus', 36),
(11268, 'Horodniceni', 36),
(11269, 'Hănţeşti', 36),
(11270, 'Iacobeni', 36),
(11271, 'Iaslovăţ', 36),
(11272, 'Ipoteşti', 36),
(11273, 'Izvoarele Sucevei', 36),
(11274, 'Liteni', 36),
(11275, 'Marginea', 36),
(11276, 'Milişăuţi', 36),
(11277, 'Mitocu Dragomirnei', 36),
(11278, 'Moldova-Suliţa', 36),
(11279, 'Moldoviţa', 36),
(11280, 'Muşeniţa', 36),
(11281, 'Mălini', 36),
(11282, 'Mănăstirea Humorului', 36),
(11283, 'Ostra', 36),
(11284, 'Panaci', 36),
(11285, 'Poiana Stampei', 36),
(11286, 'Pojorâta', 36),
(11287, 'Preuteşti', 36),
(11288, 'Putna', 36),
(11289, 'Pârteştii de Jos', 36),
(11290, 'Păltinoasa', 36),
(11291, 'Pătrăuţi', 36),
(11292, 'Râşca', 36),
(11293, 'Rădăuţi', 36);
INSERT INTO `valuation_city` (`id`, `name`, `area_id`) VALUES
(11294, 'Rădăşeni', 36),
(11295, 'Sadova', 36),
(11296, 'Salcea', 36),
(11297, 'Satu Mare', 36),
(11298, 'Siminicea', 36),
(11299, 'Siret', 36),
(11300, 'Slatina', 36),
(11301, 'Solca', 36),
(11302, 'Straja', 36),
(11303, 'Stroieşti', 36),
(11304, 'Stulpicani', 36),
(11305, 'Suceava', 36),
(11306, 'Suceviţa', 36),
(11307, 'Todireşti', 36),
(11308, 'Udeşti', 36),
(11309, 'Ulma', 36),
(11310, 'Vadu Moldovei', 36),
(11311, 'Valea Moldovei', 36),
(11312, 'Vama', 36),
(11313, 'Vatra Dornei', 36),
(11314, 'Vatra Moldoviţei', 36),
(11315, 'Vereşti', 36),
(11316, 'Vicovu de Jos', 36),
(11317, 'Vicovu de Sus', 36),
(11318, 'Volovăţ', 36),
(11319, 'Vultureşti', 36),
(11320, 'Zamostea', 36),
(11321, 'Zvoriştea', 36),
(11322, 'Şcheia', 36),
(11323, 'Şerbăuţi', 36),
(11324, 'Călugăreni', 36),
(11325, 'Feteşti', 36),
(11326, 'Bodnăreni', 36),
(11327, 'Clit', 36),
(11328, 'Bogata', 36),
(11329, 'Gropeni', 36),
(11330, 'Negostina', 36),
(11331, 'Bărăşti', 36),
(11332, 'Giuleşti', 36),
(11333, 'Moişa', 36),
(11334, 'Săcuţa', 36),
(11335, 'Cumpărătura', 36),
(11336, 'Breaza de Sus', 36),
(11337, 'Pârâu Negrei', 36),
(11338, 'Brodina de Jos', 36),
(11339, 'Cununschi', 36),
(11340, 'Dubiuşca', 36),
(11341, 'Ehreşte', 36),
(11342, 'Falcău', 36),
(11343, 'Norocu', 36),
(11344, 'Paltin', 36),
(11345, 'Sadău', 36),
(11346, 'Zalomestra', 36),
(11347, 'Cotârgaşi', 36),
(11348, 'Dârmoxa', 36),
(11349, 'Frasin', 36),
(11350, 'Holda', 36),
(11351, 'Holdiţa', 36),
(11352, 'Hăleasa', 36),
(11353, 'Lungeni', 36),
(11354, 'Neagra', 36),
(11355, 'Pietroasa', 36),
(11356, 'Petia', 36),
(11357, 'Podeni', 36),
(11358, 'Unceşti', 36),
(11359, 'Şes', 36),
(11360, 'Maidan', 36),
(11361, 'Pârteştii de Sus', 36),
(11362, 'Runcu', 36),
(11363, 'Soloneţu Nou', 36),
(11364, 'Codru', 36),
(11365, 'Botoşaniţa Mare', 36),
(11366, 'Cârlibaba Nouă', 36),
(11367, 'Iedu', 36),
(11368, 'Valea Stânei', 36),
(11369, 'Şesuri', 36),
(11370, 'Ţibău', 36),
(11371, 'Botoş', 36),
(11372, 'Braşca', 36),
(11373, 'Bălăceana', 36),
(11374, 'Ilişeşti', 36),
(11375, 'Humoreni', 36),
(11376, 'Brăieşti', 36),
(11377, 'Băişeşti', 36),
(11378, 'Dumbrava', 36),
(11379, 'Păiseni', 36),
(11380, 'Sasca Mare', 36),
(11381, 'Sasca Mică', 36),
(11382, 'Sasca Nouă', 36),
(11383, 'Şinca', 36),
(11384, 'Podu Coşnei', 36),
(11385, 'Româneşti', 36),
(11386, 'Teşna', 36),
(11387, 'Valea Bancului', 36),
(11388, 'Chiril', 36),
(11389, 'Cojoci', 36),
(11390, 'Satu Mare', 36),
(11391, 'Călineşti', 36),
(11392, 'Călineşti-Vasilache', 36),
(11393, 'Dănila', 36),
(11394, 'Măriţei', 36),
(11395, 'Măriţeia Mică', 36),
(11396, 'Budeni', 36),
(11397, 'Gulia', 36),
(11398, 'Poiana', 36),
(11399, 'Poienari', 36),
(11400, 'Probota', 36),
(11401, 'Siliştea Nouă', 36),
(11402, 'Valea Poienei', 36),
(11403, 'Dolheştii Mici', 36),
(11404, 'Dolheştii-Mari', 36),
(11405, 'Valea Bourei', 36),
(11406, 'Dealu Floreni', 36),
(11407, 'Poiana Negrii', 36),
(11408, 'Cozăneşti', 36),
(11409, 'Gheorghiţeni', 36),
(11410, 'Ortoaia', 36),
(11411, 'Rusca', 36),
(11412, 'Sunători', 36),
(11413, 'Iaz', 36),
(11414, 'Berchişeşti', 36),
(11415, 'Corlata', 36),
(11416, 'Lucăceşti', 36),
(11417, 'Măzănăeşti', 36),
(11418, 'Broşteni', 36),
(11419, 'Gara Leu', 36),
(11420, 'Sălăgeni', 36),
(11421, 'Şoldăneşti', 36),
(11422, 'Ţarna Mare', 36),
(11423, 'Cotu Băii', 36),
(11424, 'Praxia', 36),
(11425, 'Spătăreşti', 36),
(11426, 'Băneşti', 36),
(11427, 'Cotu Dobei', 36),
(11428, 'Slobozia', 36),
(11429, 'Stamate', 36),
(11430, 'Antoceni', 36),
(11431, 'Boura', 36),
(11432, 'Manolea', 36),
(11433, 'Oniceni', 36),
(11434, 'Roşiori', 36),
(11435, 'Ruşi', 36),
(11436, 'Uideşti', 36),
(11437, 'Ţoleşti', 36),
(11438, 'Bucşoaia', 36),
(11439, 'Doroteia', 36),
(11440, 'Plutoniţa', 36),
(11441, 'Costişa', 36),
(11442, 'Măneuţi', 36),
(11443, 'Deia', 36),
(11444, 'Dragoşa', 36),
(11445, 'Botuş', 36),
(11446, 'Botuşel', 36),
(11447, 'Braniştea', 36),
(11448, 'Colacu', 36),
(11449, 'Delniţa', 36),
(11450, 'Deluţ', 36),
(11451, 'Obcina', 36),
(11452, 'Plai', 36),
(11453, 'Smida Ungurenilor', 36),
(11454, 'Hurjuieni', 36),
(11455, 'Voitinel', 36),
(11456, 'Botoşaniţa Mică', 36),
(11457, 'Bălineşti', 36),
(11458, 'Rudeşti', 36),
(11459, 'Verbia', 36),
(11460, 'Dumbrava', 36),
(11461, 'Gura Solcii', 36),
(11462, 'Iacobeşti', 36),
(11463, 'Româneşti', 36),
(11464, 'Slobozia Sucevei', 36),
(11465, 'Voroneţ', 36),
(11466, 'Arţari', 36),
(11467, 'Bereşti', 36),
(11468, 'Horodnic de Jos', 36),
(11469, 'Boteşti', 36),
(11470, 'Brădăţel', 36),
(11471, 'Mihăieşti', 36),
(11472, 'Rotopăneşti', 36),
(11473, 'Mestecăniş', 36),
(11474, 'Lisaura', 36),
(11475, 'Tişăuţi', 36),
(11476, 'Bobeica', 36),
(11477, 'Brodina', 36),
(11478, 'Corni', 36),
(11479, 'Rotunda', 36),
(11480, 'Roşcani', 36),
(11481, 'Siliştea', 36),
(11482, 'Vercicani', 36),
(11483, 'Iesle', 36),
(11484, 'Poiana Mărului', 36),
(11485, 'Pâraie', 36),
(11486, 'Văleni-Stânişoara', 36),
(11487, 'Pleşa', 36),
(11488, 'Poiana Micului', 36),
(11489, 'Bădeuţi', 36),
(11490, 'Gara', 36),
(11491, 'Lunca', 36),
(11492, 'Dragomirna', 36),
(11493, 'Lipoveni', 36),
(11494, 'Mitocaşi', 36),
(11495, 'Bulai', 36),
(11496, 'Frumoasa', 36),
(11497, 'Groapa Vlădichii', 36),
(11498, 'Liteni', 36),
(11499, 'Moara Carp', 36),
(11500, 'Moara Nica', 36),
(11501, 'Vornicenii Mari', 36),
(11502, 'Vornicenii Mici', 36),
(11503, 'Benia', 36),
(11504, 'Argel', 36),
(11505, 'Demacuşa', 36),
(11506, 'Raşca', 36),
(11507, 'Baineţ', 36),
(11508, 'Bănceşti', 36),
(11509, 'Climăuţi', 36),
(11510, 'Vicşani', 36),
(11511, 'Văşcăuţi', 36),
(11512, 'Tărnicioara', 36),
(11513, 'Capu Codrului', 36),
(11514, 'Catrinari', 36),
(11515, 'Coverca', 36),
(11516, 'Drăgoiasa', 36),
(11517, 'Glodu', 36),
(11518, 'Păltiniş', 36),
(11519, 'Deleni', 36),
(11520, 'Varvata', 36),
(11521, 'Vârfu Dealului', 36),
(11522, 'Căsoi', 36),
(11523, 'Dornişoara', 36),
(11524, 'Pilugani', 36),
(11525, 'Prăleni', 36),
(11526, 'Teşna', 36),
(11527, 'Tătaru', 36),
(11528, 'Valea Putnei', 36),
(11529, 'Arghira', 36),
(11530, 'Bahna Arin', 36),
(11531, 'Basarabi', 36),
(11532, 'Huşi', 36),
(11533, 'Hârtop', 36),
(11534, 'Leucuşeşti', 36),
(11535, 'Gura Putnei', 36),
(11536, 'Lămăşeni', 36),
(11537, 'Pocoleni', 36),
(11538, 'Buda', 36),
(11539, 'Dumbrăveni', 36),
(11540, 'Jahalia', 36),
(11541, 'Slătioara', 36),
(11542, 'Mereni', 36),
(11543, 'Plopeni', 36),
(11544, 'Prelipca', 36),
(11545, 'Văratec', 36),
(11546, 'Gura Haitii', 36),
(11547, 'Neagra Şarului', 36),
(11548, 'Plaiu Şarului', 36),
(11549, 'Sărişor', 36),
(11550, 'Sărişoru Mare', 36),
(11551, 'Şaru Bucovinei', 36),
(11552, 'Şarul Dornei', 36),
(11553, 'Ţibeni', 36),
(11554, 'Florinta', 36),
(11555, 'Mihoveni', 36),
(11556, 'Sfântu Ilie', 36),
(11557, 'Trei Movile', 36),
(11558, 'Călineşti', 36),
(11559, 'Grigoreşti', 36),
(11560, 'Mănăstioara', 36),
(11561, 'Pădureni', 36),
(11562, 'Găineşti', 36),
(11563, 'Herla', 36),
(11564, 'Poieni-Solca', 36),
(11565, 'Vâlcelele', 36),
(11566, 'Zahareşti', 36),
(11567, 'Gemenea', 36),
(11568, 'Negrileasa', 36),
(11569, 'Slătioara', 36),
(11570, 'Vadu Negrilesei', 36),
(11571, 'Voievodeasa', 36),
(11572, 'Costâna', 36),
(11573, 'Părhăuţi', 36),
(11574, 'Soloneţ', 36),
(11575, 'Sârghieşti', 36),
(11576, 'Chilişeni', 36),
(11577, 'Luncuşoara', 36),
(11578, 'Mănăstioara', 36),
(11579, 'Plăvălari', 36),
(11580, 'Poieni-Suceava', 36),
(11581, 'Racova', 36),
(11582, 'Reuseni', 36),
(11583, 'Ruşii-Mănăstioara', 36),
(11584, 'Securiceni', 36),
(11585, 'Ştirbăţ', 36),
(11586, 'Costileva', 36),
(11587, 'Lupcina', 36),
(11588, 'Măgura', 36),
(11589, 'Nisipitu', 36),
(11590, 'Ciumuleşti', 36),
(11591, 'Cămârzani', 36),
(11592, 'Dumbrăviţa', 36),
(11593, 'Ioneasa', 36),
(11594, 'Mesteceni', 36),
(11595, 'Movileni', 36),
(11596, 'Nigoteşti', 36),
(11597, 'Mironu', 36),
(11598, 'Molid', 36),
(11599, 'Prisaca Dornei', 36),
(11600, 'Strâmtura', 36),
(11601, 'Argestru', 36),
(11602, 'Roşu', 36),
(11603, 'Todireni', 36),
(11604, 'Ciumârna', 36),
(11605, 'Paltinu', 36),
(11606, 'Bursuceni', 36),
(11607, 'Corocăieşti', 36),
(11608, 'Hancea', 36),
(11609, 'Bivolăria', 36),
(11610, 'Burla', 36),
(11611, 'Giurgeşti', 36),
(11612, 'Hreaţca', 36),
(11613, 'Jacota', 36),
(11614, 'Mereşti', 36),
(11615, 'Osoi', 36),
(11616, 'Pleşeşti', 36),
(11617, 'Valea Glodului', 36),
(11618, 'Badragi', 36),
(11619, 'Ciomârtan', 36),
(11620, 'Cojocăreni', 36),
(11621, 'Corpaci', 36),
(11622, 'Lunca', 36),
(11623, 'Nicani', 36),
(11624, 'Răuţeni', 36),
(11625, 'Tăuteşti', 36),
(11626, 'Buda', 36),
(11627, 'Dealu', 36),
(11628, 'Poiana', 36),
(11629, 'Slobozia', 36),
(11630, 'Stânca', 36),
(11631, 'Stâncuţa', 36),
(11632, 'Şerbăneşti', 36),
(11633, 'Alexandria', 37),
(11634, 'Balaci', 37),
(11635, 'Blejeşti', 37),
(11636, 'Bogdana', 37),
(11637, 'Botoroaga', 37),
(11638, 'Bragadiru', 37),
(11639, 'Brânceni', 37),
(11640, 'Bujoreni', 37),
(11641, 'Bujoru', 37),
(11642, 'Buzescu', 37),
(11643, 'Băbăiţa', 37),
(11644, 'Cervenia', 37),
(11645, 'Ciuperceni', 37),
(11646, 'Conţeşti', 37),
(11647, 'Cosmeşti', 37),
(11648, 'Crevenicu', 37),
(11649, 'Crângeni', 37),
(11650, 'Crângu', 37),
(11651, 'Călineşti', 37),
(11652, 'Călmăţuiu', 37),
(11653, 'Călmăţuiu de Sus', 37),
(11654, 'Dideşti', 37),
(11655, 'Dobroteşti', 37),
(11656, 'Drăcşenei', 37),
(11657, 'Drăgăneşti de Vede', 37),
(11658, 'Drăgăneşti-Vlaşca', 37),
(11659, 'Frumoasa', 37),
(11660, 'Furculeşti', 37),
(11661, 'Gratia', 37),
(11662, 'Gălăteni', 37),
(11663, 'Islaz', 37),
(11664, 'Izvoarele', 37),
(11665, 'Lisa', 37),
(11666, 'Liţa', 37),
(11667, 'Lunca', 37),
(11668, 'Mavrodin', 37),
(11669, 'Moşteni', 37),
(11670, 'Mârzăneşti', 37),
(11671, 'Măgura', 37),
(11672, 'Măldăeni', 37),
(11673, 'Nanov', 37),
(11674, 'Necşeşti', 37),
(11675, 'Nenciuleşti', 37),
(11676, 'Năsturelu', 37),
(11677, 'Olteni', 37),
(11678, 'Peretu', 37),
(11679, 'Piatra', 37),
(11680, 'Pietroşani', 37),
(11681, 'Plopii-Slăviteşti', 37),
(11682, 'Plosca', 37),
(11683, 'Poeni', 37),
(11684, 'Poroschia', 37),
(11685, 'Putineiu', 37),
(11686, 'Rosiori de Vede', 37),
(11687, 'Răsmireşti', 37),
(11688, 'Salcia', 37),
(11689, 'Scrioaştea', 37),
(11690, 'Scurtu Mare', 37),
(11691, 'Seaca', 37),
(11692, 'Segarcea-Vale', 37),
(11693, 'Sfinţeşti', 37),
(11694, 'Siliştea', 37),
(11695, 'Siliştea-Gumeşti', 37),
(11696, 'Slobozia Mândra', 37),
(11697, 'Smârdioasa', 37),
(11698, 'Stejaru', 37),
(11699, 'Suhaia', 37),
(11700, 'Sârbeni', 37),
(11701, 'Săceni', 37),
(11702, 'Traian', 37),
(11703, 'Trivalea-Moşteni', 37),
(11704, 'Troianul', 37),
(11705, 'Turnu Măgurele', 37),
(11706, 'Tătărăştii de Jos', 37),
(11707, 'Tătărăştii de Sus', 37),
(11708, 'Vedea', 37),
(11709, 'Videle', 37),
(11710, 'Viişoara', 37),
(11711, 'Vitanesti', 37),
(11712, 'Zimnicea', 37),
(11713, 'Zâmbreasca', 37),
(11714, 'Ştorobăneasa', 37),
(11715, 'Ţigăneşti', 37),
(11716, 'Clăniţa', 37),
(11717, 'Frăsinet', 37),
(11718, 'Merişani', 37),
(11719, 'Burdeni', 37),
(11720, 'Tecuci', 37),
(11721, 'Baciu', 37),
(11722, 'Sericu', 37),
(11723, 'Broşteanca', 37),
(11724, 'Ulmeni', 37),
(11725, 'Urluiu', 37),
(11726, 'Călugaru', 37),
(11727, 'Tunari', 37),
(11728, 'Târnava', 37),
(11729, 'Valea Cireşului', 37),
(11730, 'Dărvaş', 37),
(11731, 'Prunaru', 37),
(11732, 'Antoneşti', 37),
(11733, 'Copăceanca', 37),
(11734, 'Licuriciu', 37),
(11735, 'Mariţa', 37),
(11736, 'Bujoru', 37),
(11737, 'Caravaneţi', 37),
(11738, 'Nicolae Bălcescu', 37),
(11739, 'Băcăleşti', 37),
(11740, 'Ionaşcu', 37),
(11741, 'Baldovineşti', 37),
(11742, 'Ciolăneştii din Deal', 37),
(11743, 'Ciolăneştii din Vale', 37),
(11744, 'Poiana', 37),
(11745, 'Ciuperceni', 37),
(11746, 'Balta Sărată', 37),
(11747, 'Dorobanţu', 37),
(11748, 'Stejaru', 37),
(11749, 'Dracea', 37),
(11750, 'Florica', 37),
(11751, 'Secara', 37),
(11752, 'Zlata', 37),
(11753, 'Răduleşti', 37),
(11754, 'Satu Nou', 37),
(11755, 'Însurăţei', 37),
(11756, 'Merişani', 37),
(11757, 'Beuca', 37),
(11758, 'Drăcşani', 37),
(11759, 'Odobeasca', 37),
(11760, 'Plopi', 37),
(11761, 'Satul Vechi', 37),
(11762, 'Măgura cu Liliac', 37),
(11763, 'Văcăreşti', 37),
(11764, 'Comoara', 37),
(11765, 'Văceni', 37),
(11766, 'Păuleasca', 37),
(11767, 'Moşteni', 37),
(11768, 'Spătărei', 37),
(11769, 'Voievoda', 37),
(11770, 'Bâscoveni', 37),
(11771, 'Grădişteanca', 37),
(11772, 'Ciurari-Deal', 37),
(11773, 'Drăghineşti', 37),
(11774, 'Moldoveni', 37),
(11775, 'Vânători', 37),
(11776, 'Pleaşov', 37),
(11777, 'Prundu', 37),
(11778, 'Saelele', 37),
(11779, 'Guruieni', 37),
(11780, 'Cernetu', 37),
(11781, 'Teleormanu', 37),
(11782, 'Valea Părului', 37),
(11783, 'Merenii de Jos', 37),
(11784, 'Merenii de Sus', 37),
(11785, 'Ştefeni', 37),
(11786, 'Zimnicele', 37),
(11787, 'Belciug', 37),
(11788, 'Gârdeşti', 37),
(11789, 'Păru Rotund', 37),
(11790, 'Perii Broşteni', 37),
(11791, 'Lăceni', 37),
(11792, 'Orbeasca de Jos', 37),
(11793, 'Orbeasca de Sus', 37),
(11794, 'Beciu', 37),
(11795, 'Brâncoveanca', 37),
(11796, 'Bârseştii de Jos', 37),
(11797, 'Dudu', 37),
(11798, 'Smârdan', 37),
(11799, 'Banov', 37),
(11800, 'Brăteşti', 37),
(11801, 'Cătunu', 37),
(11802, 'Preajba', 37),
(11803, 'Vătaşi', 37),
(11804, 'Ţăvârlău', 37),
(11805, 'Calomfireşti', 37),
(11806, 'Băduleasa', 37),
(11807, 'Cârlomanu', 37),
(11808, 'Cetatea', 37),
(11809, 'Rădoieşti-Deal', 37),
(11810, 'Rădoieşti-Vale', 37),
(11811, 'Ludăneasca', 37),
(11812, 'Butculeşti', 37),
(11813, 'Ciurari', 37),
(11814, 'Băneasa', 37),
(11815, 'Tudor Vladimirescu', 37),
(11816, 'Sârbenii de Jos', 37),
(11817, 'Udeni', 37),
(11818, 'Brebina', 37),
(11819, 'Cucueţi', 37),
(11820, 'Viile', 37),
(11821, 'Albeni', 37),
(11822, 'Drăceşti', 37),
(11823, 'Negrileşti', 37),
(11824, 'Scurtu-Slăveşti', 37),
(11825, 'Valea Poştei', 37),
(11826, 'Năvodari', 37),
(11827, 'Olteanca', 37),
(11828, 'Segarcea-Deal', 37),
(11829, 'Buteşti', 37),
(11830, 'Purani', 37),
(11831, 'Puranii de Sus', 37),
(11832, 'Siliştea Mică', 37),
(11833, 'Uda-Clocociov', 37),
(11834, 'Uda-Paciurea', 37),
(11835, 'Şoimu', 37),
(11836, 'Bratcovu', 37),
(11837, 'Gresia', 37),
(11838, 'Socetu', 37),
(11839, 'Beiu', 37),
(11840, 'Fântânele', 37),
(11841, 'Linia Costii', 37),
(11842, 'Rotăreşti', 37),
(11843, 'Talpa Poştei', 37),
(11844, 'Talpa-Bâscoveni', 37),
(11845, 'Talpa-Ogrăzile', 37),
(11846, 'Lada', 37),
(11847, 'Negreni', 37),
(11848, 'Negrenii de Sus', 37),
(11849, 'Negrenii-Osebiţi', 37),
(11850, 'Obârtu', 37),
(11851, 'Slăveşti', 37),
(11852, 'Dobreni', 37),
(11853, 'Udupu', 37),
(11854, 'Brătăşani', 37),
(11855, 'Deparaţi', 37),
(11856, 'Dulceni', 37),
(11857, 'Vatra', 37),
(11858, 'Gărăgău', 37),
(11859, 'Vârtoapele de Jos', 37),
(11860, 'Vârtoapele de Sus', 37),
(11861, 'Albeşti', 37),
(11862, 'Coşoteni', 37),
(11863, 'Dulceanca', 37),
(11864, 'Meri', 37),
(11865, 'Coşoaia', 37),
(11866, 'Purani', 37),
(11867, 'Schitu Poienari', 37),
(11868, 'Siliştea', 37),
(11869, 'Balinţ', 38),
(11870, 'Banloc', 38),
(11871, 'Bara', 38),
(11872, 'Beba Veche', 38),
(11873, 'Becicherecu Mic', 38),
(11874, 'Belinţ', 38),
(11875, 'Bethausen', 38),
(11876, 'Biled', 38),
(11877, 'Bogda', 38),
(11878, 'Boldur', 38),
(11879, 'Brestovăţ', 38),
(11880, 'Buziaş', 38),
(11881, 'Bârna', 38),
(11882, 'Cenad', 38),
(11883, 'Cenei', 38),
(11884, 'Chevereşu Mare', 38),
(11885, 'Ciacova', 38),
(11886, 'Comloşu Mare', 38),
(11887, 'Coşteiu', 38),
(11888, 'Criciova', 38),
(11889, 'Curtea', 38),
(11890, 'Cărpiniş', 38),
(11891, 'Darova', 38),
(11892, 'Denta', 38),
(11893, 'Deta', 38),
(11894, 'Dudeştii Vechi', 38),
(11895, 'Dumbrava', 38),
(11896, 'Dumbrăviţa', 38),
(11897, 'Foeni', 38),
(11898, 'Fârdea', 38),
(11899, 'Făget', 38),
(11900, 'Gavojdia', 38),
(11901, 'Ghiroda', 38),
(11902, 'Ghizela', 38),
(11903, 'Giarmata', 38),
(11904, 'Giera', 38),
(11905, 'Giroc', 38),
(11906, 'Giulvăz', 38),
(11907, 'Gătaia', 38),
(11908, 'Jamu Mare', 38),
(11909, 'Jebel', 38),
(11910, 'Jimbolia', 38),
(11911, 'Lenauheim', 38),
(11912, 'Liebling', 38),
(11913, 'Lovrin', 38),
(11914, 'Lugoj', 38),
(11915, 'Margina', 38),
(11916, 'Maşloc', 38),
(11917, 'Moraviţa', 38),
(11918, 'Moşniţa Nouă', 38),
(11919, 'Mănăştiur', 38),
(11920, 'Niţchidorf', 38),
(11921, 'Nădrag', 38),
(11922, 'Ohaba Lungă', 38),
(11923, 'Orţişoara', 38),
(11924, 'Peciu Nou', 38),
(11925, 'Periam', 38),
(11926, 'Pietroasa', 38),
(11927, 'Pişchia', 38),
(11928, 'Racoviţa', 38),
(11929, 'Recaş', 38),
(11930, 'Remetea Mare', 38),
(11931, 'Sacoşu Turcesc', 38),
(11932, 'Satchinez', 38),
(11933, 'Secaş', 38),
(11934, 'Sânandrei', 38),
(11935, 'Sânmihaiu Român', 38),
(11936, 'Sânnicolau Mare', 38),
(11937, 'Sânpetru Mare', 38),
(11938, 'Săcălaz', 38),
(11939, 'Teremia Mare', 38),
(11940, 'Timişoara', 38),
(11941, 'Tomeşti', 38),
(11942, 'Topolovăţu Mare', 38),
(11943, 'Tormac', 38),
(11944, 'Traian Vuia', 38),
(11945, 'Uivar', 38),
(11946, 'Variaş', 38),
(11947, 'Victor Vlad Delamarina', 38),
(11948, 'Voiteg', 38),
(11949, 'Şag', 38),
(11950, 'Ştiuca', 38),
(11951, 'Bodo', 38),
(11952, 'Fădimac', 38),
(11953, 'Târgovişte', 38),
(11954, 'Dolaţ', 38),
(11955, 'Livezile', 38),
(11956, 'Ofseniţa', 38),
(11957, 'Partoş', 38),
(11958, 'Soca', 38),
(11959, 'Dobreşti', 38),
(11960, 'Lăpuşnic', 38),
(11961, 'Rădmăneşti', 38),
(11962, 'Spata', 38),
(11963, 'Boteşti', 38),
(11964, 'Botineşti', 38),
(11965, 'Drinova', 38),
(11966, 'Jureşti', 38),
(11967, 'Pogăneşti', 38),
(11968, 'Sărăzani', 38),
(11969, 'Cherestur', 38),
(11970, 'Pordeanu', 38),
(11971, 'Dudeştii Noi', 38),
(11972, 'Babşa', 38),
(11973, 'Chizătău', 38),
(11974, 'Gruni', 38),
(11975, 'Cladova', 38),
(11976, 'Cliciova', 38),
(11977, 'Cutina', 38),
(11978, 'Leucuşeşti', 38),
(11979, 'Nevrincea', 38),
(11980, 'Uihei', 38),
(11981, 'Şandra', 38),
(11982, 'Altringen', 38),
(11983, 'Buzad', 38),
(11984, 'Charlotenburg', 38),
(11985, 'Comeat', 38),
(11986, 'Sintar', 38),
(11987, 'Jabăr', 38),
(11988, 'Ohaba-Forgaci', 38),
(11989, 'Sinersig', 38),
(11990, 'Coşarii', 38),
(11991, 'Hodoş', 38),
(11992, 'Lucareţ', 38),
(11993, 'Teş', 38),
(11994, 'Bacova', 38),
(11995, 'Silagiu', 38),
(11996, 'Iecea Mare', 38),
(11997, 'Iecea Mică', 38),
(11998, 'Bobda', 38),
(11999, 'Checea', 38),
(12000, 'Dragşina', 38),
(12001, 'Vucova', 38),
(12002, 'Cebza', 38),
(12003, 'Gad', 38),
(12004, 'Ghilad', 38),
(12005, 'Macedonia', 38),
(12006, 'Obad', 38),
(12007, 'Petroman', 38),
(12008, 'Comloşu Mic', 38),
(12009, 'Lunga', 38),
(12010, 'Hezeriş', 38),
(12011, 'Păru', 38),
(12012, 'Valea Lungă Română', 38),
(12013, 'Ţipari', 38),
(12014, 'Cireşu', 38),
(12015, 'Cireşu Mic', 38),
(12016, 'Jdioara', 38),
(12017, 'Coşava', 38),
(12018, 'Homojdia', 38),
(12019, 'Hodoş', 38),
(12020, 'Sacoşu Mare', 38),
(12021, 'Breştea', 38),
(12022, 'Roviniţa Mare', 38),
(12023, 'Roviniţa Mică', 38),
(12024, 'Opatiţa', 38),
(12025, 'Cheglevici', 38),
(12026, 'Colonia Bulgară', 38),
(12027, 'Vălcani', 38),
(12028, 'Bucovăţ', 38),
(12029, 'Răchita', 38),
(12030, 'Begheiu Mic', 38),
(12031, 'Bichigi', 38),
(12032, 'Brăneşti', 38),
(12033, 'Bunea Mare', 38),
(12034, 'Bunea Mică', 38),
(12035, 'Băteşti', 38),
(12036, 'Colonia Mică', 38),
(12037, 'Jupâneşti', 38),
(12038, 'Povârgina', 38),
(12039, 'Temereşti', 38),
(12040, 'Drăgsineşti', 38),
(12041, 'Gladna Montană', 38),
(12042, 'Gladna Româna', 38),
(12043, 'Hăuzeşti', 38),
(12044, 'Mâtnicu Mic', 38),
(12045, 'Zolt', 38),
(12046, 'Cruceni', 38),
(12047, 'Berecuţa', 38),
(12048, 'Birda', 38),
(12049, 'Butin', 38),
(12050, 'Mânăstire', 38),
(12051, 'Percosova', 38),
(12052, 'Sculia', 38),
(12053, 'Sângeorge', 38),
(12054, 'Şemlacu Mare', 38),
(12055, 'Şemlacu Mic', 38),
(12056, 'Jena', 38),
(12057, 'Lugojel', 38),
(12058, 'Sălbăgel', 38),
(12059, 'Giarmata-Vii', 38),
(12060, 'Hisiaş', 38),
(12061, 'Paniova', 38),
(12062, 'Şanoviţa', 38),
(12063, 'Cerneteaz', 38),
(12064, 'Grănicerii', 38),
(12065, 'Toager', 38),
(12066, 'Chişoda', 38),
(12067, 'Crai Nou', 38),
(12068, 'Ivanda', 38),
(12069, 'Rudna', 38),
(12070, 'Clopodia', 38),
(12071, 'Ferendia', 38),
(12072, 'Gherman', 38),
(12073, 'Lăţunaş', 38),
(12074, 'Pădureni', 38),
(12075, 'Bulgăruş', 38),
(12076, 'Grabăţ', 38),
(12077, 'Cerna', 38),
(12078, 'Iosif', 38),
(12079, 'Gottlob', 38),
(12080, 'Tomnatic', 38),
(12081, 'Vizejdia', 38),
(12082, 'Măguri', 38),
(12083, 'Tapia', 38),
(12084, 'Pădurani', 38),
(12085, 'Remetea-Luncă', 38),
(12086, 'Topla', 38),
(12087, 'Breazova', 38),
(12088, 'Bulza', 38),
(12089, 'Coşeviţa', 38),
(12090, 'Coşteiu de Sus', 38),
(12091, 'Groşi', 38),
(12092, 'Nemeşeşti', 38),
(12093, 'Sinteşti', 38),
(12094, 'Zorani', 38),
(12095, 'Alioş', 38),
(12096, 'Fibiş', 38),
(12097, 'Remetea Mică', 38),
(12098, 'Dejan', 38),
(12099, 'Gaiu Mic', 38),
(12100, 'Stamora Germană', 38),
(12101, 'Albina', 38),
(12102, 'Moşniţa Veche', 38),
(12103, 'Rudicica', 38),
(12104, 'Urseni', 38),
(12105, 'Crivina', 38),
(12106, 'Blajova', 38),
(12107, 'Duboz', 38),
(12108, 'Dubeşti', 38),
(12109, 'Ierşnic', 38),
(12110, 'Ohaba Română', 38),
(12111, 'Corneşti', 38),
(12112, 'Călacea', 38),
(12113, 'Seceani', 38),
(12114, 'Diniaş', 38),
(12115, 'Sânmartinu Sârbesc', 38),
(12116, 'Pesac', 38),
(12117, 'Crivina de Sus', 38),
(12118, 'Fărăşeşti', 38),
(12119, 'Poieni', 38),
(12120, 'Bencecu de Jos', 38),
(12121, 'Bencecu de Sus', 38),
(12122, 'Murani', 38),
(12123, 'Sălciua Nouă', 38),
(12124, 'Căpăt', 38),
(12125, 'Drăgoieşti', 38),
(12126, 'Ficătar', 38),
(12127, 'Hitiaş', 38),
(12128, 'Sârbova', 38),
(12129, 'Bazoş', 38),
(12130, 'Herneacova', 38),
(12131, 'Izvin', 38),
(12132, 'Nadăş', 38),
(12133, 'Petrovaselo', 38),
(12134, 'Stanciova', 38),
(12135, 'Bazoşu Nou', 38),
(12136, 'Bucovăţ', 38),
(12137, 'Ianova', 38),
(12138, 'Beregsău Mare', 38),
(12139, 'Beregsău Mic', 38),
(12140, 'Berini', 38),
(12141, 'Icloda', 38),
(12142, 'Otveşti', 38),
(12143, 'Stamora Română', 38),
(12144, 'Uliuc', 38),
(12145, 'Unip', 38),
(12146, 'Parţa', 38),
(12147, 'Carani', 38),
(12148, 'Covaci', 38),
(12149, 'Sânmihaiu German', 38),
(12150, 'Utvin', 38),
(12151, 'Igriş', 38),
(12152, 'Saravale', 38),
(12153, 'Bărăteaz', 38),
(12154, 'Hodoni', 38),
(12155, 'Checheş', 38),
(12156, 'Crivobara', 38),
(12157, 'Vizma', 38),
(12158, 'Dragomireşti', 38),
(12159, 'Oloşag', 38),
(12160, 'Zgribeşti', 38),
(12161, 'Nerău', 38),
(12162, 'Teremia Mică', 38),
(12163, 'Baloşeşti', 38),
(12164, 'Colonia Fabricii', 38),
(12165, 'Luncanii de Jos', 38),
(12166, 'Luncanii de Sus', 38),
(12167, 'Româneşti', 38),
(12168, 'Cralovăţ', 38),
(12169, 'Ictar-Budinţi', 38),
(12170, 'Iosifalău', 38),
(12171, 'Suştra', 38),
(12172, 'Topolovăţu Mic', 38),
(12173, 'Cadar', 38),
(12174, 'Şipet', 38),
(12175, 'Jupani', 38),
(12176, 'Sudriaş', 38),
(12177, 'Surducu Mic', 38),
(12178, 'Susani', 38),
(12179, 'Săceni', 38),
(12180, 'Iohanisfeld', 38),
(12181, 'Otelec', 38),
(12182, 'Pustiniş', 38),
(12183, 'Răuţi', 38),
(12184, 'Sânmartinu Maghiar', 38),
(12185, 'Gelu', 38),
(12186, 'Sânpetru Mic', 38),
(12187, 'Herendeşti', 38),
(12188, 'Honorici', 38),
(12189, 'Petroasa Mare', 38),
(12190, 'Pini', 38),
(12191, 'Pădureni', 38),
(12192, 'Vişag', 38),
(12193, 'Folea', 38),
(12194, 'Babadag', 39),
(12195, 'Baia', 39),
(12196, 'Beidaud', 39),
(12197, 'C.a. Rosetti', 39),
(12198, 'Carcaliu', 39),
(12199, 'Casimcea', 39),
(12200, 'Ceamurlia de Jos', 39),
(12201, 'Ceatalchioi', 39),
(12202, 'Cerna', 39),
(12203, 'Chilia Veche', 39),
(12204, 'Ciucurova', 39),
(12205, 'Crişan', 39),
(12206, 'Dorobanţu', 39),
(12207, 'Dăeni', 39),
(12208, 'Frecăţei', 39),
(12209, 'Greci', 39),
(12210, 'Grindu', 39),
(12211, 'Hamcearca', 39),
(12212, 'Horia', 39),
(12213, 'I.c.brătianu', 39),
(12214, 'Isaccea', 39),
(12215, 'Izvoarele', 39),
(12216, 'Jijila', 39),
(12217, 'Jurilovca', 39),
(12218, 'Luncaviţa', 39),
(12219, 'Mahmudia', 39),
(12220, 'Maliuc', 39),
(12221, 'Mihai Bravu', 39),
(12222, 'Mihail Kogălniceanu', 39),
(12223, 'Murighiol', 39),
(12224, 'Măcin', 39),
(12225, 'Nalbant', 39),
(12226, 'Niculiţel', 39),
(12227, 'Nufăru', 39),
(12228, 'Ostrov', 39),
(12229, 'Pardina', 39),
(12230, 'Peceneaga', 39),
(12231, 'Sarichioi', 39),
(12232, 'Sfântu Gheorghe', 39),
(12233, 'Slava Cercheză', 39),
(12234, 'Smârdan', 39),
(12235, 'Somova', 39),
(12236, 'Stejaru', 39),
(12237, 'Sulina', 39),
(12238, 'Topolog', 39),
(12239, 'Tulcea', 39),
(12240, 'Turcoaia', 39),
(12241, 'Valea Nucarilor', 39),
(12242, 'Văcăreni', 39),
(12243, 'Camena', 39),
(12244, 'Caugagia', 39),
(12245, 'Ceamurlia de Sus', 39),
(12246, 'Panduru', 39),
(12247, 'Neatârnarea', 39),
(12248, 'Sarighiol de Deal', 39),
(12249, 'Cardon', 39),
(12250, 'Letea', 39),
(12251, 'Periprava', 39),
(12252, 'Sfiştofca', 39),
(12253, 'Cişmeaua Nouă', 39),
(12254, 'Corugea', 39),
(12255, 'Haidar', 39),
(12256, 'Rahman', 39),
(12257, 'Războieni', 39),
(12258, 'Stânca', 39),
(12259, 'Lunca', 39),
(12260, 'Plauru', 39),
(12261, 'Pătlăgeanca', 39),
(12262, 'Sălceni', 39),
(12263, 'General Praporgescu', 39),
(12264, 'Mircea Vodă', 39),
(12265, 'Traian', 39),
(12266, 'Câşliţa', 39),
(12267, 'Ostrovu Tătaru', 39),
(12268, 'Tatanir', 39),
(12269, 'Atmagea', 39),
(12270, 'Fântâna Mare', 39),
(12271, 'Caraorman', 39),
(12272, 'Mila 23', 39),
(12273, 'Ardealu', 39),
(12274, 'Cârjelari', 39),
(12275, 'Fântâna Oilor', 39),
(12276, 'Meşteru', 39),
(12277, 'Cataloi', 39),
(12278, 'Poşta', 39),
(12279, 'Teliţa', 39),
(12280, 'Balabancea', 39),
(12281, 'Căprioara', 39),
(12282, 'Nifon', 39),
(12283, 'Cloşca', 39),
(12284, 'Floreşti', 39),
(12285, 'Revărsarea', 39),
(12286, 'Tichileşti', 39),
(12287, 'Alba', 39),
(12288, 'Iulia', 39),
(12289, 'Valea Teilor', 39),
(12290, 'Garvăn', 39),
(12291, 'Sălcioara', 39),
(12292, 'Vişina', 39),
(12293, 'Rachelu', 39),
(12294, 'Beştepe', 39),
(12295, 'Băltenii de Jos', 39),
(12296, 'Băltenii de Sus', 39),
(12297, 'Gorgova', 39),
(12298, 'Ilganii de Sus', 39),
(12299, 'Partizani', 39),
(12300, 'Vulturu', 39),
(12301, 'Satu Nou', 39),
(12302, 'Turda', 39),
(12303, 'Lăstuni', 39),
(12304, 'Rândunica', 39),
(12305, 'Colina', 39),
(12306, 'Dunavăţu de Jos', 39),
(12307, 'Dunavăţu de Sus', 39),
(12308, 'Plopul', 39),
(12309, 'Sarinasuf', 39),
(12310, 'Uzlina', 39),
(12311, 'Nicolae Bălcescu', 39),
(12312, 'Trestenic', 39),
(12313, 'Ilganii de Jos', 39),
(12314, 'Malcoci', 39),
(12315, 'Victoria', 39),
(12316, 'Piatra', 39),
(12317, 'Enisala', 39),
(12318, 'Sabangia', 39),
(12319, 'Visterna', 39),
(12320, 'Zebil', 39),
(12321, 'Slava Rusă', 39),
(12322, 'Mineri', 39),
(12323, 'Parcheş', 39),
(12324, 'Mina Altân Tepe', 39),
(12325, 'Vasile Alecsandri', 39),
(12326, 'Calfa', 39),
(12327, 'Cerbu', 39),
(12328, 'Făgăraşu Nou', 39),
(12329, 'Luminiţa', 39),
(12330, 'Măgurele', 39),
(12331, 'Sâmbăta Nouă', 39),
(12332, 'Tudor Vladimirescu', 39),
(12333, 'Agighiol', 39),
(12334, 'Iazurile', 39),
(12335, 'Alunu', 40),
(12336, 'Amărăşti', 40),
(12337, 'Berbeşti', 40),
(12338, 'Berislăveşti', 40),
(12339, 'Boişoara', 40),
(12340, 'Brezoi', 40),
(12341, 'Budeşti', 40),
(12342, 'Bujoreni', 40),
(12343, 'Buneşti', 40),
(12344, 'Băbeni', 40),
(12345, 'Bălceşti', 40),
(12346, 'Bărbăteşti', 40),
(12347, 'Cernişoara', 40),
(12348, 'Copăceni', 40),
(12349, 'Costeşti', 40),
(12350, 'Creţeni', 40),
(12351, 'Călimăneşti', 40),
(12352, 'Drăgoeşti', 40),
(12353, 'Drăgăşani', 40),
(12354, 'Dăeşti', 40),
(12355, 'Frânceşti', 40),
(12356, 'Fârtăţeşti', 40),
(12357, 'Făureşti', 40),
(12358, 'Galicea', 40),
(12359, 'Ghioroiu', 40),
(12360, 'Glăvile', 40),
(12361, 'Grădiştea', 40),
(12362, 'Guşoeni', 40),
(12363, 'Horezu', 40),
(12364, 'Ioneşti', 40),
(12365, 'Laloşu', 40),
(12366, 'Livezi', 40),
(12367, 'Lungeşti', 40),
(12368, 'Lădeşti', 40),
(12369, 'Malaia', 40),
(12370, 'Mateeşti', 40),
(12371, 'Mihăeşti', 40),
(12372, 'Milcoiu', 40),
(12373, 'Muereasca', 40),
(12374, 'Mădulari', 40),
(12375, 'Măldăreşti', 40),
(12376, 'Olanu', 40),
(12377, 'Orleşti', 40),
(12378, 'Oteşani', 40),
(12379, 'Perişani', 40),
(12380, 'Pesceana', 40),
(12381, 'Pietrari', 40),
(12382, 'Popeşti', 40),
(12383, 'Prundeni', 40),
(12384, 'Păuşeşti', 40),
(12385, 'Păuşeşti-Măglaşi', 40),
(12386, 'Racoviţa', 40),
(12387, 'Roeşti', 40),
(12388, 'Roşiile', 40),
(12389, 'Runcu', 40),
(12390, 'Râmnicu Vâlcea', 40),
(12391, 'Scundu', 40),
(12392, 'Sineşti', 40),
(12393, 'Slătioara', 40),
(12394, 'Stoeneşti', 40),
(12395, 'Stoileşti', 40),
(12396, 'Stroeşti', 40),
(12397, 'Stăneşti', 40),
(12398, 'Suteşti', 40),
(12399, 'Sălătrucel', 40),
(12400, 'Tetoiu', 40),
(12401, 'Titeşti', 40),
(12402, 'Tomşani', 40),
(12403, 'Vaideeni', 40),
(12404, 'Valea Mare', 40),
(12405, 'Vlădeşti', 40),
(12406, 'Voiceşti', 40),
(12407, 'Voineasa', 40),
(12408, 'Zătreni', 40),
(12409, 'Şirineasa', 40),
(12410, 'Ştefăneşti', 40),
(12411, 'Şuşani', 40),
(12412, 'Bodeşti', 40),
(12413, 'Colteşti', 40),
(12414, 'Igoiu', 40),
(12415, 'Ilaciu', 40),
(12416, 'Ocracu', 40),
(12417, 'Roşia', 40),
(12418, 'Mereşeşti', 40),
(12419, 'Nemoiu', 40),
(12420, 'Padina', 40),
(12421, 'Palanga', 40),
(12422, 'Teiul', 40),
(12423, 'Bonciu', 40),
(12424, 'Capu Dealului', 40),
(12425, 'Pădureţu', 40),
(12426, 'Români', 40),
(12427, 'Tătărani', 40),
(12428, 'Valea Mare', 40),
(12429, 'Curăturile', 40),
(12430, 'Gătejeşti', 40),
(12431, 'Prajila', 40),
(12432, 'Cheia', 40),
(12433, 'Comanca', 40),
(12434, 'Gurguiata', 40),
(12435, 'Livadia', 40),
(12436, 'Moşoroaşa', 40),
(12437, 'Olăneşti', 40),
(12438, 'Pietrişu', 40),
(12439, 'Tisa', 40),
(12440, 'Beneşti', 40),
(12441, 'Chirculeşti', 40),
(12442, 'Cârlogani', 40),
(12443, 'Goruneşti', 40),
(12444, 'Irimeşti', 40),
(12445, 'Otetelişu', 40),
(12446, 'Preoteşti', 40),
(12447, 'Satu Poieni', 40),
(12448, 'Bodeşti', 40),
(12449, 'Bârzeşti', 40),
(12450, 'Negruleşti', 40),
(12451, 'Dealu Aluniş', 40),
(12452, 'Dămţeni', 40),
(12453, 'Roşioara', 40),
(12454, 'Târgu Gânguleşti', 40),
(12455, 'Valea Mare', 40),
(12456, 'Brădişor', 40),
(12457, 'Dângeşti', 40),
(12458, 'Robaia', 40),
(12459, 'Rădăcineşti', 40),
(12460, 'Scăueni', 40),
(12461, 'Stoeneşti', 40),
(12462, 'Bumbueşti', 40),
(12463, 'Găujani', 40),
(12464, 'Corbu', 40),
(12465, 'Călineşti', 40),
(12466, 'Drăgăneşti', 40),
(12467, 'Golotreni', 40),
(12468, 'Proieni', 40),
(12469, 'Păscoaia', 40),
(12470, 'Valea lui Stan', 40),
(12471, 'Văratica', 40),
(12472, 'Barza', 40),
(12473, 'Bercioiu', 40),
(12474, 'Bârseşti', 40),
(12475, 'Linia', 40),
(12476, 'Piscu Pietrei', 40),
(12477, 'Racoviţa', 40),
(12478, 'Ruda', 40),
(12479, 'Bogdăneşti', 40),
(12480, 'Gura Văii', 40),
(12481, 'Lunca', 40),
(12482, 'Malu Alb', 40),
(12483, 'Malu Vârtop', 40),
(12484, 'Olteni', 40),
(12485, 'Coasta Mare', 40),
(12486, 'Fireşti', 40),
(12487, 'Râpăneşti', 40),
(12488, 'Teiuşu', 40),
(12489, 'Titireci', 40),
(12490, 'Câinenii Mari', 40),
(12491, 'Câinenii Mici', 40),
(12492, 'Grebleşti', 40),
(12493, 'Priloage', 40),
(12494, 'Robeşti', 40),
(12495, 'Râu Vadului', 40),
(12496, 'Căciulata', 40),
(12497, 'Jiblea Nouă', 40),
(12498, 'Jiblea Veche', 40),
(12499, 'Păuşa', 40),
(12500, 'Seaca', 40),
(12501, 'Armăşeşti', 40),
(12502, 'Groşi', 40),
(12503, 'Modoia', 40),
(12504, 'Mădulari', 40),
(12505, 'Obârşia', 40),
(12506, 'Sărsăneşti', 40),
(12507, 'Bondoci', 40),
(12508, 'Bălteni', 40),
(12509, 'Hotărasa', 40),
(12510, 'Ulmetu', 40),
(12511, 'Veţelu', 40),
(12512, 'Bistriţa', 40),
(12513, 'Pietreni', 40),
(12514, 'Văratici', 40),
(12515, 'Izvoru', 40),
(12516, 'Mreneşti', 40),
(12517, 'Streminoasa', 40),
(12518, 'Băbueşti', 40),
(12519, 'Fedeleşoiu', 40),
(12520, 'Sânbotin', 40),
(12521, 'Bădeni', 40),
(12522, 'Ceretu', 40),
(12523, 'Cireşul', 40),
(12524, 'Dealu Lăunele', 40),
(12525, 'Dealu Scheiului', 40),
(12526, 'Dobreşti', 40),
(12527, 'Drăguleşti', 40),
(12528, 'Glodu', 40),
(12529, 'Gura Crucilor', 40),
(12530, 'Linia pe Vale', 40),
(12531, 'Lăunele de Jos', 40),
(12532, 'Udreşti', 40),
(12533, 'Valea Scheiului', 40),
(12534, 'Valea Caselor', 40),
(12535, 'Zlătărei', 40),
(12536, 'Zărneni', 40),
(12537, 'Buciumeni', 40),
(12538, 'Geamăna', 40),
(12539, 'Afânata', 40),
(12540, 'Becşani', 40),
(12541, 'Cuci', 40),
(12542, 'Căţetu', 40),
(12543, 'Dejoi', 40),
(12544, 'Dozeşti', 40),
(12545, 'Dăncăi', 40),
(12546, 'Giuleşti', 40),
(12547, 'Giuleştii de Sus', 40),
(12548, 'Gârnicet', 40),
(12549, 'Măriceşti', 40),
(12550, 'Nisipi', 40),
(12551, 'Popeşti', 40),
(12552, 'Rusăneşti', 40),
(12553, 'Seciu', 40),
(12554, 'Stănculeşti', 40),
(12555, 'Tanislavi', 40),
(12556, 'Valea Ursului', 40),
(12557, 'Şotani', 40),
(12558, 'Budeşti', 40),
(12559, 'Bungeţani', 40),
(12560, 'Băbeni-Olteţu', 40),
(12561, 'Colelia', 40),
(12562, 'Diculeşti', 40),
(12563, 'Găineşti', 40),
(12564, 'Mileşti', 40),
(12565, 'Mărcuşu', 40),
(12566, 'Băluţoaia', 40),
(12567, 'Coşani', 40),
(12568, 'Dezrobiţi', 40),
(12569, 'Genuneni', 40),
(12570, 'Moşteni', 40),
(12571, 'Mănăileşti', 40),
(12572, 'Surpatele', 40),
(12573, 'Viişoara', 40),
(12574, 'Bratia din Deal', 40),
(12575, 'Bratia din Vale', 40),
(12576, 'Cocoru', 40),
(12577, 'Cremenari', 40),
(12578, 'Dealu Mare', 40),
(12579, 'Ostroveni', 40),
(12580, 'Teiu', 40),
(12581, 'Valea Râului', 40),
(12582, 'Căzăneşti', 40),
(12583, 'Herăşti', 40),
(12584, 'Mierea', 40),
(12585, 'Poienari', 40),
(12586, 'Ştirbeşti', 40),
(12587, 'Aninoasa', 40),
(12588, 'Jaroştea', 40),
(12589, 'Olteanca', 40),
(12590, 'Voiculeasa', 40),
(12591, 'Aldeşti', 40),
(12592, 'Blidari', 40),
(12593, 'Coasta', 40),
(12594, 'Drăgăneşti', 40),
(12595, 'Gibeşti', 40),
(12596, 'Giurgiuveni', 40),
(12597, 'Opăteşti', 40),
(12598, 'Poeniţa', 40),
(12599, 'Popeşti', 40),
(12600, 'Tulei-Câmpeni', 40),
(12601, 'Vătăşeşti', 40),
(12602, 'Diaconeşti', 40),
(12603, 'Dobricea', 40),
(12604, 'Linia', 40),
(12605, 'Obislavu', 40),
(12606, 'Străchineşti', 40),
(12607, 'Turburea', 40),
(12608, 'Valea Grădiştei', 40),
(12609, 'Ţuţuru', 40),
(12610, 'Burdăleşti', 40),
(12611, 'Dealu Mare', 40),
(12612, 'Guşoianca', 40),
(12613, 'Măgureni', 40),
(12614, 'Spârleni', 40),
(12615, 'Ifrimeşti', 40),
(12616, 'Romanii de Jos', 40),
(12617, 'Romanii de Sus', 40),
(12618, 'Râmeşti', 40),
(12619, 'Tănăseşti', 40),
(12620, 'Urşani', 40),
(12621, 'Bucşani', 40),
(12622, 'Dealu Mare', 40),
(12623, 'Delureni', 40),
(12624, 'Fişcălia', 40),
(12625, 'Foteşti', 40),
(12626, 'Guguianca', 40),
(12627, 'Marcea', 40),
(12628, 'Prodăneşti', 40),
(12629, 'Cermegeşti', 40),
(12630, 'Chiriceşti', 40),
(12631, 'Ciumagi', 40),
(12632, 'Dealu Corni', 40),
(12633, 'Găgeni', 40),
(12634, 'Măldăreşti', 40),
(12635, 'Olteanca', 40),
(12636, 'Popeşti', 40),
(12637, 'Păsculeşti', 40),
(12638, 'Berbeşti', 40),
(12639, 'Ghindari', 40),
(12640, 'Mologeşti', 40),
(12641, 'Olteţani', 40),
(12642, 'Portăreşti', 40),
(12643, 'Bereşti', 40),
(12644, 'Broşteni', 40),
(12645, 'Mijaţi', 40),
(12646, 'Scoruşu', 40),
(12647, 'Săruleşti', 40),
(12648, 'Zărneşti', 40),
(12649, 'Şerbăneşti', 40),
(12650, 'Pleşoiu', 40),
(12651, 'Pârâienii de Jos', 40),
(12652, 'Pârâienii de Mijloc', 40),
(12653, 'Pârâienii de Sus', 40),
(12654, 'Părăuşani', 40),
(12655, 'Tina', 40),
(12656, 'Cărcădieşti', 40),
(12657, 'Dumbrava', 40),
(12658, 'Fumureni', 40),
(12659, 'Gănţulei', 40),
(12660, 'Stăneşti-Lunca', 40),
(12661, 'Bocşa', 40),
(12662, 'Botorani', 40),
(12663, 'Ciocănari', 40),
(12664, 'Măciuceni', 40),
(12665, 'Măldăreşti', 40),
(12666, 'Oveselu', 40),
(12667, 'Popeşti', 40),
(12668, 'Zăvoieni', 40),
(12669, 'Ştefăneşti', 40),
(12670, 'Bălşoara', 40),
(12671, 'Bănţeşti', 40),
(12672, 'Dimuleşti', 40),
(12673, 'Iacovile', 40),
(12674, 'Mamu', 40),
(12675, 'Ciungetu', 40),
(12676, 'Săliştea', 40),
(12677, 'Măldăreştii de Jos', 40),
(12678, 'Roşoveni', 40),
(12679, 'Telecheşti', 40),
(12680, 'Greci', 40),
(12681, 'Turceşti', 40),
(12682, 'Arsanca', 40),
(12683, 'Buleta', 40),
(12684, 'Bârseşti', 40),
(12685, 'Govora', 40),
(12686, 'Gurişoara', 40),
(12687, 'Munteni', 40),
(12688, 'Măgura', 40),
(12689, 'Negreni', 40),
(12690, 'Rugetu', 40),
(12691, 'Scărişoara', 40),
(12692, 'Stupărei', 40),
(12693, 'Vulpueşti', 40),
(12694, 'Ciuteşti', 40),
(12695, 'Căzăneşti', 40),
(12696, 'Izbăseşti', 40),
(12697, 'Tepşenari', 40),
(12698, 'Şuricaru', 40),
(12699, 'Andreieşti', 40),
(12700, 'Frânceşti-Coasta', 40),
(12701, 'Găvăneşti', 40),
(12702, 'Hotarele', 40),
(12703, 'Muereasca de Sus', 40),
(12704, 'Pripoara', 40),
(12705, 'Şuta', 40),
(12706, 'Băneşti', 40),
(12707, 'Corbii din Vale', 40),
(12708, 'Dosu Râului', 40),
(12709, 'Ginerica', 40),
(12710, 'Gâltofani', 40),
(12711, 'Linia Hanului', 40),
(12712, 'Mângureni', 40),
(12713, 'Măzăraru', 40),
(12714, 'Pleşoiu', 40),
(12715, 'Popeşti', 40),
(12716, 'Predeşti', 40),
(12717, 'Rotărăşti', 40),
(12718, 'Schitu', 40),
(12719, 'Tufanii', 40),
(12720, 'Valea Bălcească', 40),
(12721, 'Valea Viei', 40),
(12722, 'Şerbăneasa', 40),
(12723, 'Buda', 40),
(12724, 'Cosota', 40),
(12725, 'Făcăi', 40),
(12726, 'Gura Suhaşului', 40),
(12727, 'Lunca', 40),
(12728, 'Ocniţa', 40),
(12729, 'Slătioarele', 40),
(12730, 'Ţeica', 40),
(12731, 'Casa Veche', 40),
(12732, 'Cioboţi', 40),
(12733, 'Drăgioiu', 40),
(12734, 'Nicoleşti', 40),
(12735, 'Stoicăneşti', 40),
(12736, 'Aureşti', 40),
(12737, 'Procopoaia', 40),
(12738, 'Scaioşi', 40),
(12739, 'Silea', 40),
(12740, 'Bogdăneşti', 40),
(12741, 'Cuceşti', 40),
(12742, 'Cârstăneşti', 40),
(12743, 'Sub Deal', 40),
(12744, 'Barcanele', 40),
(12745, 'Buzdugan', 40),
(12746, 'Cernelele', 40),
(12747, 'Păuseşti-Otăsău', 40),
(12748, 'Văleni', 40),
(12749, 'Şerbăneşti', 40),
(12750, 'Şoliceşti', 40),
(12751, 'Coasta', 40),
(12752, 'Pietrari', 40),
(12753, 'Ulmeţel', 40),
(12754, 'Valea Cheii', 40),
(12755, 'Vlăduceni', 40),
(12756, 'Băiaşu', 40),
(12757, 'Mlăceni', 40),
(12758, 'Podeni', 40),
(12759, 'Poiana', 40),
(12760, 'Pripoare', 40),
(12761, 'Spinu', 40),
(12762, 'Surdoiu', 40),
(12763, 'Cermegeşti', 40),
(12764, 'Lupoaia', 40),
(12765, 'Negraia', 40),
(12766, 'Roeşti', 40),
(12767, 'Ursoaia', 40),
(12768, 'Pietrarii de Sus', 40),
(12769, 'Curtea', 40),
(12770, 'Dăeşti', 40),
(12771, 'Firijba', 40),
(12772, 'Meieni', 40),
(12773, 'Urşi', 40),
(12774, 'Valea Caselor', 40),
(12775, 'Bărbuceni', 40),
(12776, 'Călina', 40),
(12777, 'Zăvideni', 40),
(12778, 'Balota', 40),
(12779, 'Blănoiu', 40),
(12780, 'Bradu-Clocotici', 40),
(12781, 'Copăceni', 40),
(12782, 'Gruiu Lupului', 40),
(12783, 'Tuţuleşti', 40),
(12784, 'Aranghel', 40),
(12785, 'Copăcelu', 40),
(12786, 'Căzăneşti', 40),
(12787, 'Dealu Malului', 40),
(12788, 'Feţeni', 40),
(12789, 'Goranu', 40),
(12790, 'Lespezi', 40),
(12791, 'Poenari', 40),
(12792, 'Priba', 40),
(12793, 'Râureni', 40),
(12794, 'Stolniceni', 40),
(12795, 'Săliştea', 40),
(12796, 'Troian', 40),
(12797, 'Băiaşa', 40),
(12798, 'Băjenari', 40),
(12799, 'Bărbărigeni', 40),
(12800, 'Ciocâltei', 40),
(12801, 'Cueni', 40),
(12802, 'Frăsina', 40),
(12803, 'Piscu Scoarţei', 40),
(12804, 'Râpa Cărămizii', 40),
(12805, 'Saioci', 40),
(12806, 'Balaciu', 40),
(12807, 'Cherăşti', 40),
(12808, 'Hotăroaia', 40),
(12809, 'Lupuieşti', 40),
(12810, 'Perteşti', 40),
(12811, 'Pleseşti', 40),
(12812, 'Păsărei', 40),
(12813, 'Româneşti', 40),
(12814, 'Răţăleşti', 40),
(12815, 'Zgubea', 40),
(12816, 'Căligi', 40),
(12817, 'Gropeni', 40),
(12818, 'Snamăna', 40),
(12819, 'Surpaţi', 40),
(12820, 'Valea Babei', 40),
(12821, 'Vărateci', 40),
(12822, 'Păteşti', 40),
(12823, 'Seaca', 40),
(12824, 'Şerbăneşti', 40),
(12825, 'Avrămeşti', 40),
(12826, 'Blejani', 40),
(12827, 'Crângu', 40),
(12828, 'Ciucheţi', 40),
(12829, 'Dealu Bisericii', 40),
(12830, 'Mijlocu', 40),
(12831, 'Popeşti', 40),
(12832, 'Urzica', 40),
(12833, 'Aricioaia', 40),
(12834, 'Ciorăşti', 40),
(12835, 'Slăviteşti', 40),
(12836, 'Valea Alunişului', 40),
(12837, 'Coasta Cerbului', 40),
(12838, 'Goruneşti', 40),
(12839, 'Milostea', 40),
(12840, 'Mogeşti', 40),
(12841, 'Rugetu', 40),
(12842, 'Bărcăneşti', 40),
(12843, 'Cioponeşti', 40),
(12844, 'Cuculeşti', 40),
(12845, 'Gârnicetu', 40),
(12846, 'Linia Dealului', 40),
(12847, 'Suieşti', 40),
(12848, 'Valea Lungă', 40),
(12849, 'Vârleni', 40),
(12850, 'Condoieşti', 40),
(12851, 'Dobruşa', 40),
(12852, 'Şerbăneşti', 40),
(12853, 'Budurăşti', 40),
(12854, 'Bârlogu', 40),
(12855, 'Deleni', 40),
(12856, 'Dobriceni', 40),
(12857, 'Gruieri', 40),
(12858, 'Gruiu', 40),
(12859, 'Mogoşeşti', 40),
(12860, 'Neghineşti', 40),
(12861, 'Piscu Mare', 40),
(12862, 'Popeşti', 40),
(12863, 'Suseni', 40),
(12864, 'Zmeurătu', 40),
(12865, 'Balomireasa', 40),
(12866, 'Bulagei', 40),
(12867, 'Bârsoiu', 40),
(12868, 'Delureni', 40),
(12869, 'Geamăna', 40),
(12870, 'Ghiobeşti', 40),
(12871, 'Giuroiu', 40),
(12872, 'Izvoru Rece', 40),
(12873, 'Malu', 40),
(12874, 'Neţeşti', 40),
(12875, 'Obogeni', 40),
(12876, 'Stăneşti', 40),
(12877, 'Urşi', 40),
(12878, 'Vlăduleşti', 40),
(12879, 'Cireşu', 40),
(12880, 'Dianu', 40),
(12881, 'Obroceşti', 40),
(12882, 'Pojogi-Cerna', 40),
(12883, 'Râmeşti', 40),
(12884, 'Stoiculeşti', 40),
(12885, 'Sârbi', 40),
(12886, 'Uşurei', 40),
(12887, 'Boroşeşti', 40),
(12888, 'Cetăţeaua', 40),
(12889, 'Izvoraşu', 40),
(12890, 'Mitrofani', 40),
(12891, 'Măzili', 40),
(12892, 'Racu', 40),
(12893, 'Verdea', 40),
(12894, 'Budele', 40),
(12895, 'Băroiu', 40),
(12896, 'Măneasa', 40),
(12897, 'Nenciuleşti', 40),
(12898, 'Popeşti', 40),
(12899, 'Ţepeşti', 40),
(12900, 'Bratoveşti', 40),
(12901, 'Cucoiu', 40),
(12902, 'Bogdăneşti', 40),
(12903, 'Băltăţeni', 40),
(12904, 'Chiceni', 40),
(12905, 'Dumbrăveşti', 40),
(12906, 'Foleştii de Jos', 40),
(12907, 'Foleştii de Sus', 40),
(12908, 'Mireşti', 40),
(12909, 'Cerna', 40),
(12910, 'Cornet', 40),
(12911, 'Izvoru Rece', 40),
(12912, 'Mariţa', 40),
(12913, 'Bătăşani', 40),
(12914, 'Delureni', 40),
(12915, 'Drăganu', 40),
(12916, 'Mărgineni', 40),
(12917, 'Pietroasa', 40),
(12918, 'Fundătura', 40),
(12919, 'Pleaşa', 40),
(12920, 'Priporu', 40),
(12921, 'Trundin', 40),
(12922, 'Tighina', 40),
(12923, 'Voiceştii din Vale', 40),
(12924, 'Valea Măceşului', 40),
(12925, 'Voineşiţa', 40),
(12926, 'Butanu', 40),
(12927, 'Ciorteşti', 40),
(12928, 'Contea', 40),
(12929, 'Dealu Glămeia', 40),
(12930, 'Dealu Văleni', 40),
(12931, 'Făureşti', 40),
(12932, 'Găneşti', 40),
(12933, 'Lăcusteni', 40),
(12934, 'Lăcustenii de Jos', 40),
(12935, 'Lăcustenii de Sus', 40),
(12936, 'Mecea', 40),
(12937, 'Mănicea', 40),
(12938, 'Olteţu', 40),
(12939, 'Stanomiru', 40),
(12940, 'Săşcioara', 40),
(12941, 'Valea Văleni', 40),
(12942, 'Văleni', 40),
(12943, 'Zătrenii de Sus', 40),
(12944, 'Albeşti', 41),
(12945, 'Alexandru Vlahuţă', 41),
(12946, 'Arsura', 41),
(12947, 'Banca', 41),
(12948, 'Berezeni', 41),
(12949, 'Blăgeşti', 41),
(12950, 'Bogdana', 41),
(12951, 'Bogdăneşti', 41),
(12952, 'Bogdăniţa', 41),
(12953, 'Boţeşti', 41),
(12954, 'Băcani', 41),
(12955, 'Băceşti', 41),
(12956, 'Bălteni', 41),
(12957, 'Codăeşti', 41),
(12958, 'Coroieşti', 41),
(12959, 'Costeşti', 41),
(12960, 'Creţeşti', 41),
(12961, 'Deleni', 41),
(12962, 'Deleşti', 41),
(12963, 'Dragomireşti', 41),
(12964, 'Drânceni', 41),
(12965, 'Dumeşti', 41),
(12966, 'Dăneşti', 41),
(12967, 'Epureni', 41),
(12968, 'Fălciu', 41),
(12969, 'Ghergheşti', 41),
(12970, 'Griviţa', 41),
(12971, 'Gârceni', 41),
(12972, 'Găgeşti', 41),
(12973, 'Hoceni', 41),
(12974, 'Huşi', 41),
(12975, 'Iana', 41),
(12976, 'Ibăneşti', 41),
(12977, 'Iveşti', 41),
(12978, 'Ivăneşti', 41),
(12979, 'Laza', 41),
(12980, 'Lipovăţ', 41),
(12981, 'Lunca Banului', 41),
(12982, 'Micleşti', 41),
(12983, 'Muntenii de Jos', 41),
(12984, 'Murgeni', 41),
(12985, 'Măluşteni', 41),
(12986, 'Negreşti', 41),
(12987, 'Olteneşti', 41),
(12988, 'Oşeşti', 41),
(12989, 'Perieni', 41),
(12990, 'Pogana', 41),
(12991, 'Poieneşti', 41),
(12992, 'Puieşti', 41),
(12993, 'Pungeşti', 41),
(12994, 'Pădureni', 41),
(12995, 'Rebricea', 41),
(12996, 'Roşieşti', 41),
(12997, 'Soleşti', 41),
(12998, 'Stănileşti', 41),
(12999, 'Tanacu', 41),
(13000, 'Todireşti', 41),
(13001, 'Tutova', 41),
(13002, 'Tăcuta', 41),
(13003, 'Tătărăni', 41),
(13004, 'Vaslui', 41),
(13005, 'Vetrişoaia', 41),
(13006, 'Viişoara', 41),
(13007, 'Vinderei', 41),
(13008, 'Voineşti', 41),
(13009, 'Vultureşti', 41),
(13010, 'Vutcani', 41),
(13011, 'Văleni', 41),
(13012, 'Zorleni', 41),
(13013, 'Zăpodeni', 41),
(13014, 'Ştefan cel Mare', 41),
(13015, 'Şuletea', 41),
(13016, 'Corni-Albeşti', 41),
(13017, 'Crasna', 41),
(13018, 'Gura Albeşti', 41),
(13019, 'Buda', 41),
(13020, 'Ghicani', 41),
(13021, 'Morăreni', 41),
(13022, 'Fundătura', 41),
(13023, 'Mihail Kogălniceanu', 41),
(13024, 'Pâhneşti', 41),
(13025, 'Băltăţeni', 41),
(13026, 'Drujeşti', 41),
(13027, 'Suseni', 41),
(13028, 'Vulpăşeni', 41),
(13029, 'Armăşeni', 41),
(13030, 'Băbuşa', 41),
(13031, 'Păltiniş', 41),
(13032, 'Vovrieşti', 41),
(13033, 'Ţibăneştii Buhlii', 41),
(13034, 'Bălteni-Deal', 41),
(13035, 'Chetreşti', 41),
(13036, '1 Decembrie', 41),
(13037, 'Gara Banca', 41),
(13038, 'Ghermăneşti', 41),
(13039, 'Micleşti', 41),
(13040, 'Mitoc', 41),
(13041, 'Satu Nou', 41),
(13042, 'Stoişeşti', 41),
(13043, 'Strâmtura-Mitoc', 41),
(13044, 'Sârbi', 41),
(13045, 'Sălcioara', 41),
(13046, 'Ţifu', 41),
(13047, 'Muşata', 41),
(13048, 'Rânceni', 41),
(13049, 'Satu Nou', 41),
(13050, 'Stuhuleţ', 41),
(13051, 'Bârlad', 41),
(13052, 'Igeşti', 41),
(13053, 'Sipeni', 41),
(13054, 'Arşiţa', 41),
(13055, 'Fântâna Blănarului', 41),
(13056, 'Găvanu', 41),
(13057, 'Lacu Babei', 41),
(13058, 'Plopeni', 41),
(13059, 'Similişoara', 41),
(13060, 'Suceveni', 41),
(13061, 'Verdeş', 41),
(13062, 'Buda', 41),
(13063, 'Horoiata', 41),
(13064, 'Hupca', 41),
(13065, 'Orgoieşti', 41),
(13066, 'Ulea', 41),
(13067, 'Unţeşti', 41),
(13068, 'Vişinari', 41),
(13069, 'Vlădeşti', 41),
(13070, 'Cepeşti', 41),
(13071, 'Coroieşti', 41),
(13072, 'Cârţibaşi', 41),
(13073, 'Rădăeşti', 41),
(13074, 'Schitu', 41),
(13075, 'Tunseşti', 41),
(13076, 'Gugeşti', 41),
(13077, 'Găneşti', 41),
(13078, 'Tălpigeni', 41),
(13079, 'Armăşeni', 41),
(13080, 'Avereşti', 41),
(13081, 'Buneşti', 41),
(13082, 'Plopi', 41),
(13083, 'Podu Oprii', 41),
(13084, 'Roşiori', 41),
(13085, 'Tăbălăeşti', 41),
(13086, 'Ghergheleu', 41),
(13087, 'Pribeşti', 41),
(13088, 'Rediu Galian', 41),
(13089, 'Chilieni', 41),
(13090, 'Coroieştii de Sus', 41),
(13091, 'Hreasca', 41),
(13092, 'Mireni', 41),
(13093, 'Movileni', 41),
(13094, 'Păcurăreşti', 41),
(13095, 'Chiţcani', 41),
(13096, 'Dinga', 41),
(13097, 'Puntişeni', 41),
(13098, 'Pârveşti', 41),
(13099, 'Rădeşti', 41),
(13100, 'Budeşti', 41),
(13101, 'Creţeştii de Sus', 41),
(13102, 'Satu Nou', 41),
(13103, 'Bereasa', 41),
(13104, 'Boţoaia', 41),
(13105, 'Emil Racoviţă', 41),
(13106, 'Răşcani', 41),
(13107, 'Tătărăni', 41),
(13108, 'Bulboaca', 41),
(13109, 'Moreni', 41),
(13110, 'Zizinca', 41),
(13111, 'Albeşti', 41),
(13112, 'Băleşti', 41),
(13113, 'Cozmeşti', 41),
(13114, 'Fundătura', 41),
(13115, 'Fâstâci', 41),
(13116, 'Hordileşti', 41),
(13117, 'Hârsova', 41),
(13118, 'Mânăstirea', 41),
(13119, 'Răduieşti', 41),
(13120, 'Grumezoaia', 41),
(13121, 'Guşiţei', 41),
(13122, 'Hurdugi', 41),
(13123, 'Plotoneşti', 41),
(13124, 'Urlaţi', 41),
(13125, 'Belzeni', 41),
(13126, 'Botoi', 41),
(13127, 'Băbuţa', 41),
(13128, 'Ciuperca', 41),
(13129, 'Doagele', 41),
(13130, 'Poiana Pietrei', 41),
(13131, 'Popeşti', 41),
(13132, 'Rădeni', 41),
(13133, 'Semenea', 41),
(13134, 'Tuleşti', 41),
(13135, 'Vladia', 41),
(13136, 'Albiţa', 41),
(13137, 'Băile Drânceni', 41),
(13138, 'Ghermăneşti', 41),
(13139, 'Râşeşti', 41),
(13140, 'Şopârleni', 41),
(13141, 'Bobeşti', 41),
(13142, 'Duda', 41),
(13143, 'Epureni', 41),
(13144, 'Valea Grecului', 41),
(13145, 'Dumeştii Vechi', 41),
(13146, 'Schinetea', 41),
(13147, 'Valea Mare', 41),
(13148, 'Bursuci', 41),
(13149, 'Bârlăleşti', 41),
(13150, 'Horga', 41),
(13151, 'Bogdăneşti', 41),
(13152, 'Bozia', 41),
(13153, 'Copăceana', 41),
(13154, 'Odaia Bogdana', 41),
(13155, 'Rânzeşti', 41),
(13156, 'Giurcani', 41),
(13157, 'Peicani', 41),
(13158, 'Popeni', 41),
(13159, 'Tupilaţi', 41),
(13160, 'Dumbrăveni', 41),
(13161, 'Racova', 41),
(13162, 'Racoviţa', 41),
(13163, 'Slobozia', 41),
(13164, 'Trohan', 41),
(13165, 'Chetrosu', 41),
(13166, 'Corodeşti', 41),
(13167, 'Dragomăneşti', 41),
(13168, 'Drăxeni', 41),
(13169, 'Lazu', 41),
(13170, 'Lunca', 41),
(13171, 'Soci', 41),
(13172, 'Valea Lupului', 41),
(13173, 'Fruntişeni', 41),
(13174, 'Grăjdeni', 41),
(13175, 'Odaia Bursucani', 41),
(13176, 'Trestiana', 41),
(13177, 'Barboşi', 41),
(13178, 'Deleni', 41),
(13179, 'Oţeleni', 41),
(13180, 'Rediu', 41),
(13181, 'Tomşa', 41),
(13182, 'Şişcani', 41),
(13183, 'Hălăreşti', 41),
(13184, 'Recea', 41),
(13185, 'Siliştea', 41),
(13186, 'Vadurile', 41),
(13187, 'Mânzaţi', 41),
(13188, 'Puţu Olarului', 41),
(13189, 'Albina', 41),
(13190, 'Bleşca', 41),
(13191, 'Broşteni', 41),
(13192, 'Buscata', 41),
(13193, 'Coşca', 41),
(13194, 'Coşeşti', 41),
(13195, 'Fundătura Mare', 41),
(13196, 'Fundătura Mică', 41),
(13197, 'Hârşoveni', 41),
(13198, 'Iezerel', 41),
(13199, 'Ursoaia', 41),
(13200, 'Valea Mare', 41),
(13201, 'Valea Oanei', 41),
(13202, 'Belceşti', 41),
(13203, 'Pogoneşti', 41),
(13204, 'Polocin', 41),
(13205, 'Bejeneşti', 41),
(13206, 'Poiana lui Alexa', 41),
(13207, 'Puşcaşi', 41),
(13208, 'Râşniţa', 41),
(13209, 'Sauca', 41),
(13210, 'Teişoru', 41),
(13211, 'Valea Târgului', 41),
(13212, 'Chiţoc', 41),
(13213, 'Corbu', 41),
(13214, 'Căpuşneni', 41),
(13215, 'Fundu Văii', 41),
(13216, 'Broscoşeşti', 41),
(13217, 'Condrea', 41),
(13218, 'Focşa', 41),
(13219, 'Lunca Veche', 41),
(13220, 'Oţetoaia', 41),
(13221, 'Răducani', 41),
(13222, 'Ghireasca', 41),
(13223, 'Lupeşti', 41),
(13224, 'Mânzăteşti', 41),
(13225, 'Mânăstirea', 41),
(13226, 'Ţuţcani', 41),
(13227, 'Chirceşti', 41),
(13228, 'Popeşti', 41),
(13229, 'Băcăoani', 41),
(13230, 'Mânjeşti', 41),
(13231, 'Secuia', 41),
(13232, 'Cârja', 41),
(13233, 'Floreni', 41),
(13234, 'Lăţeşti', 41),
(13235, 'Raiu', 41),
(13236, 'Schineni', 41),
(13237, 'Sărăţeni', 41),
(13238, 'Cioatele', 41),
(13239, 'Căzăneşti', 41),
(13240, 'Glodeni', 41),
(13241, 'Parpaniţa', 41),
(13242, 'Poiana', 41),
(13243, 'Valea Mare', 41),
(13244, 'Curteni', 41),
(13245, 'Pâhna', 41),
(13246, 'Târzii', 41),
(13247, 'Vineţeşti', 41),
(13248, 'Zgura', 41),
(13249, 'Buda', 41),
(13250, 'Pădureni', 41),
(13251, 'Vâlcele', 41),
(13252, 'Căpoteşti', 41),
(13253, 'Davideşti', 41),
(13254, 'Ivăneşti', 41),
(13255, 'Leoşti', 41),
(13256, 'Rusca', 41),
(13257, 'Todireni', 41),
(13258, 'Văleni', 41),
(13259, 'Ciocani', 41),
(13260, 'Crâng', 41),
(13261, 'Crângu Nou', 41),
(13262, 'Podu Petriş', 41),
(13263, 'Bogeşti', 41),
(13264, 'Cârjoani', 41),
(13265, 'Măscurei', 41),
(13266, 'Tomeşti', 41),
(13267, 'Dealu Secării', 41),
(13268, 'Floreşti', 41),
(13269, 'Frasinu', 41),
(13270, 'Fundu Văii', 41),
(13271, 'Oprişiţa', 41),
(13272, 'Poieneşti-Deal', 41),
(13273, 'Bărtăluş-Mocani', 41),
(13274, 'Bărtăluş-Răzeşi', 41),
(13275, 'Cetăţuia', 41),
(13276, 'Cristeşti', 41),
(13277, 'Călimăneşti', 41),
(13278, 'Fulgu', 41),
(13279, 'Fântânele', 41),
(13280, 'Gâlţeşti', 41),
(13281, 'Iezer', 41),
(13282, 'Lăleşti', 41),
(13283, 'Rotari', 41),
(13284, 'Ruşi', 41),
(13285, 'Armăşoaia', 41),
(13286, 'Curseşti-Deal', 41),
(13287, 'Curseşti-Vale', 41),
(13288, 'Hordila', 41),
(13289, 'Rapşa', 41),
(13290, 'Siliştea', 41),
(13291, 'Stejaru', 41),
(13292, 'Toporăşti', 41),
(13293, 'Bolaţi', 41),
(13294, 'Crăciuneşti', 41),
(13295, 'Draxeni', 41),
(13296, 'Măcreşti', 41),
(13297, 'Rateşu Cuzei', 41),
(13298, 'Sasova', 41),
(13299, 'Tatomireşti', 41),
(13300, 'Tufeştii de Jos', 41),
(13301, 'Codreni', 41),
(13302, 'Gara Roşieşti', 41),
(13303, 'Gura Idrici', 41),
(13304, 'Idrici', 41),
(13305, 'Rediu', 41),
(13306, 'Valea lui Darie', 41),
(13307, 'Bouşori', 41),
(13308, 'Iaz', 41),
(13309, 'Satu Nou', 41),
(13310, 'Valea Siliştei', 41),
(13311, 'Şerboteşti', 41),
(13312, 'Ştioborăni', 41),
(13313, 'Bogdana-Voloseni', 41),
(13314, 'Budu Cantemir', 41),
(13315, 'Chersăcosu', 41),
(13316, 'Gura Văii', 41),
(13317, 'Pogăneşti', 41),
(13318, 'Săratu', 41),
(13319, 'Brăhăşoaia', 41),
(13320, 'Bârzeşti', 41),
(13321, 'Călugăreni', 41),
(13322, 'Cănţălăreşti', 41),
(13323, 'Munteneşti', 41),
(13324, 'Mărăşeni', 41),
(13325, 'Fedeşti', 41),
(13326, 'Jigălia', 41),
(13327, 'Răşcani', 41),
(13328, 'Cujba', 41),
(13329, 'Dumasca', 41),
(13330, 'Focşeaşca', 41),
(13331, 'Mirceşti', 41),
(13332, 'Protopopeşti', 41),
(13333, 'Sofieni', 41),
(13334, 'Beneşti', 41),
(13335, 'Muntenii de Sus', 41),
(13336, 'Satu Nou', 41),
(13337, 'Bălţaţi', 41),
(13338, 'Crăsnăşeni', 41),
(13339, 'Giurgeşti', 41),
(13340, 'Leoşti', 41),
(13341, 'Mantu', 41),
(13342, 'Stroieşti', 41),
(13343, 'Valea Seacă', 41),
(13344, 'Valea lui Bosie', 41),
(13345, 'Cotic', 41),
(13346, 'Drăgeşti', 41),
(13347, 'Huc', 41),
(13348, 'Plopoasa', 41),
(13349, 'Rafaila', 41),
(13350, 'Siliştea', 41),
(13351, 'Sofroneşti', 41),
(13352, 'Valea Popii', 41),
(13353, 'Viişoara', 41),
(13354, 'Borodeşti', 41),
(13355, 'Bădeana', 41),
(13356, 'Ciortolom', 41),
(13357, 'Coroiu', 41),
(13358, 'Criveşti', 41),
(13359, 'Pochidia', 41),
(13360, 'Satu Nou', 41),
(13361, 'Sălceni', 41),
(13362, 'Vizureni', 41),
(13363, 'Fereşti', 41),
(13364, 'Moara Domnească', 41),
(13365, 'Bahnari', 41),
(13366, 'Brodoc', 41),
(13367, 'Moara Grecilor', 41),
(13368, 'Rediu', 41),
(13369, 'Viişoara', 41),
(13370, 'Bumbăta', 41),
(13371, 'Dodeşti', 41),
(13372, 'Halta Dodeşti', 41),
(13373, 'Urdeşti', 41),
(13374, 'Viltoteşti', 41),
(13375, 'Văleni', 41),
(13376, 'Brădeşti', 41),
(13377, 'Docani', 41),
(13378, 'Docăneasa', 41),
(13379, 'Gara Docăneasa', 41),
(13380, 'Gara Tălăşman', 41),
(13381, 'Obârşeni', 41),
(13382, 'Valea Lungă', 41),
(13383, 'Avrămeşti', 41),
(13384, 'Bănceşti', 41),
(13385, 'Corobăneşti', 41),
(13386, 'Gârdeşti', 41),
(13387, 'Mărăşeşti', 41),
(13388, 'Obârşeni', 41),
(13389, 'Obârşenii Lingurari', 41),
(13390, 'Rugăria', 41),
(13391, 'Stâncăşeni', 41),
(13392, 'Uricari', 41),
(13393, 'Buhăieşti', 41),
(13394, 'Podeni', 41),
(13395, 'Voineşti', 41),
(13396, 'Mălăieşti', 41),
(13397, 'Poşta Elan', 41),
(13398, 'Butucăria', 41),
(13399, 'Ciofeni', 41),
(13400, 'Delea', 41),
(13401, 'Dobrosloveşti', 41),
(13402, 'Măcreşti', 41),
(13403, 'Portari', 41),
(13404, 'Telejna', 41),
(13405, 'Unceşti', 41),
(13406, 'Dealu Mare', 41),
(13407, 'Popeni', 41),
(13408, 'Simila', 41),
(13409, 'Adjud', 42),
(13410, 'Andreiaşu de Jos', 42),
(13411, 'Bogheşti', 42),
(13412, 'Boloteşti', 42),
(13413, 'Bordeşti', 42),
(13414, 'Broşteni', 42),
(13415, 'Bârseşti', 42),
(13416, 'Băleşti', 42),
(13417, 'Chiojdeni', 42),
(13418, 'Ciorăşti', 42),
(13419, 'Corbiţa', 42),
(13420, 'Coteşti', 42),
(13421, 'Câmpineanca', 42),
(13422, 'Câmpuri', 42),
(13423, 'Cârligele', 42),
(13424, 'Dumbrăveni', 42),
(13425, 'Dumitreşti', 42);
INSERT INTO `valuation_city` (`id`, `name`, `area_id`) VALUES
(13426, 'Fitioneşti', 42),
(13427, 'Focşani', 42),
(13428, 'Garoafa', 42),
(13429, 'Goleşti', 42),
(13430, 'Gugeşti', 42),
(13431, 'Gura Caliţei', 42),
(13432, 'Homocea', 42),
(13433, 'Jariştea', 42),
(13434, 'Jitia', 42),
(13435, 'Mera', 42),
(13436, 'Milcovul', 42),
(13437, 'Moviliţa', 42),
(13438, 'Măicăneşti', 42),
(13439, 'Mărăşeşti', 42),
(13440, 'Negrileşti', 42),
(13441, 'Nereju', 42),
(13442, 'Nistoreşti', 42),
(13443, 'Năneşti', 42),
(13444, 'Năruja', 42),
(13445, 'Odobeşti', 42),
(13446, 'Paltin', 42),
(13447, 'Panciu', 42),
(13448, 'Ploscuţeni', 42),
(13449, 'Poiana Cristei', 42),
(13450, 'Popeşti', 42),
(13451, 'Pufeşti', 42),
(13452, 'Păuleşti', 42),
(13453, 'Păuneşti', 42),
(13454, 'Reghiu', 42),
(13455, 'Rugineşti', 42),
(13456, 'Răcoasa', 42),
(13457, 'Sihlea', 42),
(13458, 'Slobozia Bradului', 42),
(13459, 'Slobozia Ciorăşti', 42),
(13460, 'Străoane', 42),
(13461, 'Suraia', 42),
(13462, 'Tulnici', 42),
(13463, 'Tâmboeşti', 42),
(13464, 'Tănăsoaia', 42),
(13465, 'Tătăranu', 42),
(13466, 'Urecheşti', 42),
(13467, 'Valea Sării', 42),
(13468, 'Vidra', 42),
(13469, 'Vintileasca', 42),
(13470, 'Vrâncioaia', 42),
(13471, 'Vulturu', 42),
(13472, 'Vânători', 42),
(13473, 'Vârteşcoiu', 42),
(13474, 'Ţifeşti', 42),
(13475, 'Adjudu Vechi', 42),
(13476, 'Burcioaia', 42),
(13477, 'Şişcani', 42),
(13478, 'Andreiaşu de Sus', 42),
(13479, 'Arşiţa', 42),
(13480, 'Fetig', 42),
(13481, 'Hotaru', 42),
(13482, 'Răchitaşu', 42),
(13483, 'Titila', 42),
(13484, 'Topeşti', 42),
(13485, 'Bicheşti', 42),
(13486, 'Bogheştii de Sus', 42),
(13487, 'Chiţcani', 42),
(13488, 'Iugani', 42),
(13489, 'Pleşeşti', 42),
(13490, 'Plăcinţeni', 42),
(13491, 'Prisecani', 42),
(13492, 'Tăbuceşti', 42),
(13493, 'Găgeşti', 42),
(13494, 'Ivănceşti', 42),
(13495, 'Pietroasa', 42),
(13496, 'Putna', 42),
(13497, 'Vităneştii de Sub Măgură', 42),
(13498, 'Bordeştii de Jos', 42),
(13499, 'Arva', 42),
(13500, 'Pituluşa', 42),
(13501, 'Pietroasa', 42),
(13502, 'Vâlcele', 42),
(13503, 'Feteşti', 42),
(13504, 'Gura Văii', 42),
(13505, 'Rotileştii Mari', 42),
(13506, 'Rotileştii Mici', 42),
(13507, 'Blidari', 42),
(13508, 'Bonţeşti', 42),
(13509, 'Dălhăuţi', 42),
(13510, 'Cătăuţi', 42),
(13511, 'Lojniţa', 42),
(13512, 'Luncile', 42),
(13513, 'Mărăcini', 42),
(13514, 'Podurile', 42),
(13515, 'Seciu', 42),
(13516, 'Tulburea', 42),
(13517, 'Codreşti', 42),
(13518, 'Mihălceni', 42),
(13519, 'Salcia Nouă', 42),
(13520, 'Salcia Veche', 42),
(13521, 'Satu Nou', 42),
(13522, 'Spătăreasa', 42),
(13523, 'Buda', 42),
(13524, 'Izvoarele', 42),
(13525, 'Lărgăşeni', 42),
(13526, 'Ocheşeşti', 42),
(13527, 'Rădăcineşti', 42),
(13528, 'Tuţu', 42),
(13529, 'Vâlcelele', 42),
(13530, 'Şerbăneşti', 42),
(13531, 'Budeşti', 42),
(13532, 'Goleştii de Sus', 42),
(13533, 'Valea Coteşti', 42),
(13534, 'Alexandru Vlahuţă', 42),
(13535, 'Cândeşti', 42),
(13536, 'Dragosloveni', 42),
(13537, 'Biceştii de Jos', 42),
(13538, 'Biceştii de Sus', 42),
(13539, 'Blidari', 42),
(13540, 'Dumitreştii de Sus', 42),
(13541, 'Dumitreştii-Faţă', 42),
(13542, 'Găloieşti', 42),
(13543, 'Lupoaia', 42),
(13544, 'Lăstuni', 42),
(13545, 'Motnău', 42),
(13546, 'Poieniţa', 42),
(13547, 'Roşcari', 42),
(13548, 'Siminoc', 42),
(13549, 'Tinoasa', 42),
(13550, 'Trestia', 42),
(13551, 'Valea Mică', 42),
(13552, 'Ciolăneşti', 42),
(13553, 'Ghimiceşti', 42),
(13554, 'Holbăneşti', 42),
(13555, 'Mănăstioara', 42),
(13556, 'Mândreşti-Moldova', 42),
(13557, 'Mândreşti-Munteni', 42),
(13558, 'Bizigheşti', 42),
(13559, 'Ciuşlea', 42),
(13560, 'Doaga', 42),
(13561, 'Făurei', 42),
(13562, 'Precistanu', 42),
(13563, 'Răchitosu', 42),
(13564, 'Străjescu', 42),
(13565, 'Ceardac', 42),
(13566, 'Oreavu', 42),
(13567, 'Bălăneşti', 42),
(13568, 'Cocoşari', 42),
(13569, 'Dealul Lung', 42),
(13570, 'Groapa Tufei', 42),
(13571, 'Lacu lui Baban', 42),
(13572, 'Plopu', 42),
(13573, 'Poenile', 42),
(13574, 'Raşca', 42),
(13575, 'Şotârcari', 42),
(13576, 'Costişa', 42),
(13577, 'Lespezi', 42),
(13578, 'Pădureni', 42),
(13579, 'Scânteia', 42),
(13580, 'Vărsătura', 42),
(13581, 'Cerbu', 42),
(13582, 'Dealu Sării', 42),
(13583, 'Jitia de Jos', 42),
(13584, 'Măgura', 42),
(13585, 'Belciugele', 42),
(13586, 'Râmniceni', 42),
(13587, 'Slobozia Boteşti', 42),
(13588, 'Stupina', 42),
(13589, 'Tătaru', 42),
(13590, 'Călimăneşti', 42),
(13591, 'Haret', 42),
(13592, 'Modruzeni', 42),
(13593, 'Pădureni', 42),
(13594, 'Siretu', 42),
(13595, 'Tişiţa', 42),
(13596, 'Livada', 42),
(13597, 'Milcovel', 42),
(13598, 'Roşioara', 42),
(13599, 'Vulcăneasa', 42),
(13600, 'Gologanu', 42),
(13601, 'Lămoteşti', 42),
(13602, 'Răstoaca', 42),
(13603, 'Diocheţirediu', 42),
(13604, 'Frecăţei', 42),
(13605, 'Trotuşanu', 42),
(13606, 'Văleni', 42),
(13607, 'Călienii Noi', 42),
(13608, 'Călienii Vechi', 42),
(13609, 'Podu Nărujei', 42),
(13610, 'Podu Stoica', 42),
(13611, 'Rebegari', 42),
(13612, 'Brădăceşti', 42),
(13613, 'Chiricani', 42),
(13614, 'Nereju Mic', 42),
(13615, 'Sahastru', 42),
(13616, 'Brădetu', 42),
(13617, 'Bâtcari', 42),
(13618, 'Făgetu', 42),
(13619, 'Podu Şchiopului', 42),
(13620, 'Romăneşti', 42),
(13621, 'Ungureni', 42),
(13622, 'Valea Neagră', 42),
(13623, 'Vetreşti-Herăstrău', 42),
(13624, 'Unirea', 42),
(13625, 'Carşocheşti-Corăbiţa', 42),
(13626, 'Ghebari', 42),
(13627, 'Morăreşti', 42),
(13628, 'Prahuda', 42),
(13629, 'Păvălari', 42),
(13630, 'Spulber', 42),
(13631, 'Tojanii de Jos', 42),
(13632, 'Tojanii de Sus', 42),
(13633, 'Vâlcani', 42),
(13634, 'Ţepa', 42),
(13635, 'Ţipău', 42),
(13636, 'Crucea de Jos', 42),
(13637, 'Crucea de Sus', 42),
(13638, 'Dumbrava', 42),
(13639, 'Neicu', 42),
(13640, 'Satu Nou', 42),
(13641, 'Hăulişca', 42),
(13642, 'Viişoara', 42),
(13643, 'Argea', 42),
(13644, 'Dealu Cucului', 42),
(13645, 'Dumbrava', 42),
(13646, 'Mahriu', 42),
(13647, 'Odobasca', 42),
(13648, 'Petreanu', 42),
(13649, 'Podu Lacului', 42),
(13650, 'Târâtu', 42),
(13651, 'Tercheşti', 42),
(13652, 'Ciorani', 42),
(13653, 'Domneşti-Sat', 42),
(13654, 'Domneşti-Târg', 42),
(13655, 'Gogoiu', 42),
(13656, 'Mărăşti', 42),
(13657, 'Varniţa', 42),
(13658, 'Verdea', 42),
(13659, 'Farcaş', 42),
(13660, 'Jgheaburi', 42),
(13661, 'Piscu Reghiului', 42),
(13662, 'Răiuţi', 42),
(13663, 'Ursoaia', 42),
(13664, 'Valea Milcovului', 42),
(13665, 'Şindrilari', 42),
(13666, 'Angheleşti', 42),
(13667, 'Copăceşti', 42),
(13668, 'Văleni', 42),
(13669, 'Bogza', 42),
(13670, 'Căiata', 42),
(13671, 'Voetin', 42),
(13672, 'Cornetu', 42),
(13673, 'Coroteni', 42),
(13674, 'Lieşti', 42),
(13675, 'Olăreni', 42),
(13676, 'Valea Beciului', 42),
(13677, 'Armeni', 42),
(13678, 'Jilişte', 42),
(13679, 'Dragosloveni', 42),
(13680, 'Rucăreni', 42),
(13681, 'Muncelu', 42),
(13682, 'Repedea', 42),
(13683, 'Văleni', 42),
(13684, 'Bilieşti', 42),
(13685, 'Obrejiţa', 42),
(13686, 'Pietroasa', 42),
(13687, 'Pădureni', 42),
(13688, 'Slimnic', 42),
(13689, 'Trestieni', 42),
(13690, 'Costişa', 42),
(13691, 'Costişa de Sus', 42),
(13692, 'Covrag', 42),
(13693, 'Călimăneasa', 42),
(13694, 'Feldioara', 42),
(13695, 'Galbeni', 42),
(13696, 'Năneşti', 42),
(13697, 'Vladnicu de Jos', 42),
(13698, 'Vladnicu de Sus', 42),
(13699, 'Bordeasca Nouă', 42),
(13700, 'Bordeasca Veche', 42),
(13701, 'Mărtineşti', 42),
(13702, 'Vâjâitoarea', 42),
(13703, 'Bătineşti', 42),
(13704, 'Clipiceşti', 42),
(13705, 'Igeşti', 42),
(13706, 'Oleşeşti', 42),
(13707, 'Pătrăşcani', 42),
(13708, 'Sârbi', 42),
(13709, 'Vităneşti', 42),
(13710, 'Coza', 42),
(13711, 'Gresu', 42),
(13712, 'Lepşa', 42),
(13713, 'Colacu', 42),
(13714, 'Mătăcina', 42),
(13715, 'Poduri', 42),
(13716, 'Prisaca', 42),
(13717, 'Balta Raţei', 42),
(13718, 'Jorăşti', 42),
(13719, 'Mirceştii Noi', 42),
(13720, 'Mirceştii Vechi', 42),
(13721, 'Petreşti', 42),
(13722, 'Răduleşti', 42),
(13723, 'Beciu', 42),
(13724, 'Faraoanele', 42),
(13725, 'Olteni', 42),
(13726, 'Pietroasa', 42),
(13727, 'Râmniceanca', 42),
(13728, 'Burca', 42),
(13729, 'Ireşti', 42),
(13730, 'Ruget', 42),
(13731, 'Scafari', 42),
(13732, 'Tichiriş', 42),
(13733, 'Viişoara', 42),
(13734, 'Voloşcani', 42),
(13735, 'Şerbeşti', 42),
(13736, 'Bahnele', 42),
(13737, 'După Măgura', 42),
(13738, 'Neculele', 42),
(13739, 'Poiana Stoichii', 42),
(13740, 'Tănăsari', 42),
(13741, 'Livezile', 42),
(13742, 'Mesteacănu', 42),
(13743, 'Piscu Radului', 42),
(13744, 'Vizantea Mănăstirească', 42),
(13745, 'Vizantea Răzăşească', 42),
(13746, 'Bodeşti', 42),
(13747, 'Muncei', 42),
(13748, 'Ploştina', 42),
(13749, 'Poiana', 42),
(13750, 'Spineşti', 42),
(13751, 'Boţârlău', 42),
(13752, 'Hânguleşti', 42),
(13753, 'Maluri', 42),
(13754, 'Vadu Roşca', 42),
(13755, 'Adjud', 42),
(13756, 'Andreiaşu de Jos', 42),
(13757, 'Bogheşti', 42),
(13758, 'Boloteşti', 42),
(13759, 'Bordeşti', 42),
(13760, 'Broşteni', 42),
(13761, 'Bârseşti', 42),
(13762, 'Băleşti', 42),
(13763, 'Chiojdeni', 42),
(13764, 'Ciorăşti', 42),
(13765, 'Corbiţa', 42),
(13766, 'Coteşti', 42),
(13767, 'Câmpineanca', 42),
(13768, 'Câmpuri', 42),
(13769, 'Cârligele', 42),
(13770, 'Dumbrăveni', 42),
(13771, 'Dumitreşti', 42),
(13772, 'Fitioneşti', 42),
(13773, 'Focşani', 42),
(13774, 'Garoafa', 42),
(13775, 'Goleşti', 42),
(13776, 'Gugeşti', 42),
(13777, 'Gura Caliţei', 42),
(13778, 'Homocea', 42),
(13779, 'Jariştea', 42),
(13780, 'Jitia', 42),
(13781, 'Mera', 42),
(13782, 'Milcovul', 42),
(13783, 'Moviliţa', 42),
(13784, 'Măicăneşti', 42),
(13785, 'Mărăşeşti', 42),
(13786, 'Negrileşti', 42),
(13787, 'Nereju', 42),
(13788, 'Nistoreşti', 42),
(13789, 'Năneşti', 42),
(13790, 'Năruja', 42),
(13791, 'Odobeşti', 42),
(13792, 'Paltin', 42),
(13793, 'Panciu', 42),
(13794, 'Ploscuţeni', 42),
(13795, 'Poiana Cristei', 42),
(13796, 'Popeşti', 42),
(13797, 'Pufeşti', 42),
(13798, 'Păuleşti', 42),
(13799, 'Păuneşti', 42),
(13800, 'Reghiu', 42),
(13801, 'Rugineşti', 42),
(13802, 'Răcoasa', 42),
(13803, 'Sihlea', 42),
(13804, 'Slobozia Bradului', 42),
(13805, 'Slobozia Ciorăşti', 42),
(13806, 'Străoane', 42),
(13807, 'Suraia', 42),
(13808, 'Tulnici', 42),
(13809, 'Tâmboeşti', 42),
(13810, 'Tănăsoaia', 42),
(13811, 'Tătăranu', 42),
(13812, 'Urecheşti', 42),
(13813, 'Valea Sării', 42),
(13814, 'Vidra', 42),
(13815, 'Vintileasca', 42),
(13816, 'Vrâncioaia', 42),
(13817, 'Vulturu', 42),
(13818, 'Vânători', 42),
(13819, 'Vârteşcoiu', 42),
(13820, 'Ţifeşti', 42),
(13821, 'Adjudu Vechi', 42),
(13822, 'Burcioaia', 42),
(13823, 'Şişcani', 42),
(13824, 'Andreiaşu de Sus', 42),
(13825, 'Arşiţa', 42),
(13826, 'Fetig', 42),
(13827, 'Hotaru', 42),
(13828, 'Răchitaşu', 42),
(13829, 'Titila', 42),
(13830, 'Topeşti', 42),
(13831, 'Bicheşti', 42),
(13832, 'Bogheştii de Sus', 42),
(13833, 'Chiţcani', 42),
(13834, 'Iugani', 42),
(13835, 'Pleşeşti', 42),
(13836, 'Plăcinţeni', 42),
(13837, 'Prisecani', 42),
(13838, 'Tăbuceşti', 42),
(13839, 'Găgeşti', 42),
(13840, 'Ivănceşti', 42),
(13841, 'Pietroasa', 42),
(13842, 'Putna', 42),
(13843, 'Vităneştii de Sub Măgură', 42),
(13844, 'Bordeştii de Jos', 42),
(13845, 'Arva', 42),
(13846, 'Pituluşa', 42),
(13847, 'Pietroasa', 42),
(13848, 'Vâlcele', 42),
(13849, 'Feteşti', 42),
(13850, 'Gura Văii', 42),
(13851, 'Rotileştii Mari', 42),
(13852, 'Rotileştii Mici', 42),
(13853, 'Blidari', 42),
(13854, 'Bonţeşti', 42),
(13855, 'Dălhăuţi', 42),
(13856, 'Cătăuţi', 42),
(13857, 'Lojniţa', 42),
(13858, 'Luncile', 42),
(13859, 'Mărăcini', 42),
(13860, 'Podurile', 42),
(13861, 'Seciu', 42),
(13862, 'Tulburea', 42),
(13863, 'Codreşti', 42),
(13864, 'Mihălceni', 42),
(13865, 'Salcia Nouă', 42),
(13866, 'Salcia Veche', 42),
(13867, 'Satu Nou', 42),
(13868, 'Spătăreasa', 42),
(13869, 'Buda', 42),
(13870, 'Izvoarele', 42),
(13871, 'Lărgăşeni', 42),
(13872, 'Ocheşeşti', 42),
(13873, 'Rădăcineşti', 42),
(13874, 'Tuţu', 42),
(13875, 'Vâlcelele', 42),
(13876, 'Şerbăneşti', 42),
(13877, 'Budeşti', 42),
(13878, 'Goleştii de Sus', 42),
(13879, 'Valea Coteşti', 42),
(13880, 'Alexandru Vlahuţă', 42),
(13881, 'Cândeşti', 42),
(13882, 'Dragosloveni', 42),
(13883, 'Biceştii de Jos', 42),
(13884, 'Biceştii de Sus', 42),
(13885, 'Blidari', 42),
(13886, 'Dumitreştii de Sus', 42),
(13887, 'Dumitreştii-Faţă', 42),
(13888, 'Găloieşti', 42),
(13889, 'Lupoaia', 42),
(13890, 'Lăstuni', 42),
(13891, 'Motnău', 42),
(13892, 'Poieniţa', 42),
(13893, 'Roşcari', 42),
(13894, 'Siminoc', 42),
(13895, 'Tinoasa', 42),
(13896, 'Trestia', 42),
(13897, 'Valea Mică', 42),
(13898, 'Ciolăneşti', 42),
(13899, 'Ghimiceşti', 42),
(13900, 'Holbăneşti', 42),
(13901, 'Mănăstioara', 42),
(13902, 'Mândreşti-Moldova', 42),
(13903, 'Mândreşti-Munteni', 42),
(13904, 'Bizigheşti', 42),
(13905, 'Ciuşlea', 42),
(13906, 'Doaga', 42),
(13907, 'Făurei', 42),
(13908, 'Precistanu', 42),
(13909, 'Răchitosu', 42),
(13910, 'Străjescu', 42),
(13911, 'Ceardac', 42),
(13912, 'Oreavu', 42),
(13913, 'Bălăneşti', 42),
(13914, 'Cocoşari', 42),
(13915, 'Dealul Lung', 42),
(13916, 'Groapa Tufei', 42),
(13917, 'Lacu lui Baban', 42),
(13918, 'Plopu', 42),
(13919, 'Poenile', 42),
(13920, 'Raşca', 42),
(13921, 'Şotârcari', 42),
(13922, 'Costişa', 42),
(13923, 'Lespezi', 42),
(13924, 'Pădureni', 42),
(13925, 'Scânteia', 42),
(13926, 'Vărsătura', 42),
(13927, 'Cerbu', 42),
(13928, 'Dealu Sării', 42),
(13929, 'Jitia de Jos', 42),
(13930, 'Măgura', 42),
(13931, 'Belciugele', 42),
(13932, 'Râmniceni', 42),
(13933, 'Slobozia Boteşti', 42),
(13934, 'Stupina', 42),
(13935, 'Tătaru', 42),
(13936, 'Călimăneşti', 42),
(13937, 'Haret', 42),
(13938, 'Modruzeni', 42),
(13939, 'Pădureni', 42),
(13940, 'Siretu', 42),
(13941, 'Tişiţa', 42),
(13942, 'Livada', 42),
(13943, 'Milcovel', 42),
(13944, 'Roşioara', 42),
(13945, 'Vulcăneasa', 42),
(13946, 'Gologanu', 42),
(13947, 'Lămoteşti', 42),
(13948, 'Răstoaca', 42),
(13949, 'Diocheţirediu', 42),
(13950, 'Frecăţei', 42),
(13951, 'Trotuşanu', 42),
(13952, 'Văleni', 42),
(13953, 'Călienii Noi', 42),
(13954, 'Călienii Vechi', 42),
(13955, 'Podu Nărujei', 42),
(13956, 'Podu Stoica', 42),
(13957, 'Rebegari', 42),
(13958, 'Brădăceşti', 42),
(13959, 'Chiricani', 42),
(13960, 'Nereju Mic', 42),
(13961, 'Sahastru', 42),
(13962, 'Brădetu', 42),
(13963, 'Bâtcari', 42),
(13964, 'Făgetu', 42),
(13965, 'Podu Şchiopului', 42),
(13966, 'Romăneşti', 42),
(13967, 'Ungureni', 42),
(13968, 'Valea Neagră', 42),
(13969, 'Vetreşti-Herăstrău', 42),
(13970, 'Unirea', 42),
(13971, 'Carşocheşti-Corăbiţa', 42),
(13972, 'Ghebari', 42),
(13973, 'Morăreşti', 42),
(13974, 'Prahuda', 42),
(13975, 'Păvălari', 42),
(13976, 'Spulber', 42),
(13977, 'Tojanii de Jos', 42),
(13978, 'Tojanii de Sus', 42),
(13979, 'Vâlcani', 42),
(13980, 'Ţepa', 42),
(13981, 'Ţipău', 42),
(13982, 'Crucea de Jos', 42),
(13983, 'Crucea de Sus', 42),
(13984, 'Dumbrava', 42),
(13985, 'Neicu', 42),
(13986, 'Satu Nou', 42),
(13987, 'Hăulişca', 42),
(13988, 'Viişoara', 42),
(13989, 'Argea', 42),
(13990, 'Dealu Cucului', 42),
(13991, 'Dumbrava', 42),
(13992, 'Mahriu', 42),
(13993, 'Odobasca', 42),
(13994, 'Petreanu', 42),
(13995, 'Podu Lacului', 42),
(13996, 'Târâtu', 42),
(13997, 'Tercheşti', 42),
(13998, 'Ciorani', 42),
(13999, 'Domneşti-Sat', 42),
(14000, 'Domneşti-Târg', 42),
(14001, 'Gogoiu', 42),
(14002, 'Mărăşti', 42),
(14003, 'Varniţa', 42),
(14004, 'Verdea', 42),
(14005, 'Farcaş', 42),
(14006, 'Jgheaburi', 42),
(14007, 'Piscu Reghiului', 42),
(14008, 'Răiuţi', 42),
(14009, 'Ursoaia', 42),
(14010, 'Valea Milcovului', 42),
(14011, 'Şindrilari', 42),
(14012, 'Angheleşti', 42),
(14013, 'Copăceşti', 42),
(14014, 'Văleni', 42),
(14015, 'Bogza', 42),
(14016, 'Căiata', 42),
(14017, 'Voetin', 42),
(14018, 'Cornetu', 42),
(14019, 'Coroteni', 42),
(14020, 'Lieşti', 42),
(14021, 'Olăreni', 42),
(14022, 'Valea Beciului', 42),
(14023, 'Armeni', 42),
(14024, 'Jilişte', 42),
(14025, 'Dragosloveni', 42),
(14026, 'Rucăreni', 42),
(14027, 'Muncelu', 42),
(14028, 'Repedea', 42),
(14029, 'Văleni', 42),
(14030, 'Bilieşti', 42),
(14031, 'Obrejiţa', 42),
(14032, 'Pietroasa', 42),
(14033, 'Pădureni', 42),
(14034, 'Slimnic', 42),
(14035, 'Trestieni', 42),
(14036, 'Costişa', 42),
(14037, 'Costişa de Sus', 42),
(14038, 'Covrag', 42),
(14039, 'Călimăneasa', 42),
(14040, 'Feldioara', 42),
(14041, 'Galbeni', 42),
(14042, 'Năneşti', 42),
(14043, 'Vladnicu de Jos', 42),
(14044, 'Vladnicu de Sus', 42),
(14045, 'Bordeasca Nouă', 42),
(14046, 'Bordeasca Veche', 42),
(14047, 'Mărtineşti', 42),
(14048, 'Vâjâitoarea', 42),
(14049, 'Bătineşti', 42),
(14050, 'Clipiceşti', 42),
(14051, 'Igeşti', 42),
(14052, 'Oleşeşti', 42),
(14053, 'Pătrăşcani', 42),
(14054, 'Sârbi', 42),
(14055, 'Vităneşti', 42),
(14056, 'Coza', 42),
(14057, 'Gresu', 42),
(14058, 'Lepşa', 42),
(14059, 'Colacu', 42),
(14060, 'Mătăcina', 42),
(14061, 'Poduri', 42),
(14062, 'Prisaca', 42),
(14063, 'Balta Raţei', 42),
(14064, 'Jorăşti', 42),
(14065, 'Mirceştii Noi', 42),
(14066, 'Mirceştii Vechi', 42),
(14067, 'Petreşti', 42),
(14068, 'Răduleşti', 42),
(14069, 'Beciu', 42),
(14070, 'Faraoanele', 42),
(14071, 'Olteni', 42),
(14072, 'Pietroasa', 42),
(14073, 'Râmniceanca', 42),
(14074, 'Burca', 42),
(14075, 'Ireşti', 42),
(14077, 'Scafari', 42),
(14078, 'Tichiriş', 42),
(14079, 'Viişoara', 42),
(14080, 'Voloşcani', 42),
(14081, 'Şerbeşti', 42),
(14082, 'Bahnele', 42),
(14083, 'După Măgura', 42),
(14084, 'Neculele', 42),
(14085, 'Poiana Stoichii', 42),
(14086, 'Tănăsari', 42),
(14087, 'Livezile', 42),
(14088, 'Mesteacănu', 42),
(14089, 'Piscu Radului', 42),
(14090, 'Vizantea Mănăstirească', 42),
(14091, 'Vizantea Răzăşească', 42),
(14092, 'Bodeşti', 42),
(14093, 'Muncei', 42),
(14094, 'Ploştina', 42),
(14095, 'Poiana', 42),
(14096, 'Spineşti', 42),
(14097, 'Boţârlău', 42),
(14098, 'Hânguleşti', 42),
(14099, 'Maluri', 42),
(14100, 'Vadu Roşca', 42);

-- --------------------------------------------------------

--
-- Table structure for table `valuation_clousertype`
--

CREATE TABLE `valuation_clousertype` (
  `id` bigint(20) NOT NULL,
  `type` varchar(255) NOT NULL
) ENGINE=InnoDB DEFAULT CHARSET=utf8mb4;

--
-- Dumping data for table `valuation_clousertype`
--

INSERT INTO `valuation_clousertype` (`id`, `type`) VALUES
(1, 'Zidarie Caramida'),
(2, 'Zidarie BCA');

-- --------------------------------------------------------

--
-- Table structure for table `valuation_comparableproperty`
--

CREATE TABLE `valuation_comparableproperty` (
  `id` bigint(20) NOT NULL,
  `is_comparable` tinyint(1) NOT NULL,
  `sale_price` decimal(10,2) DEFAULT NULL,
  `ma` decimal(10,2) DEFAULT NULL,
  `parking_boxa` varchar(155) DEFAULT NULL,
  `pba` decimal(10,2) DEFAULT NULL,
  `ad` varchar(55) DEFAULT NULL,
  `fc` varchar(55) DEFAULT NULL,
  `sc` varchar(55) DEFAULT NULL,
  `ape` varchar(55) DEFAULT NULL,
  `me` varchar(55) DEFAULT NULL,
  `lc` varchar(255) DEFAULT NULL,
  `cp` varchar(55) DEFAULT NULL,
  `cy` varchar(10) DEFAULT NULL,
  `area` decimal(10,2) DEFAULT NULL,
  `etaj` varchar(55) DEFAULT NULL,
  `balcon` decimal(10,2) DEFAULT NULL,
  `opt1_name` varchar(55) DEFAULT NULL,
  `opt2_name` varchar(55) DEFAULT NULL,
  `opt3_name` varchar(55) DEFAULT NULL,
  `opt1_val` varchar(55) DEFAULT NULL,
  `finish` varchar(55) DEFAULT NULL,
  `hs` varchar(55) DEFAULT NULL,
  `mobila` varchar(55) DEFAULT NULL,
  `pr` varchar(55) DEFAULT NULL,
  `ref_no_id` bigint(20) DEFAULT NULL,
  `opt2_val` varchar(55) DEFAULT NULL,
  `opt3_val` varchar(55) DEFAULT NULL
) ENGINE=InnoDB DEFAULT CHARSET=utf8mb4;

--
-- Dumping data for table `valuation_comparableproperty`
--

INSERT INTO `valuation_comparableproperty` (`id`, `is_comparable`, `sale_price`, `ma`, `parking_boxa`, `pba`, `ad`, `fc`, `sc`, `ape`, `me`, `lc`, `cp`, `cy`, `area`, `etaj`, `balcon`, `opt1_name`, `opt2_name`, `opt3_name`, `opt1_val`, `finish`, `hs`, `mobila`, `pr`, `ref_no_id`, `opt2_val`, `opt3_val`) VALUES
(5, 0, NULL, NULL, NULL, NULL, NULL, 'Normale', 'Independente', 'Da', 'August 2021', '59/4/1 west raza bazar', 'Decomandat', '2008', '80.90', '8/S+P+11E', '11.87', 'Parking', 'Boxa', 'Camara', 'Da 2 subterane', 'Medii', 'Centrala termica proprie', NULL, 'Deplin', 4, 'Da', 'Nu'),
(6, 1, '64000.00', '-3000.00', '1 locuri de parcare interioare/exterioare si 1 boxe ', '-15000.00', 'Oferta', 'Normale', 'Independente', 'Da', 'August 2021', '59/4/1 west raza bazar', 'Decomandat', '2013', '69.00', '1/P+4E', '3.00', 'Parking', 'Boxa', 'Camara', 'Nu', 'Medii', 'Termoficare', 'Nemobilat', 'Deplin', NULL, 'Nu', 'Nu'),
(7, 1, '64000.00', '-3000.00', '1 locuri de parcare interioare/exterioare', '-5000.00', 'Oferta', 'Normale', 'Independente', 'Da', 'August 2021', '59/4/1 west raza bazar', 'Decomandat', '2007', '71.71', '1/P+4E', '18.79', 'Parking', 'Boxa', 'Camara', 'Nu', 'Medii', 'Termoficare', 'Nemobilat', 'Deplin', NULL, 'Nu', 'Nu'),
(8, 1, '59500.00', '-3000.00', '1 boxe ', '-1000.00', 'Oferta', 'Normale', 'Independente', 'Da', 'August 2021', '59/4/1 west raza bazar', 'Decomandat', '2008', '65.00', '3/P+4E', '9.00', 'Parking', 'Boxa', 'Camara', 'Nu', 'Medii', 'Termoficare', 'Nemobilat', 'Deplin', NULL, 'Nu', 'Nu');

-- --------------------------------------------------------

--
-- Table structure for table `valuation_comparabletable`
--

CREATE TABLE `valuation_comparabletable` (
  `id` bigint(20) NOT NULL,
  `comparable` longtext DEFAULT NULL,
  `name` longtext DEFAULT NULL,
  `op` longtext DEFAULT NULL,
  `margin` longtext DEFAULT NULL,
  `cv` longtext DEFAULT NULL,
  `mp` longtext DEFAULT NULL,
  `motivation` longtext DEFAULT NULL,
  `pr_percent` longtext DEFAULT NULL,
  `pr_euro` longtext DEFAULT NULL,
  `pr_price` longtext DEFAULT NULL,
  `pr_motivation` longtext DEFAULT NULL,
  `fc_percent` longtext DEFAULT NULL,
  `fc_euro` longtext DEFAULT NULL,
  `fc_price` longtext DEFAULT NULL,
  `fc_motivation` longtext DEFAULT NULL,
  `sc_percent` longtext DEFAULT NULL,
  `sc_euro` longtext DEFAULT NULL,
  `sc_price` longtext DEFAULT NULL,
  `sc_motivation` longtext DEFAULT NULL,
  `ape_percent` longtext DEFAULT NULL,
  `ape_euro` longtext DEFAULT NULL,
  `ape_price` longtext DEFAULT NULL,
  `ape_motivation` longtext DEFAULT NULL,
  `me_percent` longtext DEFAULT NULL,
  `me_euro` longtext DEFAULT NULL,
  `me_price` longtext DEFAULT NULL,
  `me_motivation` longtext DEFAULT NULL,
  `lc_percent` longtext DEFAULT NULL,
  `lc_euro` longtext DEFAULT NULL,
  `lc_motivation` longtext DEFAULT NULL,
  `cp_percent` longtext DEFAULT NULL,
  `cp_euro` longtext DEFAULT NULL,
  `cp_motivation` longtext DEFAULT NULL,
  `cy_percent` longtext DEFAULT NULL,
  `cy_euro` longtext DEFAULT NULL,
  `cy_motivation` longtext DEFAULT NULL,
  `su_diff` longtext DEFAULT NULL,
  `su_percent` longtext DEFAULT NULL,
  `su_euro` longtext DEFAULT NULL,
  `su_motivation` longtext DEFAULT NULL,
  `finish_percent` longtext DEFAULT NULL,
  `finish_euro` longtext DEFAULT NULL,
  `finish_motivation` longtext DEFAULT NULL,
  `etaj_percent` longtext DEFAULT NULL,
  `etaj_euro` longtext DEFAULT NULL,
  `etaj_motivation` longtext DEFAULT NULL,
  `balcon_percent` longtext DEFAULT NULL,
  `balcon_euro` longtext DEFAULT NULL,
  `balcon_motivation` longtext DEFAULT NULL,
  `hs_percent` longtext DEFAULT NULL,
  `hs_euro` longtext DEFAULT NULL,
  `hs_motivation` longtext DEFAULT NULL,
  `opt1_percent` longtext DEFAULT NULL,
  `opt1_euro` longtext DEFAULT NULL,
  `opt1_motivation` longtext DEFAULT NULL,
  `opt2_percent` longtext DEFAULT NULL,
  `opt2_euro` longtext DEFAULT NULL,
  `opt2_motivation` longtext DEFAULT NULL,
  `opt3_percent` longtext DEFAULT NULL,
  `opt3_euro` longtext DEFAULT NULL,
  `opt3_motivation` longtext DEFAULT NULL,
  `net_adjustment` longtext DEFAULT NULL,
  `adjustment_price` longtext DEFAULT NULL,
  `adjustment_no` longtext DEFAULT NULL,
  `total_percent` longtext DEFAULT NULL,
  `total_euro` longtext DEFAULT NULL,
  `gross_percent` longtext DEFAULT NULL,
  `gross_euro` longtext DEFAULT NULL,
  `estimated_value` decimal(10,2) DEFAULT NULL,
  `smallest_gross` varchar(15) DEFAULT NULL,
  `ref_no_id` bigint(20) NOT NULL,
  `price_persqm` decimal(10,2) DEFAULT NULL
) ENGINE=InnoDB DEFAULT CHARSET=utf8mb4;

--
-- Dumping data for table `valuation_comparabletable`
--

INSERT INTO `valuation_comparabletable` (`id`, `comparable`, `name`, `op`, `margin`, `cv`, `mp`, `motivation`, `pr_percent`, `pr_euro`, `pr_price`, `pr_motivation`, `fc_percent`, `fc_euro`, `fc_price`, `fc_motivation`, `sc_percent`, `sc_euro`, `sc_price`, `sc_motivation`, `ape_percent`, `ape_euro`, `ape_price`, `ape_motivation`, `me_percent`, `me_euro`, `me_price`, `me_motivation`, `lc_percent`, `lc_euro`, `lc_motivation`, `cp_percent`, `cp_euro`, `cp_motivation`, `cy_percent`, `cy_euro`, `cy_motivation`, `su_diff`, `su_percent`, `su_euro`, `su_motivation`, `finish_percent`, `finish_euro`, `finish_motivation`, `etaj_percent`, `etaj_euro`, `etaj_motivation`, `balcon_percent`, `balcon_euro`, `balcon_motivation`, `hs_percent`, `hs_euro`, `hs_motivation`, `opt1_percent`, `opt1_euro`, `opt1_motivation`, `opt2_percent`, `opt2_euro`, `opt2_motivation`, `opt3_percent`, `opt3_euro`, `opt3_motivation`, `net_adjustment`, `adjustment_price`, `adjustment_no`, `total_percent`, `total_euro`, `gross_percent`, `gross_euro`, `estimated_value`, `smallest_gross`, `ref_no_id`, `price_persqm`) VALUES
(1, '[6, 7, 8]', 'ABC', '[\'46000\', \'56000\', \'55500\']', '[\'-3\', \'-3\', \'-3\']', '[\'-1380\', \'-1680\', \'-1665\']', '[\'44620\', \'54320\', \'53835\']', 'Ca urmare a discutiilor avute cu proprietarii/agentii, am aplicat o ajustare negativa de 3% pentru toate comparabilele, reprezentand marja de negociere. Aceasta a fost obtinuta prin aplicarea analizei datelor secundare rezultand in urma prelucrarii informatiilor obtinute de la ofertanti si agenti imobiliari.', '[\'5\', \'0\', \'0\']', '[\'2231\', \'0\', \'0\']', '[\'46851\', \'54320\', \'53835\']', 'Nu au fost necesare ajustari.   ', '[\'0\', \'0\', \'0\']', '[\'0\', \'0\', \'0\']', '[\'46851\', \'54320\', \'53835\']', 'Nu au fost necesare ajustari.   ', '[\'0\', \'0\', \'0\']', '[\'0\', \'0\', \'0\']', '[\'46851\', \'54320\', \'53835\']', 'Nu au fost necesare ajustari.   ', '[\'0\', \'0\', \'0\']', '[\'0\', \'0\', \'0\']', '[\'46851\', \'54320\', \'53835\']', 'Nu au fost necesare ajustari.   ', '[\'0\', \'0\', \'0\']', '[\'0\', \'0\', \'0\']', '[\'46851\', \'54320\', \'53835\']', 'Nu au fost necesare ajustari.   ', '[\'0\', \'0\', \'0\']', '[\'0\', \'0\', \'0\']', 'Nu au fost necesare ajustari.   ', '[\'-2\', \'0\', \'-2\']', '[\'-937\', \'0\', \'-1077\']', 'Ajustari negative comparabilelor A si C deoarece aceastea sunt decomandate, compartimentare apreciata mai mult de catre piata.', '[\'0\', \'0\', \'0\']', '[\'0\', \'0\', \'0\']', 'Nu au fost necesare ajustari.   ', '[\'11.90\', \'9.19\', \'15.90\']', '[\'17\', \'13\', \'24\']', '[\'8080\', \'6961\', \'13169\']', 'Am determinat diferenta dintre suprafata utila a proprietatii subiect si suprafetele utile ale proprietatilor comparabile. Pentru a estima ajustarile in acest caz, diferentele de suprafete au fost inmultite cu pretul pe mp al fiecarei proprietati comparabile.', '[\'0\', \'0\', \'0\']', '[\'0\', \'0\', \'0\']', 'Ajustari negative comparabilelor A si C deoarece acestea dispun de un nivel de finisare mai bun.', '[\'0\', \'0\', \'0\']', '[\'0\', \'0\', \'0\']', 'Nu au fost necesare ajustari.   ', '[\'4\', \'-3\', \'1\']', '[\'1774\', \'-1384\', \'574\']', 'Am aplicat ajustari tuturor comparabilelor considerand un pret de piata de 200 euro / mp balcon.', '[\'0\', \'0\', \'0\']', '[\'0\', \'0\', \'0\']', 'Nu au fost necesare ajustari.   ', '[\'43\', \'37\', \'37\']', '[\'20000\', \'20000\', \'20000\']', 'Nu au fost necesare ajustari.   ', '[\'0\', \'0\', \'0\']', '[\'0\', \'0\', \'0\']', 'Nu au fost necesare ajustari.   ', '[\'0\', \'0\', \'0\']', '[\'0\', \'0\', \'0\']', 'Nu au fost necesare ajustari.   ', '[\'28917\', \'25577\', \'32666\']', '[\'75768\', \'79897\', \'86501\']', '[\'5\', \'3\', \'4\']', '[\'70\', \'47\', \'61\']', '[\'31148\', \'25577\', \'32666\']', '[\'74.0\', \'52.2\', \'64.7\']', '[\'33022\', \'28345\', \'34820\']', '80000.00', 'ID-2', 4, '200.00');

-- --------------------------------------------------------

--
-- Table structure for table `valuation_compartimentare`
--

CREATE TABLE `valuation_compartimentare` (
  `id` bigint(20) NOT NULL,
  `name` varchar(255) DEFAULT NULL,
  `property_type_id` bigint(20) DEFAULT NULL
) ENGINE=InnoDB DEFAULT CHARSET=utf8mb4;

--
-- Dumping data for table `valuation_compartimentare`
--

INSERT INTO `valuation_compartimentare` (`id`, `name`, `property_type_id`) VALUES
(1, 'Dormitor', 1),
(2, 'Baie', 1),
(3, 'Sufragerie', 1),
(4, 'Dining', 1),
(5, 'Hol', 1),
(6, 'Bucatarie', 1),
(7, 'Balcon', 1),
(9, 'Parcare suprateran', 1),
(10, 'Parcare subteran', 1),
(11, 'Boxa', 1);

-- --------------------------------------------------------

--
-- Table structure for table `valuation_compartimentarevalue`
--

CREATE TABLE `valuation_compartimentarevalue` (
  `id` bigint(20) NOT NULL,
  `attr_value` varchar(10) DEFAULT NULL,
  `attr_id_id` bigint(20) NOT NULL,
  `ref_no_id` bigint(20) NOT NULL
) ENGINE=InnoDB DEFAULT CHARSET=utf8mb4;

--
-- Dumping data for table `valuation_compartimentarevalue`
--

INSERT INTO `valuation_compartimentarevalue` (`id`, `attr_value`, `attr_id_id`, `ref_no_id`) VALUES
(17, '3', 1, 3),
(18, '2', 2, 3),
(19, '1', 3, 3),
(20, '1', 4, 3),
(21, '1', 6, 3),
(22, '2', 7, 3),
(23, '1', 9, 3),
(24, '2', 11, 3),
(25, '3', 1, 4),
(26, '2', 2, 4),
(27, '1', 3, 4),
(28, '1', 4, 4),
(29, '1', 5, 4),
(30, '1', 6, 4),
(31, '2', 7, 4),
(32, '1', 9, 4),
(33, '1', 10, 4),
(34, '2', 11, 4);

-- --------------------------------------------------------

--
-- Table structure for table `valuation_compartmenttype`
--

CREATE TABLE `valuation_compartmenttype` (
  `id` bigint(20) NOT NULL,
  `type` varchar(255) NOT NULL
) ENGINE=InnoDB DEFAULT CHARSET=utf8mb4;

--
-- Dumping data for table `valuation_compartmenttype`
--

INSERT INTO `valuation_compartmenttype` (`id`, `type`) VALUES
(1, 'Decomandat'),
(2, 'Semidecomandat'),
(3, 'Neecomandat'),
(4, 'Circular');

-- --------------------------------------------------------

--
-- Table structure for table `valuation_conformtype`
--

CREATE TABLE `valuation_conformtype` (
  `id` bigint(20) NOT NULL,
  `type` varchar(255) NOT NULL
) ENGINE=InnoDB DEFAULT CHARSET=utf8mb4;

--
-- Dumping data for table `valuation_conformtype`
--

INSERT INTO `valuation_conformtype` (`id`, `type`) VALUES
(1, 'Inspectiei'),
(2, 'Certificatului de performanta energetica'),
(3, 'Procesului verbal de receptie la terminarea lucrarilor'),
(4, 'Planului de amplasament si de mutare a imobilului');

-- --------------------------------------------------------

--
-- Table structure for table `valuation_construction`
--

CREATE TABLE `valuation_construction` (
  `id` bigint(20) NOT NULL,
  `walls` longtext DEFAULT NULL,
  `interior_carpentry` varchar(500) DEFAULT NULL,
  `ceiling` varchar(500) DEFAULT NULL,
  `exterior_finishes` longtext DEFAULT NULL,
  `exterior_carpentry` longtext DEFAULT NULL,
  `invelitoare_id` bigint(20) DEFAULT NULL,
  `comments` longtext DEFAULT NULL,
  `closure_id` bigint(20) DEFAULT NULL,
  `conform_id` bigint(20) DEFAULT NULL,
  `finish_id` bigint(20) DEFAULT NULL,
  `foundation_id` bigint(20) DEFAULT NULL,
  `ref_no_id` bigint(20) NOT NULL,
  `roof_id` bigint(20) DEFAULT NULL,
  `structure_id` bigint(20) DEFAULT NULL,
  `subcompartment_id` bigint(20) DEFAULT NULL,
  `floors_id` bigint(20) DEFAULT NULL,
  `conform_text` varchar(500) DEFAULT NULL,
  `dotari` longtext DEFAULT NULL,
  `ef_choice` varchar(55) DEFAULT NULL,
  `pardoseli` longtext DEFAULT NULL,
  `suprafete` longtext DEFAULT NULL,
  `totala` decimal(10,2) NOT NULL,
  `utila` decimal(10,2) NOT NULL
) ENGINE=InnoDB DEFAULT CHARSET=utf8mb4;

--
-- Dumping data for table `valuation_construction`
--

INSERT INTO `valuation_construction` (`id`, `walls`, `interior_carpentry`, `ceiling`, `exterior_finishes`, `exterior_carpentry`, `invelitoare_id`, `comments`, `closure_id`, `conform_id`, `finish_id`, `foundation_id`, `ref_no_id`, `roof_id`, `structure_id`, `subcompartment_id`, `floors_id`, `conform_text`, `dotari`, `ef_choice`, `pardoseli`, `suprafete`, `totala`, `utila`) VALUES
(2, 'The walls are finished with plasters covered with washable paint in most rooms, more a little in the bathrooms and in the kitchen where they are partially tiled.', 'Interior carpentry is made of wood.', 'It is finished with plasters covered with washable paint', 'Exterior finishes are good and consist of smooth decorative plasters', 'The exterior carpentry is made of PVC with double glazing. The access door is metallic.', 1, '', 1, 1, 1, 2, 3, 2, 1, 2, NULL, NULL, NULL, NULL, NULL, NULL, '98.00', '67.00'),
(3, 'The walls are finished with plasters covered with washable paint in most rooms, more a little in the bathrooms and in the kitchen where they are partially tiled.', 'Interior carpentry is made of wood.', 'It is finished with plasters covered with washable paint', 'Finisajele exterioare sunt medii si constau in tencuieli driscuite decorative', 'The exterior carpentry is made of PVC with double glazing. The access door is metallic.', 1, 'Apartamentul este mobilat, in prezentul raport de evaluare nu se iau in considerare elementele non-imobiliare, acestea nu influenteaza concluzia asupra valorii proprietatii.', 1, 2, 1, 2, 4, 2, 2, 2, 1, 'Conform inspectiei, constructia are un regim de intaltime 8/S+P+11E si a fost edificata in anul 2008', 'Dotari Suplimentare, Sistem de Incalzire si mentiuni', 'medii', 'Pardoseli placate cu gresie in bai, balcoane si bucatarie, placate cu parchet laminat \r\nin restul incaperilor.', 'Urmatoarele suprafete au fost determinate utilizand documentatia pusa la dispozitie – Extras de carte funciara si releveul avizat. Determinarea suprafetelor luate in calcul in evaluare s-a făcut pe baza suprafetelor masurate, conform paragrafului 23 din GEV 630 :', '75.00', '65.00'),
(4, 'Pereti', 'Interior carpentry is made of wood.', 'It is finished with plasters covered with washable paint', 'Finisajele exterioare sunt medii si constau in tencuieli driscuite decorative', 'Tamplarie exterioara *', 2, '', 1, 3, 1, 1, 3, 1, 2, 2, 2, 'Conform inspectiei, constructia are un regim de intaltime 8/S+P+11E si a fost edificata in anul 2008', 'Dotari Suplimentare, \r\nSistem de Incalzire si mentiuni *', 'medii', 'Pardoseli', 'Următoarele suprafețe au fost determinate utilizând documentația pusă la dispoziție – Extras de carte funciară si releveul avizat. Determinarea suprafețelor luate în calcul în evaluare s-a făcut pe baza suprafețelor măsurate, conform paragrafului 23 din GEV 630 :', '71.00', '61.00');

-- --------------------------------------------------------

--
-- Table structure for table `valuation_construction_utilities`
--

CREATE TABLE `valuation_construction_utilities` (
  `id` bigint(20) NOT NULL,
  `construction_id` bigint(20) NOT NULL,
  `utility_id` bigint(20) NOT NULL
) ENGINE=InnoDB DEFAULT CHARSET=utf8mb4;

--
-- Dumping data for table `valuation_construction_utilities`
--

INSERT INTO `valuation_construction_utilities` (`id`, `construction_id`, `utility_id`) VALUES
(1, 2, 1),
(2, 2, 2),
(3, 2, 3),
(4, 2, 4),
(5, 3, 1),
(6, 3, 2),
(8, 3, 4),
(9, 4, 1),
(10, 4, 2),
(11, 4, 3),
(12, 4, 4);

-- --------------------------------------------------------

--
-- Table structure for table `valuation_customfieldvalue`
--

CREATE TABLE `valuation_customfieldvalue` (
  `id` bigint(20) NOT NULL,
  `attr_name` varchar(155) DEFAULT NULL,
  `attr_value` varchar(155) DEFAULT NULL,
  `ref_no_id` bigint(20) NOT NULL
) ENGINE=InnoDB DEFAULT CHARSET=utf8mb4;

--
-- Dumping data for table `valuation_customfieldvalue`
--

INSERT INTO `valuation_customfieldvalue` (`id`, `attr_name`, `attr_value`, `ref_no_id`) VALUES
(1, 'Custom field', '2', 3),
(2, 'Custom field 1', '1', 3),
(3, 'Custom field 1', '1', 4),
(4, 'Custom field 2', '1', 4);

-- --------------------------------------------------------

--
-- Table structure for table `valuation_finishtype`
--

CREATE TABLE `valuation_finishtype` (
  `id` bigint(20) NOT NULL,
  `type` varchar(255) NOT NULL
) ENGINE=InnoDB DEFAULT CHARSET=utf8mb4;

--
-- Dumping data for table `valuation_finishtype`
--

INSERT INTO `valuation_finishtype` (`id`, `type`) VALUES
(1, 'Medii'),
(2, 'Bune');

-- --------------------------------------------------------

--
-- Table structure for table `valuation_floortype`
--

CREATE TABLE `valuation_floortype` (
  `id` bigint(20) NOT NULL,
  `type` varchar(255) NOT NULL
) ENGINE=InnoDB DEFAULT CHARSET=utf8mb4;

--
-- Dumping data for table `valuation_floortype`
--

INSERT INTO `valuation_floortype` (`id`, `type`) VALUES
(1, 'Beton armat'),
(2, 'Lemn');

-- --------------------------------------------------------

--
-- Table structure for table `valuation_foundationtype`
--

CREATE TABLE `valuation_foundationtype` (
  `id` bigint(20) NOT NULL,
  `type` varchar(255) NOT NULL
) ENGINE=InnoDB DEFAULT CHARSET=utf8mb4;

--
-- Dumping data for table `valuation_foundationtype`
--

INSERT INTO `valuation_foundationtype` (`id`, `type`) VALUES
(1, 'Continue din beton armat'),
(2, 'Stalpi din beton armat prefabricat'),
(3, 'Grinzi continue sub stalpi'),
(4, 'Tip Radier General'),
(5, 'Pe piloti'),
(6, 'Pe chesoane');

-- --------------------------------------------------------

--
-- Table structure for table `valuation_heatingsystem`
--

CREATE TABLE `valuation_heatingsystem` (
  `id` bigint(20) NOT NULL,
  `name` varchar(255) NOT NULL
) ENGINE=InnoDB DEFAULT CHARSET=utf8mb4;

--
-- Dumping data for table `valuation_heatingsystem`
--

INSERT INTO `valuation_heatingsystem` (`id`, `name`) VALUES
(1, 'Termoficare'),
(2, 'Centrala termica proprie'),
(3, 'Centrala termica a blocului');

-- --------------------------------------------------------

--
-- Table structure for table `valuation_invelitoaretype`
--

CREATE TABLE `valuation_invelitoaretype` (
  `id` bigint(20) NOT NULL,
  `type` varchar(255) NOT NULL
) ENGINE=InnoDB DEFAULT CHARSET=utf8mb4;

--
-- Dumping data for table `valuation_invelitoaretype`
--

INSERT INTO `valuation_invelitoaretype` (`id`, `type`) VALUES
(1, 'Bitum'),
(2, 'Tigla'),
(3, 'Tabla');

-- --------------------------------------------------------

--
-- Table structure for table `valuation_marketanalysis`
--

CREATE TABLE `valuation_marketanalysis` (
  `id` bigint(20) NOT NULL,
  `dps` longtext DEFAULT NULL,
  `area_between` varchar(155) DEFAULT NULL,
  `ac` longtext DEFAULT NULL,
  `zona_type` varchar(155) DEFAULT NULL,
  `af` longtext DEFAULT NULL,
  `const_density` varchar(55) DEFAULT NULL,
  `ebby` varchar(155) DEFAULT NULL,
  `prop_size` varchar(155) DEFAULT NULL,
  `exposure` varchar(155) DEFAULT NULL,
  `spi` longtext DEFAULT NULL,
  `liquidity` varchar(155) DEFAULT NULL,
  `transactions_nr` varchar(155) DEFAULT NULL,
  `exposure_period` varchar(155) DEFAULT NULL,
  `forecast` longtext DEFAULT NULL,
  `minsale_price` decimal(10,2) DEFAULT NULL,
  `maxsale_price` decimal(10,2) DEFAULT NULL,
  `guarantee_risk` longtext DEFAULT NULL,
  `ref_no_id` bigint(20) NOT NULL,
  `ac_optional` longtext DEFAULT NULL
) ENGINE=InnoDB DEFAULT CHARSET=utf8mb4;

--
-- Dumping data for table `valuation_marketanalysis`
--

INSERT INTO `valuation_marketanalysis` (`id`, `dps`, `area_between`, `ac`, `zona_type`, `af`, `const_density`, `ebby`, `prop_size`, `exposure`, `spi`, `liquidity`, `transactions_nr`, `exposure_period`, `forecast`, `minsale_price`, `maxsale_price`, `guarantee_risk`, `ref_no_id`, `ac_optional`) VALUES
(1, 'Piața specifică a proprietății analizate este reprezentată de apartamentele cu 5 camere și suprafețe cuprinse între 95 mp si 155 mp, situate în zona Argeş', '95 mp si 155 mp', NULL, 'medii', NULL, 'medie', '2008', 'medie', '6', NULL, 'medie', 'mediu', 'scurte', NULL, '300.00', '500.00', 'Riscul de garanție este un risc asociat riscului de credit, fiind reprezentat de posibilitatea apariției unor dificultăți legate de valorificarea bunurilor aduse ca garanție în momentul acordării creditului, în situația în care cel care împrumuta nu rambursează creditul și nu platește dobânzile aferente. Evaluarea riscului de garanție se face în functie de valoarea garanțiilor și de rapiditatea posibilității de valorificare a acestora.\r\nÎn acest moment, pe piața imobiliară din zonă, sunt valabile la vânzare mai multe oferte cu proprietăți similare. În condițiile actuale de piață (fluctuații economice importante, criza economică și sanitară la nivel mondial), numărul tranzacțiilor în acest sector este de asteptat sa scadă, iar perioadele de marketabilitate a activelor imobiliare să crească.\r\nAstfel, luând în considerare localizarea și caracteristicile imobilului analizat, apreciem că riscul de garantie este redus, în comparație cu cel al altor clase de active.', 3, NULL),
(2, 'Piata specifica a proprietatii analizate este reprezentata de apartamentele cu 5 camere si suprafete cuprinse intre 95 mp si 155 mp, situate în zona Alba', '95 mp si 155 mp', NULL, 'medium age', NULL, 'mare', '2008', 'medie', '6', NULL, 'buna', 'mediu', 'scurte', NULL, '3000.00', '5000.00', 'Riscul de garantie este un risc asociat riscului de credit, fiind reprezentat de posibilitatea aparitiei unor dificultati legate de valorificarea bunurilor aduse ca garantie in momentul acordarii creditului, in situatia in care cel care imprumuta nu ramburseaza creditul si nu plateste dobanzile aferente. Evaluarea riscului de garantie se face in functie de valoarea garantiilor si de rapiditatea posibilitatii de valorificare a acestora.\r\nIn acest moment, pe piața imobiliara din zona, sunt valabile la vanzare mai multe oferte cu proprietati similare. In conditiile actuale de piata (fluctuatii economice importante, criza economica si sanitara la nivel mondial), numarul tranzactiilor in acest sector este de asteptat sa scada, iar perioadele de marketabilitate a activelor imobiliare sa creasca.\r\nAstfel, lunad in considerare localizarea si caracteristicile imobilului analizat, apreciem ca riscul de garantie este redus, în comparatie cu cel al altor clase de active.', 4, 'Nivelul mai ridicat al veniturilor medii ale populatiei fata de alte zone urbane ale tarii, precum si gradul inalt de ocupare a fortei de munca creeaza premisele mentinerii lichiditatii pietei imobiliare din zona. ');

-- --------------------------------------------------------

--
-- Table structure for table `valuation_mobilatype`
--

CREATE TABLE `valuation_mobilatype` (
  `id` bigint(20) NOT NULL,
  `type` varchar(255) NOT NULL
) ENGINE=InnoDB DEFAULT CHARSET=utf8mb4;

--
-- Dumping data for table `valuation_mobilatype`
--

INSERT INTO `valuation_mobilatype` (`id`, `type`) VALUES
(1, 'Nemobilat'),
(2, 'Partial mobilat'),
(3, 'Complet mobilat');

-- --------------------------------------------------------

--
-- Table structure for table `valuation_mvbtable`
--

CREATE TABLE `valuation_mvbtable` (
  `id` bigint(20) NOT NULL,
  `sub_rent_sqm` varchar(10) DEFAULT NULL,
  `sub_monthly_rent` varchar(10) DEFAULT NULL,
  `sub_vbp` varchar(10) DEFAULT NULL,
  `vpcd` varchar(10) DEFAULT NULL,
  `vpcd_rotund` varchar(10) DEFAULT NULL,
  `monthly_rent` varchar(50) DEFAULT NULL,
  `rent_sqm` varchar(50) DEFAULT NULL,
  `vbp` varchar(50) DEFAULT NULL,
  `mvbp` varchar(50) DEFAULT NULL,
  `min_mvbp` varchar(10) DEFAULT NULL,
  `ref_no_id` bigint(20) NOT NULL
) ENGINE=InnoDB DEFAULT CHARSET=utf8mb4;

--
-- Dumping data for table `valuation_mvbtable`
--

INSERT INTO `valuation_mvbtable` (`id`, `sub_rent_sqm`, `sub_monthly_rent`, `sub_vbp`, `vpcd`, `vpcd_rotund`, `monthly_rent`, `rent_sqm`, `vbp`, `mvbp`, `min_mvbp`, `ref_no_id`) VALUES
(1, '5.4', '437', '5242', '58056', '58000', '[\'366\', \'409\', \'351\']', '[\'5.3\', \'5.7\', \'5.4\']', '[\'4388\', \'4905\', \'4212\']', '[\'10.2\', \'11.1\', \'12.8\']', '11.1', 4);

-- --------------------------------------------------------

--
-- Table structure for table `valuation_photo`
--

CREATE TABLE `valuation_photo` (
  `id` bigint(20) NOT NULL,
  `refer_to` varchar(55) DEFAULT NULL,
  `image_order` int(11) DEFAULT NULL,
  `image` varchar(100) NOT NULL,
  `ref_no_id` bigint(20) NOT NULL
) ENGINE=InnoDB DEFAULT CHARSET=utf8mb4;

--
-- Dumping data for table `valuation_photo`
--

INSERT INTO `valuation_photo` (`id`, `refer_to`, `image_order`, `image`, `ref_no_id`) VALUES
(2, 'cover', 1, 'coverphoto/2021/10/20/summary1.jpg', 4),
(3, 'cover', 4, 'coverphoto/2021/10/20/exterior2.jpg', 4),
(4, 'cover', 3, 'coverphoto/2021/10/20/bedroom3.jpg', 4),
(5, 'cover', 2, 'coverphoto/2021/10/20/bedroom5.jpg', 4),
(6, 'summary', 2, 'coverphoto/2021/10/20/bedroom4.jpg', 4),
(7, 'summary', 4, 'coverphoto/2021/10/20/bedroom2.jpg', 4),
(8, 'summary', 1, 'coverphoto/2021/10/20/bathroom1.jpg', 4),
(9, 'summary', 3, 'coverphoto/2021/10/20/bathroom.jpg', 4),
(15, 'cover', 1, 'coverphoto/2021/11/01/bathroom1_fwH0huc.jpg', 3),
(16, 'cover', 2, 'coverphoto/2021/11/01/exterior1.jpg', 3),
(17, 'cover', 3, 'coverphoto/2021/11/01/bedroom_K5VEzsr.jpg', 3),
(18, 'cover', 3, 'coverphoto/2021/11/01/bedroom1_PVP0oNR.png', 3);

-- --------------------------------------------------------

--
-- Table structure for table `valuation_presentationdata`
--

CREATE TABLE `valuation_presentationdata` (
  `id` bigint(20) NOT NULL,
  `sub_identi` longtext DEFAULT NULL,
  `sp_hypo` longtext DEFAULT NULL,
  `zona` longtext DEFAULT NULL,
  `pt` varchar(155) DEFAULT NULL,
  `poi` varchar(1000) DEFAULT NULL,
  `legal_doc` varchar(1000) DEFAULT NULL,
  `cadastral_no` varchar(155) DEFAULT NULL,
  `land_book_no` varchar(155) DEFAULT NULL,
  `uat` varchar(255) DEFAULT NULL,
  `charges` varchar(155) DEFAULT NULL,
  `sarcini` varchar(55) DEFAULT NULL,
  `current_use` varchar(155) DEFAULT NULL,
  `identification` varchar(155) DEFAULT NULL,
  `access` varchar(255) DEFAULT NULL,
  `history` longtext DEFAULT NULL,
  `ref_no_id` bigint(20) NOT NULL,
  `strada_id` bigint(20) DEFAULT NULL
) ENGINE=InnoDB DEFAULT CHARSET=utf8mb4;

--
-- Dumping data for table `valuation_presentationdata`
--

INSERT INTO `valuation_presentationdata` (`id`, `sub_identi`, `sp_hypo`, `zona`, `pt`, `poi`, `legal_doc`, `cadastral_no`, `land_book_no`, `uat`, `charges`, `sarcini`, `current_use`, `identification`, `access`, `history`, `ref_no_id`, `strada_id`) VALUES
(1, 'Dreptul deplin de proprietate asupra apartamentului cu nr. A8-1 (nr.  25), compus din 5 camere si dependinte cu o suprafata utila de None mp si trei balcoane cu suprafata lor totala de None, rezultand suprafata utila totala de 98.50 mp, impreuna cu dreptul de proprietate asupra cotei indivize de 56.72 mp din partile si dependintele comune ale imobilului si dreptul de proprietate asupra terenului in suprafata de indiviza de 53.59 mp.', 'Deoarece nu a fost pus la dispozitia evaluatorului un Extras de Carte Funciara actualizat, evaluatorul a considerat proprietatea imobiliara subiect libera de sarcini, fiind evaluata in aceasta ipoteza.', 'Microzona din care face parte proprietatea are caracter mixt preponderent rezidențial-comercial. Regimul specific de înălțime al clădirilor este P+4E-P+10E. Drumurile sunt asfaltate. Drumurile din zonă au configurația și capacitatea necesară pentru deservirea în bune condiții a imobilelor adiacente.', '[\'1\', \'2\', \'3\']', 'School,College,Airport', '[\'4\', \'6\']', '123456', '567896', 'Bucharest 1', 'yes', 'sarcini', 'liber', '[\'apii\']', 'something updated', 'Conform contractului de vanzare-cumparare cu incheiere de autentificare nr. 4027 din 21.12.2007, \r\nactualul proprietar a dobandit imobilul in anul 2007 de la S.C PAZO GRUP S.R.L, imobilul fiind \r\nachizitionat la pretul de 228.480 euro echivalentul sumei de 804.249,60 lei la cursul BNR din data \r\ntranzactiei. Acest pret include si dreptul deplin al locului de parcare subteran nr. 34 situat in mun. \r\nBucuresti, sector 2, str. Dinu Vintila nr. 6B, subsolul nr. 2(C9), avand numar cadastral 4145/1/1;-\r\n2;34, in suprafata utila de 16.93 mp ce nu va fi luat in considerare in prezenta evaluare.', 4, 1);

-- --------------------------------------------------------

--
-- Table structure for table `valuation_propertyrighttype`
--

CREATE TABLE `valuation_propertyrighttype` (
  `id` bigint(20) NOT NULL,
  `type` varchar(255) NOT NULL
) ENGINE=InnoDB DEFAULT CHARSET=utf8mb4;

--
-- Dumping data for table `valuation_propertyrighttype`
--

INSERT INTO `valuation_propertyrighttype` (`id`, `type`) VALUES
(1, 'Deplin'),
(2, 'Partial');

-- --------------------------------------------------------

--
-- Table structure for table `valuation_propertytype`
--

CREATE TABLE `valuation_propertytype` (
  `id` bigint(20) NOT NULL,
  `type` varchar(255) NOT NULL
) ENGINE=InnoDB DEFAULT CHARSET=utf8mb4;

--
-- Dumping data for table `valuation_propertytype`
--

INSERT INTO `valuation_propertytype` (`id`, `type`) VALUES
(1, 'Apartamente');

-- --------------------------------------------------------

--
-- Table structure for table `valuation_rooftype`
--

CREATE TABLE `valuation_rooftype` (
  `id` bigint(20) NOT NULL,
  `type` varchar(255) NOT NULL
) ENGINE=InnoDB DEFAULT CHARSET=utf8mb4;

--
-- Dumping data for table `valuation_rooftype`
--

INSERT INTO `valuation_rooftype` (`id`, `type`) VALUES
(1, 'Terasa circulabila'),
(2, 'Terasa necirculabila'),
(3, 'Sarpanta din lemn'),
(4, 'Sarpanta din metal');

-- --------------------------------------------------------

--
-- Table structure for table `valuation_screenshot`
--

CREATE TABLE `valuation_screenshot` (
  `id` bigint(20) NOT NULL,
  `name` varchar(100) DEFAULT NULL,
  `image` varchar(100) NOT NULL
) ENGINE=InnoDB DEFAULT CHARSET=utf8mb4;

--
-- Dumping data for table `valuation_screenshot`
--

INSERT INTO `valuation_screenshot` (`id`, `name`, `image`) VALUES
(1, 'myimg8594.png', 'screenshot/2021/11/04/myimg8594.png'),
(2, 'myimg8197.png', 'screenshot/2021/11/04/myimg8197.png'),
(3, 'myimg3502.png', 'screenshot/2021/11/04/myimg3502.png');

-- --------------------------------------------------------

--
-- Table structure for table `valuation_sourceofinformation`
--

CREATE TABLE `valuation_sourceofinformation` (
  `id` bigint(20) NOT NULL,
  `source` varchar(255) DEFAULT NULL,
  `ref_no_id` bigint(20) NOT NULL
) ENGINE=InnoDB DEFAULT CHARSET=utf8mb4;

--
-- Dumping data for table `valuation_sourceofinformation`
--

INSERT INTO `valuation_sourceofinformation` (`id`, `source`, `ref_no_id`) VALUES
(1, 'Contract de vanzare-cumparare nr 4027 din 21.12.2007', 3),
(4, 'Extras de carte funciara pentru informare nr. 75150 avand numar cerere 332818 din data de 16.08.2010', 4),
(5, 'Releveul apartamentului scara 1:100 avizat ANCPI;', 3),
(6, 'Contract de vanzare-cumparare nr 4027 din 21.12.2007', 4);

-- --------------------------------------------------------

--
-- Table structure for table `valuation_status`
--

CREATE TABLE `valuation_status` (
  `id` bigint(20) NOT NULL,
  `status` varchar(255) NOT NULL
) ENGINE=InnoDB DEFAULT CHARSET=utf8mb4;

--
-- Dumping data for table `valuation_status`
--

INSERT INTO `valuation_status` (`id`, `status`) VALUES
(1, 'In progress'),
(2, 'Completed'),
(3, 'Suspended'),
(4, 'Cancelled');

-- --------------------------------------------------------

--
-- Table structure for table `valuation_stradatype`
--

CREATE TABLE `valuation_stradatype` (
  `id` bigint(20) NOT NULL,
  `type` varchar(255) NOT NULL
) ENGINE=InnoDB DEFAULT CHARSET=utf8mb4;

--
-- Dumping data for table `valuation_stradatype`
--

INSERT INTO `valuation_stradatype` (`id`, `type`) VALUES
(1, 'O banda de circulatie'),
(2, 'Doua benzi de circulatie'),
(3, 'Trei benzi de circulatie');

-- --------------------------------------------------------

--
-- Table structure for table `valuation_structuretype`
--

CREATE TABLE `valuation_structuretype` (
  `id` bigint(20) NOT NULL,
  `type` varchar(255) NOT NULL
) ENGINE=InnoDB DEFAULT CHARSET=utf8mb4;

--
-- Dumping data for table `valuation_structuretype`
--

INSERT INTO `valuation_structuretype` (`id`, `type`) VALUES
(1, 'Zidarie portanta'),
(2, 'Cadre din beton armat'),
(3, 'Cadre de metal'),
(4, 'Diafragme din beton armat'),
(5, 'Lemn'),
(6, 'Mixt – cadre de metal + structura put beton');

-- --------------------------------------------------------

--
-- Table structure for table `valuation_subcompartmenttype`
--

CREATE TABLE `valuation_subcompartmenttype` (
  `id` bigint(20) NOT NULL,
  `type` varchar(255) NOT NULL
) ENGINE=InnoDB DEFAULT CHARSET=utf8mb4;

--
-- Dumping data for table `valuation_subcompartmenttype`
--

INSERT INTO `valuation_subcompartmenttype` (`id`, `type`) VALUES
(1, 'Rigips'),
(2, 'BCA'),
(3, 'Caramida');

-- --------------------------------------------------------

--
-- Table structure for table `valuation_summaryvalue`
--

CREATE TABLE `valuation_summaryvalue` (
  `id` bigint(20) NOT NULL,
  `field_name` varchar(55) DEFAULT NULL,
  `field_value` decimal(10,2) DEFAULT NULL,
  `approache` varchar(55) DEFAULT NULL,
  `summary_id` bigint(20) NOT NULL
) ENGINE=InnoDB DEFAULT CHARSET=utf8mb4;

--
-- Dumping data for table `valuation_summaryvalue`
--

INSERT INTO `valuation_summaryvalue` (`id`, `field_name`, `field_value`, `approache`, `summary_id`) VALUES
(1, 'Loc de parcare', '8000.00', 'market', 3),
(2, 'Boxa', '6000.00', 'market', 3),
(3, 'Boxa', '6000.00', 'market', 3),
(4, 'Loc de parcare', '7000.00', 'income', 3),
(5, 'Boxa', '5000.00', 'income', 3),
(6, 'Boxa', '5000.00', 'income', 3),
(7, 'Parcare suprateran', '10000.00', 'market', 1),
(8, 'Parcare subteran', '10000.00', 'market', 1),
(9, 'Boxa', '5000.00', 'market', 1),
(10, 'Boxa', '5000.00', 'market', 1),
(11, 'Parcare suprateran', '8000.00', 'income', 1),
(12, 'Parcare subteran', '8000.00', 'income', 1),
(13, 'Boxa', '4000.00', 'income', 1),
(14, 'Boxa', '4000.00', 'income', 1);

-- --------------------------------------------------------

--
-- Table structure for table `valuation_suprafete`
--

CREATE TABLE `valuation_suprafete` (
  `id` bigint(20) NOT NULL,
  `room_name` varchar(155) DEFAULT NULL,
  `area` decimal(10,2) DEFAULT NULL,
  `ref_no_id` bigint(20) NOT NULL,
  `nr_crt` varchar(55) DEFAULT NULL,
  `is_utila` tinyint(1) NOT NULL
) ENGINE=InnoDB DEFAULT CHARSET=utf8mb4;

--
-- Dumping data for table `valuation_suprafete`
--

INSERT INTO `valuation_suprafete` (`id`, `room_name`, `area`, `ref_no_id`, `nr_crt`, `is_utila`) VALUES
(1, 'Dormitor 1', '10.00', 3, NULL, 1),
(2, 'Dormitor 2', '9.00', 3, NULL, 1),
(3, 'Dormitor 3', '10.50', 3, NULL, 1),
(4, 'Baie 1', '3.00', 3, NULL, 1),
(5, 'Baie 2', '3.00', 3, NULL, 1),
(6, 'Sufragerie', '12.00', 3, NULL, 1),
(7, 'Dining', '8.00', 3, NULL, 1),
(8, 'Bucatarie', '8.00', 3, NULL, 1),
(9, 'Balcon 1', '3.00', 3, NULL, 0),
(10, 'Balcon 2', '3.00', 3, NULL, 0),
(11, 'Parcare suprateran', '10.00', 3, NULL, 0),
(12, 'Boxa 1', '3.00', 3, NULL, 0),
(13, 'Boxa 2', '2.00', 3, NULL, 0),
(14, 'Dormitor 1', '10.00', 4, '1', 1),
(15, 'Dormitor 2', '11.00', 4, '2', 1),
(16, 'Dormitor 3', '9.00', 4, '3', 1),
(17, 'Baie 1', '3.00', 4, '4', 1),
(18, 'Baie 2', '3.00', 4, '5', 1),
(19, 'Sufragerie', '10.00', 4, '6', 1),
(20, 'Dining', '8.00', 4, '7', 1),
(21, 'Hol', '5.00', 4, '8', 1),
(22, 'Bucatarie', '7.00', 4, '9', 1),
(23, 'Balcon 1', '2.50', 4, '10', 0),
(24, 'Balcon 2', '2.50', 4, '11', 0),
(29, 'Dormitor 1', '10.00', 3, '1', 1),
(30, 'Dormitor 2', '10.00', 3, '2', 1),
(31, 'Dormitor 3', '11.00', 3, '3', 1),
(32, 'Baie 1', '3.00', 3, '4', 1),
(33, 'Baie 2', '3.00', 3, '5', 1),
(34, 'Sufragerie', '10.00', 3, '6', 1),
(35, 'Dining', '7.00', 3, '7', 1),
(36, 'Bucatarie', '7.00', 3, '8', 1),
(37, 'Balcon 1', '2.50', 3, '9', 1),
(38, 'Balcon 2', '2.50', 3, '10', 1),
(39, 'Boxa', '5.00', 3, '11', 1),
(52, 'Boxa', '5.00', 4, '12', 0);

-- --------------------------------------------------------

--
-- Table structure for table `valuation_transport`
--

CREATE TABLE `valuation_transport` (
  `id` bigint(20) NOT NULL,
  `name` varchar(255) NOT NULL
) ENGINE=InnoDB DEFAULT CHARSET=utf8mb4;

--
-- Dumping data for table `valuation_transport`
--

INSERT INTO `valuation_transport` (`id`, `name`) VALUES
(1, 'Metrou'),
(2, 'Tramvai'),
(3, 'Autobuz');

-- --------------------------------------------------------

--
-- Table structure for table `valuation_utility`
--

CREATE TABLE `valuation_utility` (
  `id` bigint(20) NOT NULL,
  `name` varchar(255) NOT NULL
) ENGINE=InnoDB DEFAULT CHARSET=utf8mb4;

--
-- Dumping data for table `valuation_utility`
--

INSERT INTO `valuation_utility` (`id`, `name`) VALUES
(1, 'Natural gas'),
(2, 'Electricity'),
(3, 'Apa'),
(4, 'Sewerage');

-- --------------------------------------------------------

--
-- Table structure for table `valuation_valuatedproperty`
--

CREATE TABLE `valuation_valuatedproperty` (
  `id` bigint(20) NOT NULL,
  `reference_no` varchar(255) DEFAULT NULL,
  `title` varchar(255) DEFAULT NULL,
  `apartment_no` varchar(55) DEFAULT NULL,
  `address` varchar(255) DEFAULT NULL,
  `urbana` varchar(55) DEFAULT NULL,
  `locatie` varchar(55) DEFAULT NULL,
  `latitude` varchar(255) DEFAULT NULL,
  `longitude` varchar(255) DEFAULT NULL,
  `owner` varchar(150) DEFAULT NULL,
  `nume_client` varchar(255) DEFAULT NULL,
  `ct_address` varchar(155) DEFAULT NULL,
  `cui` varchar(50) DEFAULT NULL,
  `report_recipient` varchar(255) DEFAULT NULL,
  `inspection_date` date DEFAULT NULL,
  `valuation_date` date DEFAULT NULL,
  `report_date` date DEFAULT NULL,
  `area_id` bigint(20) DEFAULT NULL,
  `city_id` bigint(20) DEFAULT NULL,
  `compartment_type_id` bigint(20) DEFAULT NULL,
  `evaluator_id` bigint(20) DEFAULT NULL,
  `property_type_id` bigint(20) DEFAULT NULL,
  `status_id` bigint(20) DEFAULT NULL,
  `construction_year` varchar(5) DEFAULT NULL,
  `height` varchar(55) DEFAULT NULL,
  `assigned_to` varchar(55) DEFAULT NULL
) ENGINE=InnoDB DEFAULT CHARSET=utf8mb4;

--
-- Dumping data for table `valuation_valuatedproperty`
--

INSERT INTO `valuation_valuatedproperty` (`id`, `reference_no`, `title`, `apartment_no`, `address`, `urbana`, `locatie`, `latitude`, `longitude`, `owner`, `nume_client`, `ct_address`, `cui`, `report_recipient`, `inspection_date`, `valuation_date`, `report_date`, `area_id`, `city_id`, `compartment_type_id`, `evaluator_id`, `property_type_id`, `status_id`, `construction_year`, `height`, `assigned_to`) VALUES
(3, '00001', NULL, '', 'Millmead Business Center', 'urbana', 'centrala', '44.423973', '26.110179', 'Andre C', 'Andre C', '', '', 'ING Bank', '2021-10-18', NULL, NULL, 3, 1018, 1, NULL, 1, 4, NULL, '1/P+4E', NULL),
(4, '00002', NULL, 'A8-1 (nr.  25)', '59/4/1 west raza bazar', 'urbana', 'centrala', '44.421960', '26.146870', 'Andre C', 'Andre Marin', '', '', 'CEC BANK S.A', '2021-10-20', '2021-11-01', '2021-11-02', 1, 1, 1, 2, 1, 2, NULL, NULL, 'Siddique Naeem');

-- --------------------------------------------------------

--
-- Table structure for table `valuation_valuationapproach`
--

CREATE TABLE `valuation_valuationapproach` (
  `id` bigint(20) NOT NULL,
  `approach` varchar(255) NOT NULL
) ENGINE=InnoDB DEFAULT CHARSET=utf8mb4;

--
-- Dumping data for table `valuation_valuationapproach`
--

INSERT INTO `valuation_valuationapproach` (`id`, `approach`) VALUES
(1, 'Abordare de piață'),
(2, 'Abordarea prin venit');

-- --------------------------------------------------------

--
-- Table structure for table `valuation_valuationpurpose`
--

CREATE TABLE `valuation_valuationpurpose` (
  `id` bigint(20) NOT NULL,
  `purpose` varchar(255) NOT NULL
) ENGINE=InnoDB DEFAULT CHARSET=utf8mb4;

--
-- Dumping data for table `valuation_valuationpurpose`
--

INSERT INTO `valuation_valuationpurpose` (`id`, `purpose`) VALUES
(1, 'Garantare Bancara'),
(2, 'Informativ'),
(3, 'Raportare Financiara');

-- --------------------------------------------------------

--
-- Table structure for table `valuation_valuationsummary`
--

CREATE TABLE `valuation_valuationsummary` (
  `id` bigint(20) NOT NULL,
  `amav` decimal(10,2) DEFAULT NULL,
  `aiav` decimal(10,2) DEFAULT NULL,
  `fer` decimal(10,2) DEFAULT NULL,
  `fer_date` date DEFAULT NULL,
  `valued_property` longtext DEFAULT NULL,
  `purpose_id` bigint(20) DEFAULT NULL,
  `ref_no_id` bigint(20) NOT NULL
) ENGINE=InnoDB DEFAULT CHARSET=utf8mb4;

--
-- Dumping data for table `valuation_valuationsummary`
--

INSERT INTO `valuation_valuationsummary` (`id`, `amav`, `aiav`, `fer`, `fer_date`, `valued_property`, `purpose_id`, `ref_no_id`) VALUES
(1, '180000.00', '160000.00', '4.96', '2021-10-30', 'Dreptul deplin de proprietate asupra apartamentului cu nr. A8-1 (nr.  25), compus din 5 camere si dependinte cu o suprafata utila de 121.63 mp si trei balcoane cu suprafata lor totala de 121.63, rezultand suprafata utila totala de 121.63 mp, impreuna cu dreptul de proprietate asupra cotei indivize de 56.72 mp din partile si dependintele comune ale imobilului si dreptul de proprietate asupra terenului in suprafata de indiviza de 53.59 mp. updated', 2, 4),
(3, '148000.00', '130000.00', '4.94', '2021-10-26', 'Dreptul deplin de proprietate asupra apartamentului cu nr. , compus din 5 camere si dependinte cu o suprafata utila de 121.63 mp si trei balcoane cu suprafata lor totala de 121.63, rezultand suprafata utila totala de 121.63 mp, impreuna cu dreptul de proprietate asupra cotei indivize de 56.72 mp din partile si dependintele comune ale imobilului si dreptul de proprietate asupra terenului in suprafata de indiviza de 53.59 mp.', 1, 3);

-- --------------------------------------------------------

--
-- Table structure for table `valuation_valuationsummary_approach`
--

CREATE TABLE `valuation_valuationsummary_approach` (
  `id` bigint(20) NOT NULL,
  `valuationsummary_id` bigint(20) NOT NULL,
  `valuationapproach_id` bigint(20) NOT NULL
) ENGINE=InnoDB DEFAULT CHARSET=utf8mb4;

--
-- Indexes for dumped tables
--

--
-- Indexes for table `authentication_user`
--
ALTER TABLE `authentication_user`
  ADD PRIMARY KEY (`id`),
  ADD UNIQUE KEY `username` (`username`);

--
-- Indexes for table `authentication_user_groups`
--
ALTER TABLE `authentication_user_groups`
  ADD PRIMARY KEY (`id`),
  ADD UNIQUE KEY `authentication_user_groups_user_id_group_id_8af031ac_uniq` (`user_id`,`group_id`),
  ADD KEY `authentication_user_groups_group_id_6b5c44b7_fk_auth_group_id` (`group_id`);

--
-- Indexes for table `authentication_user_user_permissions`
--
ALTER TABLE `authentication_user_user_permissions`
  ADD PRIMARY KEY (`id`),
  ADD UNIQUE KEY `authentication_user_user_user_id_permission_id_ec51b09f_uniq` (`user_id`,`permission_id`),
  ADD KEY `authentication_user__permission_id_ea6be19a_fk_auth_perm` (`permission_id`);

--
-- Indexes for table `auth_group`
--
ALTER TABLE `auth_group`
  ADD PRIMARY KEY (`id`),
  ADD UNIQUE KEY `name` (`name`);

--
-- Indexes for table `auth_group_permissions`
--
ALTER TABLE `auth_group_permissions`
  ADD PRIMARY KEY (`id`),
  ADD UNIQUE KEY `auth_group_permissions_group_id_permission_id_0cd325b0_uniq` (`group_id`,`permission_id`),
  ADD KEY `auth_group_permissio_permission_id_84c5c92e_fk_auth_perm` (`permission_id`);

--
-- Indexes for table `auth_permission`
--
ALTER TABLE `auth_permission`
  ADD PRIMARY KEY (`id`),
  ADD UNIQUE KEY `auth_permission_content_type_id_codename_01ab375a_uniq` (`content_type_id`,`codename`);

--
-- Indexes for table `dashboard_anexa`
--
ALTER TABLE `dashboard_anexa`
  ADD PRIMARY KEY (`id`),
  ADD KEY `dashboard_anexa_ref_no_id_6c0c2935_fk_dashboard_evaluareform_id` (`ref_no_id`);

--
-- Indexes for table `dashboard_area`
--
ALTER TABLE `dashboard_area`
  ADD PRIMARY KEY (`id`);

--
-- Indexes for table `dashboard_city`
--
ALTER TABLE `dashboard_city`
  ADD PRIMARY KEY (`id`),
  ADD KEY `dashboard_city_area_id_f09c0155_fk_dashboard_area_id` (`area_id`);

--
-- Indexes for table `dashboard_comparableproperty`
--
ALTER TABLE `dashboard_comparableproperty`
  ADD PRIMARY KEY (`id`),
  ADD KEY `dashboard_comparable_ref_no_id_21094c9e_fk_dashboard` (`ref_no_id`);

--
-- Indexes for table `dashboard_comparabletable`
--
ALTER TABLE `dashboard_comparabletable`
  ADD PRIMARY KEY (`id`),
  ADD KEY `dashboard_comparable_ref_no_id_a4fe8a55_fk_dashboard` (`ref_no_id`),
  ADD KEY `dashboard_comparable_comparable_id_e2b516e9_fk_dashboard` (`comparable_id`);

--
-- Indexes for table `dashboard_construction`
--
ALTER TABLE `dashboard_construction`
  ADD PRIMARY KEY (`id`),
  ADD KEY `dashboard_constructi_ref_no_id_be9f1892_fk_dashboard` (`ref_no_id`);

--
-- Indexes for table `dashboard_customfieldfile`
--
ALTER TABLE `dashboard_customfieldfile`
  ADD PRIMARY KEY (`id`),
  ADD KEY `dashboard_customfiel_attr_id_id_74cca1d2_fk_dashboard` (`attr_id_id`),
  ADD KEY `dashboard_customfiel_ref_no_id_35a908a3_fk_dashboard` (`ref_no_id`);

--
-- Indexes for table `dashboard_customfieldvalue`
--
ALTER TABLE `dashboard_customfieldvalue`
  ADD PRIMARY KEY (`id`),
  ADD KEY `dashboard_customfiel_ref_no_id_522675ce_fk_dashboard` (`ref_no_id`);

--
-- Indexes for table `dashboard_evaluareform`
--
ALTER TABLE `dashboard_evaluareform`
  ADD PRIMARY KEY (`id`),
  ADD KEY `dashboard_evaluareform_city_id_59b37203_fk_dashboard_city_id` (`city_id`),
  ADD KEY `dashboard_evaluarefo_valuatate_by_id_f9a79763_fk_authentic` (`valuatate_by_id`);

--
-- Indexes for table `dashboard_marketanalysis`
--
ALTER TABLE `dashboard_marketanalysis`
  ADD PRIMARY KEY (`id`),
  ADD KEY `dashboard_marketanal_ref_no_id_c91f7c17_fk_dashboard` (`ref_no_id`);

--
-- Indexes for table `dashboard_photo`
--
ALTER TABLE `dashboard_photo`
  ADD PRIMARY KEY (`id`),
  ADD KEY `dashboard_photo_ref_no_id_9964edc6_fk_dashboard_evaluareform_id` (`ref_no_id`);

--
-- Indexes for table `dashboard_presentationdata`
--
ALTER TABLE `dashboard_presentationdata`
  ADD PRIMARY KEY (`id`),
  ADD KEY `dashboard_presentati_ref_no_id_def18aca_fk_dashboard` (`ref_no_id`);

--
-- Indexes for table `dashboard_residentialattr`
--
ALTER TABLE `dashboard_residentialattr`
  ADD PRIMARY KEY (`id`);

--
-- Indexes for table `dashboard_residentialattrfile`
--
ALTER TABLE `dashboard_residentialattrfile`
  ADD PRIMARY KEY (`id`),
  ADD KEY `dashboard_residentia_attr_id_id_92cc5b05_fk_dashboard` (`attr_id_id`),
  ADD KEY `dashboard_residentia_ref_no_id_d7052de8_fk_dashboard` (`ref_no_id`);

--
-- Indexes for table `dashboard_residentialattrvalue`
--
ALTER TABLE `dashboard_residentialattrvalue`
  ADD PRIMARY KEY (`id`),
  ADD KEY `dashboard_residentia_attr_id_id_374493da_fk_dashboard` (`attr_id_id`),
  ADD KEY `dashboard_residentia_ref_no_id_453424b7_fk_dashboard` (`ref_no_id`);

--
-- Indexes for table `dashboard_sourceofinformation`
--
ALTER TABLE `dashboard_sourceofinformation`
  ADD PRIMARY KEY (`id`),
  ADD KEY `dashboard_sourceofin_ref_no_id_f1a0e518_fk_dashboard` (`ref_no_id`);

--
-- Indexes for table `dashboard_suprafete`
--
ALTER TABLE `dashboard_suprafete`
  ADD PRIMARY KEY (`id`),
  ADD KEY `dashboard_suprafete_ref_no_id_1ada15e6_fk_dashboard` (`ref_no_id`);

--
-- Indexes for table `dashboard_valuationsummary`
--
ALTER TABLE `dashboard_valuationsummary`
  ADD PRIMARY KEY (`id`),
  ADD KEY `dashboard_valuations_ref_no_id_10e3e0a7_fk_dashboard` (`ref_no_id`);

--
-- Indexes for table `django_admin_log`
--
ALTER TABLE `django_admin_log`
  ADD PRIMARY KEY (`id`),
  ADD KEY `django_admin_log_content_type_id_c4bce8eb_fk_django_co` (`content_type_id`),
  ADD KEY `django_admin_log_user_id_c564eba6_fk_authentication_user_id` (`user_id`);

--
-- Indexes for table `django_content_type`
--
ALTER TABLE `django_content_type`
  ADD PRIMARY KEY (`id`),
  ADD UNIQUE KEY `django_content_type_app_label_model_76bd3d3b_uniq` (`app_label`,`model`);

--
-- Indexes for table `django_migrations`
--
ALTER TABLE `django_migrations`
  ADD PRIMARY KEY (`id`);

--
-- Indexes for table `django_session`
--
ALTER TABLE `django_session`
  ADD PRIMARY KEY (`session_key`),
  ADD KEY `django_session_expire_date_a5c62663` (`expire_date`);

--
-- Indexes for table `valuation_additionalequipment`
--
ALTER TABLE `valuation_additionalequipment`
  ADD PRIMARY KEY (`id`);

--
-- Indexes for table `valuation_anexa1`
--
ALTER TABLE `valuation_anexa1`
  ADD PRIMARY KEY (`id`);

--
-- Indexes for table `valuation_anexa3`
--
ALTER TABLE `valuation_anexa3`
  ADD PRIMARY KEY (`id`);

--
-- Indexes for table `valuation_anexa4`
--
ALTER TABLE `valuation_anexa4`
  ADD PRIMARY KEY (`id`);

--
-- Indexes for table `valuation_area`
--
ALTER TABLE `valuation_area`
  ADD PRIMARY KEY (`id`);

--
-- Indexes for table `valuation_city`
--
ALTER TABLE `valuation_city`
  ADD PRIMARY KEY (`id`),
  ADD KEY `valuation_city_area_id_63d6712a_fk_valuation_area_id` (`area_id`);

--
-- Indexes for table `valuation_clousertype`
--
ALTER TABLE `valuation_clousertype`
  ADD PRIMARY KEY (`id`);

--
-- Indexes for table `valuation_comparableproperty`
--
ALTER TABLE `valuation_comparableproperty`
  ADD PRIMARY KEY (`id`),
  ADD KEY `valuation_comparable_ref_no_id_2b1e1d1d_fk_valuation` (`ref_no_id`);

--
-- Indexes for table `valuation_comparabletable`
--
ALTER TABLE `valuation_comparabletable`
  ADD PRIMARY KEY (`id`),
  ADD KEY `valuation_comparable_ref_no_id_4e3b8b7f_fk_valuation` (`ref_no_id`);

--
-- Indexes for table `valuation_compartimentare`
--
ALTER TABLE `valuation_compartimentare`
  ADD PRIMARY KEY (`id`),
  ADD KEY `valuation_compartime_property_type_id_622a10fa_fk_valuation` (`property_type_id`);

--
-- Indexes for table `valuation_compartimentarevalue`
--
ALTER TABLE `valuation_compartimentarevalue`
  ADD PRIMARY KEY (`id`),
  ADD KEY `valuation_compartime_attr_id_id_34a845d3_fk_valuation` (`attr_id_id`),
  ADD KEY `valuation_compartime_ref_no_id_09d99e96_fk_valuation` (`ref_no_id`);

--
-- Indexes for table `valuation_compartmenttype`
--
ALTER TABLE `valuation_compartmenttype`
  ADD PRIMARY KEY (`id`);

--
-- Indexes for table `valuation_conformtype`
--
ALTER TABLE `valuation_conformtype`
  ADD PRIMARY KEY (`id`);

--
-- Indexes for table `valuation_construction`
--
ALTER TABLE `valuation_construction`
  ADD PRIMARY KEY (`id`),
  ADD KEY `valuation_constructi_closure_id_81e8c4bd_fk_valuation` (`closure_id`),
  ADD KEY `valuation_constructi_conform_id_407ca0cc_fk_valuation` (`conform_id`),
  ADD KEY `valuation_constructi_finish_id_6afa487f_fk_valuation` (`finish_id`),
  ADD KEY `valuation_constructi_foundation_id_45dac7ed_fk_valuation` (`foundation_id`),
  ADD KEY `valuation_constructi_ref_no_id_8cee85c8_fk_valuation` (`ref_no_id`),
  ADD KEY `valuation_construction_roof_id_464fe8da_fk_valuation_rooftype_id` (`roof_id`),
  ADD KEY `valuation_constructi_structure_id_a5511aae_fk_valuation` (`structure_id`),
  ADD KEY `valuation_constructi_subcompartment_id_07d86b9f_fk_valuation` (`subcompartment_id`),
  ADD KEY `valuation_construction_invelitoare_id_25d3a6d4` (`invelitoare_id`),
  ADD KEY `valuation_construction_floors_id_d7611c44` (`floors_id`);

--
-- Indexes for table `valuation_construction_utilities`
--
ALTER TABLE `valuation_construction_utilities`
  ADD PRIMARY KEY (`id`),
  ADD UNIQUE KEY `valuation_construction_u_construction_id_utility__60a1bf4c_uniq` (`construction_id`,`utility_id`),
  ADD KEY `valuation_constructi_utility_id_216b1a2d_fk_valuation` (`utility_id`);

--
-- Indexes for table `valuation_customfieldvalue`
--
ALTER TABLE `valuation_customfieldvalue`
  ADD PRIMARY KEY (`id`),
  ADD KEY `valuation_customfiel_ref_no_id_1faf1e19_fk_valuation` (`ref_no_id`);

--
-- Indexes for table `valuation_finishtype`
--
ALTER TABLE `valuation_finishtype`
  ADD PRIMARY KEY (`id`);

--
-- Indexes for table `valuation_floortype`
--
ALTER TABLE `valuation_floortype`
  ADD PRIMARY KEY (`id`);

--
-- Indexes for table `valuation_foundationtype`
--
ALTER TABLE `valuation_foundationtype`
  ADD PRIMARY KEY (`id`);

--
-- Indexes for table `valuation_heatingsystem`
--
ALTER TABLE `valuation_heatingsystem`
  ADD PRIMARY KEY (`id`);

--
-- Indexes for table `valuation_invelitoaretype`
--
ALTER TABLE `valuation_invelitoaretype`
  ADD PRIMARY KEY (`id`);

--
-- Indexes for table `valuation_marketanalysis`
--
ALTER TABLE `valuation_marketanalysis`
  ADD PRIMARY KEY (`id`),
  ADD KEY `valuation_marketanal_ref_no_id_b4525dcb_fk_valuation` (`ref_no_id`);

--
-- Indexes for table `valuation_mobilatype`
--
ALTER TABLE `valuation_mobilatype`
  ADD PRIMARY KEY (`id`);

--
-- Indexes for table `valuation_mvbtable`
--
ALTER TABLE `valuation_mvbtable`
  ADD PRIMARY KEY (`id`),
  ADD KEY `valuation_mvbtable_ref_no_id_8fdff27f_fk_valuation` (`ref_no_id`);

--
-- Indexes for table `valuation_photo`
--
ALTER TABLE `valuation_photo`
  ADD PRIMARY KEY (`id`),
  ADD KEY `valuation_photo_ref_no_id_79a41814_fk_valuation` (`ref_no_id`);

--
-- Indexes for table `valuation_presentationdata`
--
ALTER TABLE `valuation_presentationdata`
  ADD PRIMARY KEY (`id`),
  ADD KEY `valuation_presentati_ref_no_id_603adfe7_fk_valuation` (`ref_no_id`),
  ADD KEY `valuation_presentati_strada_id_7e08e261_fk_valuation` (`strada_id`);

--
-- Indexes for table `valuation_propertyrighttype`
--
ALTER TABLE `valuation_propertyrighttype`
  ADD PRIMARY KEY (`id`);

--
-- Indexes for table `valuation_propertytype`
--
ALTER TABLE `valuation_propertytype`
  ADD PRIMARY KEY (`id`);

--
-- Indexes for table `valuation_rooftype`
--
ALTER TABLE `valuation_rooftype`
  ADD PRIMARY KEY (`id`);

--
-- Indexes for table `valuation_screenshot`
--
ALTER TABLE `valuation_screenshot`
  ADD PRIMARY KEY (`id`);

--
-- Indexes for table `valuation_sourceofinformation`
--
ALTER TABLE `valuation_sourceofinformation`
  ADD PRIMARY KEY (`id`),
  ADD KEY `valuation_sourceofin_ref_no_id_01eee685_fk_valuation` (`ref_no_id`);

--
-- Indexes for table `valuation_status`
--
ALTER TABLE `valuation_status`
  ADD PRIMARY KEY (`id`);

--
-- Indexes for table `valuation_stradatype`
--
ALTER TABLE `valuation_stradatype`
  ADD PRIMARY KEY (`id`);

--
-- Indexes for table `valuation_structuretype`
--
ALTER TABLE `valuation_structuretype`
  ADD PRIMARY KEY (`id`);

--
-- Indexes for table `valuation_subcompartmenttype`
--
ALTER TABLE `valuation_subcompartmenttype`
  ADD PRIMARY KEY (`id`);

--
-- Indexes for table `valuation_summaryvalue`
--
ALTER TABLE `valuation_summaryvalue`
  ADD PRIMARY KEY (`id`),
  ADD KEY `valuation_summaryval_summary_id_537c90f2_fk_valuation` (`summary_id`);

--
-- Indexes for table `valuation_suprafete`
--
ALTER TABLE `valuation_suprafete`
  ADD PRIMARY KEY (`id`),
  ADD KEY `valuation_suprafete_ref_no_id_c4919441_fk_valuation` (`ref_no_id`);

--
-- Indexes for table `valuation_transport`
--
ALTER TABLE `valuation_transport`
  ADD PRIMARY KEY (`id`);

--
-- Indexes for table `valuation_utility`
--
ALTER TABLE `valuation_utility`
  ADD PRIMARY KEY (`id`);

--
-- Indexes for table `valuation_valuatedproperty`
--
ALTER TABLE `valuation_valuatedproperty`
  ADD PRIMARY KEY (`id`),
  ADD KEY `valuation_valuatedproperty_area_id_97ca31f7_fk_valuation_area_id` (`area_id`),
  ADD KEY `valuation_valuatedproperty_city_id_3fc4425f_fk_valuation_city_id` (`city_id`),
  ADD KEY `valuation_valuatedpr_compartment_type_id_376655d5_fk_valuation` (`compartment_type_id`),
  ADD KEY `valuation_valuatedpr_evaluator_id_574959e3_fk_authentic` (`evaluator_id`),
  ADD KEY `valuation_valuatedpr_property_type_id_fca4d3fa_fk_valuation` (`property_type_id`),
  ADD KEY `valuation_valuatedpr_status_id_0caa25c7_fk_valuation` (`status_id`);

--
-- Indexes for table `valuation_valuationapproach`
--
ALTER TABLE `valuation_valuationapproach`
  ADD PRIMARY KEY (`id`);

--
-- Indexes for table `valuation_valuationpurpose`
--
ALTER TABLE `valuation_valuationpurpose`
  ADD PRIMARY KEY (`id`);

--
-- Indexes for table `valuation_valuationsummary`
--
ALTER TABLE `valuation_valuationsummary`
  ADD PRIMARY KEY (`id`),
  ADD KEY `valuation_valuations_purpose_id_fb31533f_fk_valuation` (`purpose_id`),
  ADD KEY `valuation_valuations_ref_no_id_4b0d40ab_fk_valuation` (`ref_no_id`);

--
-- Indexes for table `valuation_valuationsummary_approach`
--
ALTER TABLE `valuation_valuationsummary_approach`
  ADD PRIMARY KEY (`id`),
  ADD UNIQUE KEY `valuation_valuationsumma_valuationsummary_id_valu_0c4aba1c_uniq` (`valuationsummary_id`,`valuationapproach_id`),
  ADD KEY `valuation_valuations_valuationapproach_id_c5941f96_fk_valuation` (`valuationapproach_id`);

--
-- AUTO_INCREMENT for dumped tables
--

--
-- AUTO_INCREMENT for table `authentication_user`
--
ALTER TABLE `authentication_user`
  MODIFY `id` bigint(20) NOT NULL AUTO_INCREMENT, AUTO_INCREMENT=3;

--
-- AUTO_INCREMENT for table `authentication_user_groups`
--
ALTER TABLE `authentication_user_groups`
  MODIFY `id` bigint(20) NOT NULL AUTO_INCREMENT;

--
-- AUTO_INCREMENT for table `authentication_user_user_permissions`
--
ALTER TABLE `authentication_user_user_permissions`
  MODIFY `id` bigint(20) NOT NULL AUTO_INCREMENT;

--
-- AUTO_INCREMENT for table `auth_group`
--
ALTER TABLE `auth_group`
  MODIFY `id` int(11) NOT NULL AUTO_INCREMENT;

--
-- AUTO_INCREMENT for table `auth_group_permissions`
--
ALTER TABLE `auth_group_permissions`
  MODIFY `id` bigint(20) NOT NULL AUTO_INCREMENT;

--
-- AUTO_INCREMENT for table `auth_permission`
--
ALTER TABLE `auth_permission`
  MODIFY `id` int(11) NOT NULL AUTO_INCREMENT, AUTO_INCREMENT=257;

--
-- AUTO_INCREMENT for table `dashboard_anexa`
--
ALTER TABLE `dashboard_anexa`
  MODIFY `id` bigint(20) NOT NULL AUTO_INCREMENT;

--
-- AUTO_INCREMENT for table `dashboard_area`
--
ALTER TABLE `dashboard_area`
  MODIFY `id` bigint(20) NOT NULL AUTO_INCREMENT, AUTO_INCREMENT=44;

--
-- AUTO_INCREMENT for table `dashboard_city`
--
ALTER TABLE `dashboard_city`
  MODIFY `id` bigint(20) NOT NULL AUTO_INCREMENT, AUTO_INCREMENT=14101;

--
-- AUTO_INCREMENT for table `dashboard_comparableproperty`
--
ALTER TABLE `dashboard_comparableproperty`
  MODIFY `id` bigint(20) NOT NULL AUTO_INCREMENT, AUTO_INCREMENT=5;

--
-- AUTO_INCREMENT for table `dashboard_comparabletable`
--
ALTER TABLE `dashboard_comparabletable`
  MODIFY `id` bigint(20) NOT NULL AUTO_INCREMENT, AUTO_INCREMENT=6;

--
-- AUTO_INCREMENT for table `dashboard_construction`
--
ALTER TABLE `dashboard_construction`
  MODIFY `id` bigint(20) NOT NULL AUTO_INCREMENT, AUTO_INCREMENT=3;

--
-- AUTO_INCREMENT for table `dashboard_customfieldfile`
--
ALTER TABLE `dashboard_customfieldfile`
  MODIFY `id` bigint(20) NOT NULL AUTO_INCREMENT, AUTO_INCREMENT=3;

--
-- AUTO_INCREMENT for table `dashboard_customfieldvalue`
--
ALTER TABLE `dashboard_customfieldvalue`
  MODIFY `id` bigint(20) NOT NULL AUTO_INCREMENT, AUTO_INCREMENT=3;

--
-- AUTO_INCREMENT for table `dashboard_evaluareform`
--
ALTER TABLE `dashboard_evaluareform`
  MODIFY `id` bigint(20) NOT NULL AUTO_INCREMENT, AUTO_INCREMENT=9;

--
-- AUTO_INCREMENT for table `dashboard_marketanalysis`
--
ALTER TABLE `dashboard_marketanalysis`
  MODIFY `id` bigint(20) NOT NULL AUTO_INCREMENT;

--
-- AUTO_INCREMENT for table `dashboard_photo`
--
ALTER TABLE `dashboard_photo`
  MODIFY `id` bigint(20) NOT NULL AUTO_INCREMENT, AUTO_INCREMENT=11;

--
-- AUTO_INCREMENT for table `dashboard_presentationdata`
--
ALTER TABLE `dashboard_presentationdata`
  MODIFY `id` bigint(20) NOT NULL AUTO_INCREMENT, AUTO_INCREMENT=2;

--
-- AUTO_INCREMENT for table `dashboard_residentialattr`
--
ALTER TABLE `dashboard_residentialattr`
  MODIFY `id` bigint(20) NOT NULL AUTO_INCREMENT, AUTO_INCREMENT=10;

--
-- AUTO_INCREMENT for table `dashboard_residentialattrfile`
--
ALTER TABLE `dashboard_residentialattrfile`
  MODIFY `id` bigint(20) NOT NULL AUTO_INCREMENT, AUTO_INCREMENT=9;

--
-- AUTO_INCREMENT for table `dashboard_residentialattrvalue`
--
ALTER TABLE `dashboard_residentialattrvalue`
  MODIFY `id` bigint(20) NOT NULL AUTO_INCREMENT, AUTO_INCREMENT=56;

--
-- AUTO_INCREMENT for table `dashboard_sourceofinformation`
--
ALTER TABLE `dashboard_sourceofinformation`
  MODIFY `id` bigint(20) NOT NULL AUTO_INCREMENT, AUTO_INCREMENT=8;

--
-- AUTO_INCREMENT for table `dashboard_suprafete`
--
ALTER TABLE `dashboard_suprafete`
  MODIFY `id` bigint(20) NOT NULL AUTO_INCREMENT, AUTO_INCREMENT=11;

--
-- AUTO_INCREMENT for table `dashboard_valuationsummary`
--
ALTER TABLE `dashboard_valuationsummary`
  MODIFY `id` bigint(20) NOT NULL AUTO_INCREMENT, AUTO_INCREMENT=2;

--
-- AUTO_INCREMENT for table `django_admin_log`
--
ALTER TABLE `django_admin_log`
  MODIFY `id` int(11) NOT NULL AUTO_INCREMENT, AUTO_INCREMENT=88;

--
-- AUTO_INCREMENT for table `django_content_type`
--
ALTER TABLE `django_content_type`
  MODIFY `id` int(11) NOT NULL AUTO_INCREMENT, AUTO_INCREMENT=65;

--
-- AUTO_INCREMENT for table `django_migrations`
--
ALTER TABLE `django_migrations`
  MODIFY `id` bigint(20) NOT NULL AUTO_INCREMENT, AUTO_INCREMENT=52;

--
-- AUTO_INCREMENT for table `valuation_additionalequipment`
--
ALTER TABLE `valuation_additionalequipment`
  MODIFY `id` bigint(20) NOT NULL AUTO_INCREMENT, AUTO_INCREMENT=3;

--
-- AUTO_INCREMENT for table `valuation_anexa1`
--
ALTER TABLE `valuation_anexa1`
  MODIFY `id` bigint(20) NOT NULL AUTO_INCREMENT, AUTO_INCREMENT=3;

--
-- AUTO_INCREMENT for table `valuation_anexa3`
--
ALTER TABLE `valuation_anexa3`
  MODIFY `id` bigint(20) NOT NULL AUTO_INCREMENT;

--
-- AUTO_INCREMENT for table `valuation_anexa4`
--
ALTER TABLE `valuation_anexa4`
  MODIFY `id` bigint(20) NOT NULL AUTO_INCREMENT;

--
-- AUTO_INCREMENT for table `valuation_area`
--
ALTER TABLE `valuation_area`
  MODIFY `id` bigint(20) NOT NULL AUTO_INCREMENT, AUTO_INCREMENT=43;

--
-- AUTO_INCREMENT for table `valuation_city`
--
ALTER TABLE `valuation_city`
  MODIFY `id` bigint(20) NOT NULL AUTO_INCREMENT, AUTO_INCREMENT=14101;

--
-- AUTO_INCREMENT for table `valuation_clousertype`
--
ALTER TABLE `valuation_clousertype`
  MODIFY `id` bigint(20) NOT NULL AUTO_INCREMENT, AUTO_INCREMENT=3;

--
-- AUTO_INCREMENT for table `valuation_comparableproperty`
--
ALTER TABLE `valuation_comparableproperty`
  MODIFY `id` bigint(20) NOT NULL AUTO_INCREMENT, AUTO_INCREMENT=9;

--
-- AUTO_INCREMENT for table `valuation_comparabletable`
--
ALTER TABLE `valuation_comparabletable`
  MODIFY `id` bigint(20) NOT NULL AUTO_INCREMENT, AUTO_INCREMENT=2;

--
-- AUTO_INCREMENT for table `valuation_compartimentare`
--
ALTER TABLE `valuation_compartimentare`
  MODIFY `id` bigint(20) NOT NULL AUTO_INCREMENT, AUTO_INCREMENT=12;

--
-- AUTO_INCREMENT for table `valuation_compartimentarevalue`
--
ALTER TABLE `valuation_compartimentarevalue`
  MODIFY `id` bigint(20) NOT NULL AUTO_INCREMENT, AUTO_INCREMENT=35;

--
-- AUTO_INCREMENT for table `valuation_compartmenttype`
--
ALTER TABLE `valuation_compartmenttype`
  MODIFY `id` bigint(20) NOT NULL AUTO_INCREMENT, AUTO_INCREMENT=5;

--
-- AUTO_INCREMENT for table `valuation_conformtype`
--
ALTER TABLE `valuation_conformtype`
  MODIFY `id` bigint(20) NOT NULL AUTO_INCREMENT, AUTO_INCREMENT=5;

--
-- AUTO_INCREMENT for table `valuation_construction`
--
ALTER TABLE `valuation_construction`
  MODIFY `id` bigint(20) NOT NULL AUTO_INCREMENT, AUTO_INCREMENT=5;

--
-- AUTO_INCREMENT for table `valuation_construction_utilities`
--
ALTER TABLE `valuation_construction_utilities`
  MODIFY `id` bigint(20) NOT NULL AUTO_INCREMENT, AUTO_INCREMENT=13;

--
-- AUTO_INCREMENT for table `valuation_customfieldvalue`
--
ALTER TABLE `valuation_customfieldvalue`
  MODIFY `id` bigint(20) NOT NULL AUTO_INCREMENT, AUTO_INCREMENT=5;

--
-- AUTO_INCREMENT for table `valuation_finishtype`
--
ALTER TABLE `valuation_finishtype`
  MODIFY `id` bigint(20) NOT NULL AUTO_INCREMENT, AUTO_INCREMENT=3;

--
-- AUTO_INCREMENT for table `valuation_floortype`
--
ALTER TABLE `valuation_floortype`
  MODIFY `id` bigint(20) NOT NULL AUTO_INCREMENT, AUTO_INCREMENT=3;

--
-- AUTO_INCREMENT for table `valuation_foundationtype`
--
ALTER TABLE `valuation_foundationtype`
  MODIFY `id` bigint(20) NOT NULL AUTO_INCREMENT, AUTO_INCREMENT=7;

--
-- AUTO_INCREMENT for table `valuation_heatingsystem`
--
ALTER TABLE `valuation_heatingsystem`
  MODIFY `id` bigint(20) NOT NULL AUTO_INCREMENT, AUTO_INCREMENT=4;

--
-- AUTO_INCREMENT for table `valuation_invelitoaretype`
--
ALTER TABLE `valuation_invelitoaretype`
  MODIFY `id` bigint(20) NOT NULL AUTO_INCREMENT, AUTO_INCREMENT=4;

--
-- AUTO_INCREMENT for table `valuation_marketanalysis`
--
ALTER TABLE `valuation_marketanalysis`
  MODIFY `id` bigint(20) NOT NULL AUTO_INCREMENT, AUTO_INCREMENT=3;

--
-- AUTO_INCREMENT for table `valuation_mobilatype`
--
ALTER TABLE `valuation_mobilatype`
  MODIFY `id` bigint(20) NOT NULL AUTO_INCREMENT, AUTO_INCREMENT=4;

--
-- AUTO_INCREMENT for table `valuation_mvbtable`
--
ALTER TABLE `valuation_mvbtable`
  MODIFY `id` bigint(20) NOT NULL AUTO_INCREMENT, AUTO_INCREMENT=2;

--
-- AUTO_INCREMENT for table `valuation_photo`
--
ALTER TABLE `valuation_photo`
  MODIFY `id` bigint(20) NOT NULL AUTO_INCREMENT, AUTO_INCREMENT=19;

--
-- AUTO_INCREMENT for table `valuation_presentationdata`
--
ALTER TABLE `valuation_presentationdata`
  MODIFY `id` bigint(20) NOT NULL AUTO_INCREMENT, AUTO_INCREMENT=2;

--
-- AUTO_INCREMENT for table `valuation_propertyrighttype`
--
ALTER TABLE `valuation_propertyrighttype`
  MODIFY `id` bigint(20) NOT NULL AUTO_INCREMENT, AUTO_INCREMENT=3;

--
-- AUTO_INCREMENT for table `valuation_propertytype`
--
ALTER TABLE `valuation_propertytype`
  MODIFY `id` bigint(20) NOT NULL AUTO_INCREMENT, AUTO_INCREMENT=2;

--
-- AUTO_INCREMENT for table `valuation_rooftype`
--
ALTER TABLE `valuation_rooftype`
  MODIFY `id` bigint(20) NOT NULL AUTO_INCREMENT, AUTO_INCREMENT=5;

--
-- AUTO_INCREMENT for table `valuation_screenshot`
--
ALTER TABLE `valuation_screenshot`
  MODIFY `id` bigint(20) NOT NULL AUTO_INCREMENT, AUTO_INCREMENT=4;

--
-- AUTO_INCREMENT for table `valuation_sourceofinformation`
--
ALTER TABLE `valuation_sourceofinformation`
  MODIFY `id` bigint(20) NOT NULL AUTO_INCREMENT, AUTO_INCREMENT=18;

--
-- AUTO_INCREMENT for table `valuation_status`
--
ALTER TABLE `valuation_status`
  MODIFY `id` bigint(20) NOT NULL AUTO_INCREMENT, AUTO_INCREMENT=5;

--
-- AUTO_INCREMENT for table `valuation_stradatype`
--
ALTER TABLE `valuation_stradatype`
  MODIFY `id` bigint(20) NOT NULL AUTO_INCREMENT, AUTO_INCREMENT=4;

--
-- AUTO_INCREMENT for table `valuation_structuretype`
--
ALTER TABLE `valuation_structuretype`
  MODIFY `id` bigint(20) NOT NULL AUTO_INCREMENT, AUTO_INCREMENT=7;

--
-- AUTO_INCREMENT for table `valuation_subcompartmenttype`
--
ALTER TABLE `valuation_subcompartmenttype`
  MODIFY `id` bigint(20) NOT NULL AUTO_INCREMENT, AUTO_INCREMENT=4;

--
-- AUTO_INCREMENT for table `valuation_summaryvalue`
--
ALTER TABLE `valuation_summaryvalue`
  MODIFY `id` bigint(20) NOT NULL AUTO_INCREMENT, AUTO_INCREMENT=15;

--
-- AUTO_INCREMENT for table `valuation_suprafete`
--
ALTER TABLE `valuation_suprafete`
  MODIFY `id` bigint(20) NOT NULL AUTO_INCREMENT, AUTO_INCREMENT=53;

--
-- AUTO_INCREMENT for table `valuation_transport`
--
ALTER TABLE `valuation_transport`
  MODIFY `id` bigint(20) NOT NULL AUTO_INCREMENT, AUTO_INCREMENT=4;

--
-- AUTO_INCREMENT for table `valuation_utility`
--
ALTER TABLE `valuation_utility`
  MODIFY `id` bigint(20) NOT NULL AUTO_INCREMENT, AUTO_INCREMENT=5;

--
-- AUTO_INCREMENT for table `valuation_valuatedproperty`
--
ALTER TABLE `valuation_valuatedproperty`
  MODIFY `id` bigint(20) NOT NULL AUTO_INCREMENT, AUTO_INCREMENT=5;

--
-- AUTO_INCREMENT for table `valuation_valuationapproach`
--
ALTER TABLE `valuation_valuationapproach`
  MODIFY `id` bigint(20) NOT NULL AUTO_INCREMENT, AUTO_INCREMENT=3;

--
-- AUTO_INCREMENT for table `valuation_valuationpurpose`
--
ALTER TABLE `valuation_valuationpurpose`
  MODIFY `id` bigint(20) NOT NULL AUTO_INCREMENT, AUTO_INCREMENT=4;

--
-- AUTO_INCREMENT for table `valuation_valuationsummary`
--
ALTER TABLE `valuation_valuationsummary`
  MODIFY `id` bigint(20) NOT NULL AUTO_INCREMENT, AUTO_INCREMENT=4;

--
-- AUTO_INCREMENT for table `valuation_valuationsummary_approach`
--
ALTER TABLE `valuation_valuationsummary_approach`
  MODIFY `id` bigint(20) NOT NULL AUTO_INCREMENT;

--
-- Constraints for dumped tables
--

--
-- Constraints for table `authentication_user_groups`
--
ALTER TABLE `authentication_user_groups`
  ADD CONSTRAINT `authentication_user__user_id_30868577_fk_authentic` FOREIGN KEY (`user_id`) REFERENCES `authentication_user` (`id`),
  ADD CONSTRAINT `authentication_user_groups_group_id_6b5c44b7_fk_auth_group_id` FOREIGN KEY (`group_id`) REFERENCES `auth_group` (`id`);

--
-- Constraints for table `authentication_user_user_permissions`
--
ALTER TABLE `authentication_user_user_permissions`
  ADD CONSTRAINT `authentication_user__permission_id_ea6be19a_fk_auth_perm` FOREIGN KEY (`permission_id`) REFERENCES `auth_permission` (`id`),
  ADD CONSTRAINT `authentication_user__user_id_736ebf7e_fk_authentic` FOREIGN KEY (`user_id`) REFERENCES `authentication_user` (`id`);

--
-- Constraints for table `auth_group_permissions`
--
ALTER TABLE `auth_group_permissions`
  ADD CONSTRAINT `auth_group_permissio_permission_id_84c5c92e_fk_auth_perm` FOREIGN KEY (`permission_id`) REFERENCES `auth_permission` (`id`),
  ADD CONSTRAINT `auth_group_permissions_group_id_b120cbf9_fk_auth_group_id` FOREIGN KEY (`group_id`) REFERENCES `auth_group` (`id`);

--
-- Constraints for table `auth_permission`
--
ALTER TABLE `auth_permission`
  ADD CONSTRAINT `auth_permission_content_type_id_2f476e4b_fk_django_co` FOREIGN KEY (`content_type_id`) REFERENCES `django_content_type` (`id`);

--
-- Constraints for table `dashboard_anexa`
--
ALTER TABLE `dashboard_anexa`
  ADD CONSTRAINT `dashboard_anexa_ref_no_id_6c0c2935_fk_dashboard_evaluareform_id` FOREIGN KEY (`ref_no_id`) REFERENCES `dashboard_evaluareform` (`id`);

--
-- Constraints for table `dashboard_city`
--
ALTER TABLE `dashboard_city`
  ADD CONSTRAINT `dashboard_city_area_id_f09c0155_fk_dashboard_area_id` FOREIGN KEY (`area_id`) REFERENCES `dashboard_area` (`id`);

--
-- Constraints for table `dashboard_comparableproperty`
--
ALTER TABLE `dashboard_comparableproperty`
  ADD CONSTRAINT `dashboard_comparable_ref_no_id_21094c9e_fk_dashboard` FOREIGN KEY (`ref_no_id`) REFERENCES `dashboard_evaluareform` (`id`);

--
-- Constraints for table `dashboard_comparabletable`
--
ALTER TABLE `dashboard_comparabletable`
  ADD CONSTRAINT `dashboard_comparable_comparable_id_e2b516e9_fk_dashboard` FOREIGN KEY (`comparable_id`) REFERENCES `dashboard_comparableproperty` (`id`),
  ADD CONSTRAINT `dashboard_comparable_ref_no_id_a4fe8a55_fk_dashboard` FOREIGN KEY (`ref_no_id`) REFERENCES `dashboard_evaluareform` (`id`);

--
-- Constraints for table `dashboard_construction`
--
ALTER TABLE `dashboard_construction`
  ADD CONSTRAINT `dashboard_constructi_ref_no_id_be9f1892_fk_dashboard` FOREIGN KEY (`ref_no_id`) REFERENCES `dashboard_evaluareform` (`id`);

--
-- Constraints for table `dashboard_customfieldfile`
--
ALTER TABLE `dashboard_customfieldfile`
  ADD CONSTRAINT `dashboard_customfiel_attr_id_id_74cca1d2_fk_dashboard` FOREIGN KEY (`attr_id_id`) REFERENCES `dashboard_customfieldvalue` (`id`),
  ADD CONSTRAINT `dashboard_customfiel_ref_no_id_35a908a3_fk_dashboard` FOREIGN KEY (`ref_no_id`) REFERENCES `dashboard_evaluareform` (`id`);

--
-- Constraints for table `dashboard_customfieldvalue`
--
ALTER TABLE `dashboard_customfieldvalue`
  ADD CONSTRAINT `dashboard_customfiel_ref_no_id_522675ce_fk_dashboard` FOREIGN KEY (`ref_no_id`) REFERENCES `dashboard_evaluareform` (`id`);

--
-- Constraints for table `dashboard_evaluareform`
--
ALTER TABLE `dashboard_evaluareform`
  ADD CONSTRAINT `dashboard_evaluarefo_valuatate_by_id_f9a79763_fk_authentic` FOREIGN KEY (`valuatate_by_id`) REFERENCES `authentication_user` (`id`),
  ADD CONSTRAINT `dashboard_evaluareform_city_id_59b37203_fk_dashboard_city_id` FOREIGN KEY (`city_id`) REFERENCES `dashboard_city` (`id`);

--
-- Constraints for table `dashboard_marketanalysis`
--
ALTER TABLE `dashboard_marketanalysis`
  ADD CONSTRAINT `dashboard_marketanal_ref_no_id_c91f7c17_fk_dashboard` FOREIGN KEY (`ref_no_id`) REFERENCES `dashboard_evaluareform` (`id`);

--
-- Constraints for table `dashboard_photo`
--
ALTER TABLE `dashboard_photo`
  ADD CONSTRAINT `dashboard_photo_ref_no_id_9964edc6_fk_dashboard_evaluareform_id` FOREIGN KEY (`ref_no_id`) REFERENCES `dashboard_evaluareform` (`id`);

--
-- Constraints for table `dashboard_presentationdata`
--
ALTER TABLE `dashboard_presentationdata`
  ADD CONSTRAINT `dashboard_presentati_ref_no_id_def18aca_fk_dashboard` FOREIGN KEY (`ref_no_id`) REFERENCES `dashboard_evaluareform` (`id`);

--
-- Constraints for table `dashboard_residentialattrfile`
--
ALTER TABLE `dashboard_residentialattrfile`
  ADD CONSTRAINT `dashboard_residentia_attr_id_id_92cc5b05_fk_dashboard` FOREIGN KEY (`attr_id_id`) REFERENCES `dashboard_residentialattr` (`id`),
  ADD CONSTRAINT `dashboard_residentia_ref_no_id_d7052de8_fk_dashboard` FOREIGN KEY (`ref_no_id`) REFERENCES `dashboard_evaluareform` (`id`);

--
-- Constraints for table `dashboard_residentialattrvalue`
--
ALTER TABLE `dashboard_residentialattrvalue`
  ADD CONSTRAINT `dashboard_residentia_attr_id_id_374493da_fk_dashboard` FOREIGN KEY (`attr_id_id`) REFERENCES `dashboard_residentialattr` (`id`),
  ADD CONSTRAINT `dashboard_residentia_ref_no_id_453424b7_fk_dashboard` FOREIGN KEY (`ref_no_id`) REFERENCES `dashboard_evaluareform` (`id`);

--
-- Constraints for table `dashboard_sourceofinformation`
--
ALTER TABLE `dashboard_sourceofinformation`
  ADD CONSTRAINT `dashboard_sourceofin_ref_no_id_f1a0e518_fk_dashboard` FOREIGN KEY (`ref_no_id`) REFERENCES `dashboard_evaluareform` (`id`);

--
-- Constraints for table `dashboard_suprafete`
--
ALTER TABLE `dashboard_suprafete`
  ADD CONSTRAINT `dashboard_suprafete_ref_no_id_1ada15e6_fk_dashboard` FOREIGN KEY (`ref_no_id`) REFERENCES `dashboard_evaluareform` (`id`);

--
-- Constraints for table `dashboard_valuationsummary`
--
ALTER TABLE `dashboard_valuationsummary`
  ADD CONSTRAINT `dashboard_valuations_ref_no_id_10e3e0a7_fk_dashboard` FOREIGN KEY (`ref_no_id`) REFERENCES `dashboard_evaluareform` (`id`);

--
-- Constraints for table `django_admin_log`
--
ALTER TABLE `django_admin_log`
  ADD CONSTRAINT `django_admin_log_content_type_id_c4bce8eb_fk_django_co` FOREIGN KEY (`content_type_id`) REFERENCES `django_content_type` (`id`),
  ADD CONSTRAINT `django_admin_log_user_id_c564eba6_fk_authentication_user_id` FOREIGN KEY (`user_id`) REFERENCES `authentication_user` (`id`);

--
-- Constraints for table `valuation_city`
--
ALTER TABLE `valuation_city`
  ADD CONSTRAINT `valuation_city_area_id_63d6712a_fk_valuation_area_id` FOREIGN KEY (`area_id`) REFERENCES `valuation_area` (`id`);

--
-- Constraints for table `valuation_comparableproperty`
--
ALTER TABLE `valuation_comparableproperty`
  ADD CONSTRAINT `valuation_comparable_ref_no_id_2b1e1d1d_fk_valuation` FOREIGN KEY (`ref_no_id`) REFERENCES `valuation_valuatedproperty` (`id`);

--
-- Constraints for table `valuation_comparabletable`
--
ALTER TABLE `valuation_comparabletable`
  ADD CONSTRAINT `valuation_comparable_ref_no_id_4e3b8b7f_fk_valuation` FOREIGN KEY (`ref_no_id`) REFERENCES `valuation_valuatedproperty` (`id`);

--
-- Constraints for table `valuation_compartimentare`
--
ALTER TABLE `valuation_compartimentare`
  ADD CONSTRAINT `valuation_compartime_property_type_id_622a10fa_fk_valuation` FOREIGN KEY (`property_type_id`) REFERENCES `valuation_propertytype` (`id`);

--
-- Constraints for table `valuation_compartimentarevalue`
--
ALTER TABLE `valuation_compartimentarevalue`
  ADD CONSTRAINT `valuation_compartime_attr_id_id_34a845d3_fk_valuation` FOREIGN KEY (`attr_id_id`) REFERENCES `valuation_compartimentare` (`id`),
  ADD CONSTRAINT `valuation_compartime_ref_no_id_09d99e96_fk_valuation` FOREIGN KEY (`ref_no_id`) REFERENCES `valuation_valuatedproperty` (`id`);

--
-- Constraints for table `valuation_construction`
--
ALTER TABLE `valuation_construction`
  ADD CONSTRAINT `valuation_constructi_closure_id_81e8c4bd_fk_valuation` FOREIGN KEY (`closure_id`) REFERENCES `valuation_clousertype` (`id`),
  ADD CONSTRAINT `valuation_constructi_conform_id_407ca0cc_fk_valuation` FOREIGN KEY (`conform_id`) REFERENCES `valuation_conformtype` (`id`),
  ADD CONSTRAINT `valuation_constructi_finish_id_6afa487f_fk_valuation` FOREIGN KEY (`finish_id`) REFERENCES `valuation_finishtype` (`id`),
  ADD CONSTRAINT `valuation_constructi_floors_id_d7611c44_fk_valuation` FOREIGN KEY (`floors_id`) REFERENCES `valuation_floortype` (`id`),
  ADD CONSTRAINT `valuation_constructi_foundation_id_45dac7ed_fk_valuation` FOREIGN KEY (`foundation_id`) REFERENCES `valuation_foundationtype` (`id`),
  ADD CONSTRAINT `valuation_constructi_invelitoare_id_25d3a6d4_fk_valuation` FOREIGN KEY (`invelitoare_id`) REFERENCES `valuation_invelitoaretype` (`id`),
  ADD CONSTRAINT `valuation_constructi_ref_no_id_8cee85c8_fk_valuation` FOREIGN KEY (`ref_no_id`) REFERENCES `valuation_valuatedproperty` (`id`),
  ADD CONSTRAINT `valuation_constructi_structure_id_a5511aae_fk_valuation` FOREIGN KEY (`structure_id`) REFERENCES `valuation_structuretype` (`id`),
  ADD CONSTRAINT `valuation_constructi_subcompartment_id_07d86b9f_fk_valuation` FOREIGN KEY (`subcompartment_id`) REFERENCES `valuation_subcompartmenttype` (`id`),
  ADD CONSTRAINT `valuation_construction_roof_id_464fe8da_fk_valuation_rooftype_id` FOREIGN KEY (`roof_id`) REFERENCES `valuation_rooftype` (`id`);

--
-- Constraints for table `valuation_construction_utilities`
--
ALTER TABLE `valuation_construction_utilities`
  ADD CONSTRAINT `valuation_constructi_construction_id_45d9913f_fk_valuation` FOREIGN KEY (`construction_id`) REFERENCES `valuation_construction` (`id`),
  ADD CONSTRAINT `valuation_constructi_utility_id_216b1a2d_fk_valuation` FOREIGN KEY (`utility_id`) REFERENCES `valuation_utility` (`id`);

--
-- Constraints for table `valuation_customfieldvalue`
--
ALTER TABLE `valuation_customfieldvalue`
  ADD CONSTRAINT `valuation_customfiel_ref_no_id_1faf1e19_fk_valuation` FOREIGN KEY (`ref_no_id`) REFERENCES `valuation_valuatedproperty` (`id`);

--
-- Constraints for table `valuation_marketanalysis`
--
ALTER TABLE `valuation_marketanalysis`
  ADD CONSTRAINT `valuation_marketanal_ref_no_id_b4525dcb_fk_valuation` FOREIGN KEY (`ref_no_id`) REFERENCES `valuation_valuatedproperty` (`id`);

--
-- Constraints for table `valuation_mvbtable`
--
ALTER TABLE `valuation_mvbtable`
  ADD CONSTRAINT `valuation_mvbtable_ref_no_id_8fdff27f_fk_valuation` FOREIGN KEY (`ref_no_id`) REFERENCES `valuation_valuatedproperty` (`id`);

--
-- Constraints for table `valuation_photo`
--
ALTER TABLE `valuation_photo`
  ADD CONSTRAINT `valuation_photo_ref_no_id_79a41814_fk_valuation` FOREIGN KEY (`ref_no_id`) REFERENCES `valuation_valuatedproperty` (`id`);

--
-- Constraints for table `valuation_presentationdata`
--
ALTER TABLE `valuation_presentationdata`
  ADD CONSTRAINT `valuation_presentati_ref_no_id_603adfe7_fk_valuation` FOREIGN KEY (`ref_no_id`) REFERENCES `valuation_valuatedproperty` (`id`),
  ADD CONSTRAINT `valuation_presentati_strada_id_7e08e261_fk_valuation` FOREIGN KEY (`strada_id`) REFERENCES `valuation_stradatype` (`id`);

--
-- Constraints for table `valuation_sourceofinformation`
--
ALTER TABLE `valuation_sourceofinformation`
  ADD CONSTRAINT `valuation_sourceofin_ref_no_id_01eee685_fk_valuation` FOREIGN KEY (`ref_no_id`) REFERENCES `valuation_valuatedproperty` (`id`);

--
-- Constraints for table `valuation_summaryvalue`
--
ALTER TABLE `valuation_summaryvalue`
  ADD CONSTRAINT `valuation_summaryval_summary_id_537c90f2_fk_valuation` FOREIGN KEY (`summary_id`) REFERENCES `valuation_valuationsummary` (`id`);

--
-- Constraints for table `valuation_suprafete`
--
ALTER TABLE `valuation_suprafete`
  ADD CONSTRAINT `valuation_suprafete_ref_no_id_c4919441_fk_valuation` FOREIGN KEY (`ref_no_id`) REFERENCES `valuation_valuatedproperty` (`id`);

--
-- Constraints for table `valuation_valuatedproperty`
--
ALTER TABLE `valuation_valuatedproperty`
  ADD CONSTRAINT `valuation_valuatedpr_compartment_type_id_376655d5_fk_valuation` FOREIGN KEY (`compartment_type_id`) REFERENCES `valuation_compartmenttype` (`id`),
  ADD CONSTRAINT `valuation_valuatedpr_evaluator_id_574959e3_fk_authentic` FOREIGN KEY (`evaluator_id`) REFERENCES `authentication_user` (`id`),
  ADD CONSTRAINT `valuation_valuatedpr_property_type_id_fca4d3fa_fk_valuation` FOREIGN KEY (`property_type_id`) REFERENCES `valuation_propertytype` (`id`),
  ADD CONSTRAINT `valuation_valuatedpr_status_id_0caa25c7_fk_valuation` FOREIGN KEY (`status_id`) REFERENCES `valuation_status` (`id`),
  ADD CONSTRAINT `valuation_valuatedproperty_area_id_97ca31f7_fk_valuation_area_id` FOREIGN KEY (`area_id`) REFERENCES `valuation_area` (`id`),
  ADD CONSTRAINT `valuation_valuatedproperty_city_id_3fc4425f_fk_valuation_city_id` FOREIGN KEY (`city_id`) REFERENCES `valuation_city` (`id`);

--
-- Constraints for table `valuation_valuationsummary`
--
ALTER TABLE `valuation_valuationsummary`
  ADD CONSTRAINT `valuation_valuations_purpose_id_fb31533f_fk_valuation` FOREIGN KEY (`purpose_id`) REFERENCES `valuation_valuationpurpose` (`id`),
  ADD CONSTRAINT `valuation_valuations_ref_no_id_4b0d40ab_fk_valuation` FOREIGN KEY (`ref_no_id`) REFERENCES `valuation_valuatedproperty` (`id`);

--
-- Constraints for table `valuation_valuationsummary_approach`
--
ALTER TABLE `valuation_valuationsummary_approach`
  ADD CONSTRAINT `valuation_valuations_valuationapproach_id_c5941f96_fk_valuation` FOREIGN KEY (`valuationapproach_id`) REFERENCES `valuation_valuationapproach` (`id`),
  ADD CONSTRAINT `valuation_valuations_valuationsummary_id_e5c33e23_fk_valuation` FOREIGN KEY (`valuationsummary_id`) REFERENCES `valuation_valuationsummary` (`id`);
COMMIT;

/*!40101 SET CHARACTER_SET_CLIENT=@OLD_CHARACTER_SET_CLIENT */;
/*!40101 SET CHARACTER_SET_RESULTS=@OLD_CHARACTER_SET_RESULTS */;
/*!40101 SET COLLATION_CONNECTION=@OLD_COLLATION_CONNECTION */;
